[MVP0] REPORT_BUILD_TAG = probe-20260321-v1 
[MVP0] REPORT_SOURCE = @D:\Lua Developer\mvp0_candidate_report.lua 
[FUNC] MVP0.score_base_candidate -> source=D:\Lua Developer\mvp0_candidate_report.lua line=1661 
[FUNC] MVP0.apply_rank_adjustments -> source=D:\Lua Developer\mvp0_candidate_report.lua line=2258 
[FUNC] MVP0.render_report -> source=D:\Lua Developer\mvp0_candidate_report.lua line=2735 
[FUNC] MVP0.compute_one_sided_anchorless_split_penalty -> source=D:\Lua Developer\mvp0_candidate_report.lua line=2240 
=== collector_stats === 
raw_count              = 13194 
scanned_count          = 8000 
unique_count           = 8000 
filtered_count         = 5391 
prescored_count        = 5391 
selected_count         = 100 
selection_strategy     = prescore_diverse_top_scored 
=== truth_probe_flags === 
true_in_full_foundlist_checked = false 
true_in_full_foundlist = nil 
true_in_full_foundlist_observed = skipped 
true_in_raw            = true 
true_in_unique         = true 
true_in_filtered       = true 
true_in_prescored      = true 
true_in_selected       = true 
=== extra_probe_debug === 
known_true_addr        = 0x2D8061C8D48 
true_foundlist_index   = nil 
probe_window_radius    = 256 
raw_probe_full_foundlist_enabled = false 
raw_probe_used         = 0 
known_true_raw_admission_path = fill_from_remaining 
=== truth_probe_logs === 
01: [full_foundlist] probe_full_foundlist disabled, full-foundlist truth probe skipped 
02: [raw_admission] probe window safety net disabled for this raw admission pass 
03: [raw_admission] strategy=hybrid even=5600/5600 structure=82/1200 neighborhood=438/1200 fill=1880/0 probe=0/0 total=8000/8000 
04: [raw_admission] source_counts even=5600 structure=82 neighborhood=438 fill=1880 probe=0 scout=4800 eligible=357 
05: [raw_admission] read_fail_count=0 neighbor_dedup_drops=730 last_read_fail_candidate=nil 
06: [raw_admission] reject_counts duplicate_heavy=5, insufficient_nonzero=2007, neighborhood_duplicate=730, not_target_match=1599, pointerless=18, small_int_heavy=4, structure_already_selected=56, structure_signature_cap=219, weak_pointer_regions=801, weak_structure_signal=9 
07: [raw] known_true_addr admitted into raw set 
08: [raw_admission] known_true_addr raw admission path = fill_from_remaining 
=== known_true_debug === 
known_true_rank_position = 1 
known_true_base_score  = 40 
known_true_final_score = 43 
known_true_tie_break_vector = final=43|family=1|pointer=5|isolated=0|blob=3|scalar=0|text=0|clone=0|mirror=0|neg=0|addr=0x2D8061C8D48 
=== report_text === 
=== Session Summary ===
Session: collector-retest-wide-2
Candidates: 100
Target value pattern: 0x42C80000
Target value float: 100.0
Best candidate: 0x2D8061C8D48
Best base: 0x2D8061C8D20
Best score: 43
Second score: 42
Score gap: 1
Confidence: LOW
Manual review: true
=======================

=== Recommendation ===
Recommendation: REVIEW
Confidence: LOW
Manual review required: true
Recommended value addr: 0x2D8061C8D48
Recommended base addr : 0x2D8061C8D20
Recommended score     : 43
Rationale: best candidate has object-like structure; best candidate has a coherent pointer layout; best candidate triggered code-blob penalty 3; score gap over second place is 1; manual review is recommended before acting on this candidate
======================

--- Candidate #1 ---
value_addr = 0x2D8061C8D48
base_addr  = 0x2D8061C8D20
f08 = 0x04EAAA20
f18 = 0x06EEFFE0
f20 = 0x06EEFFA0
f28 = 0x42C80000 (100.0)
f58 = 0x24B3C8F3
f68 = 0x06E4D0C0
f70 = 0x06E4D090
f78 = 0x06E4D1B0
rank_position = 1
base_score = 40
prescore_score = 40
final_score = 43
total adjustment = 3
score = 43
hard_pass = true
flags = target_match, strong_front_block, strong_tail_block, object_like, pointer_balanced, pointer_diverse, coherent_pointer_layout, strong_structure_layout, code_blob_like
score_breakdown = +10 target_match; +2 f08_nonzero; +2 f08_not_floatlike; +2 f18_nonzero; +2 f18_not_floatlike; +2 f20_nonzero; +2 f20_not_floatlike; +2 f68_nonzero; +2 f68_not_floatlike; +2 f70_nonzero; +2 f70_not_floatlike; +2 f78_nonzero; +2 f78_not_floatlike; +3 f58_nonzero; +2 f58_not_floatlike; +1 legacy_pointer_balanced_compat; +5 pointer_reward; +1 strong_structure_bonus; -3 code_blob_penalty
code_blob_score = 40
code_blob_penalty = 3
scalar_block_score = 0
scalar_block_penalty = 0
text_block_score = 0
text_block_penalty = 0
template_family_id = cls:APPXPPP|layout:front_tail_split|fptr:3+|tptr:3+|align:3+|preg:3+|dom:3|fns:1|tns:1|scalar:0|text:0|blob:high|mirror:0
clone_family_id = layout:front_tail_split|fptr:3+|tptr:3+|align:3+|preg:3+|dom:3|fns:1|tns:1|scalar:0|text:0|blob:high|mirror:0
template_family_size = 1
clone_penalty = 0
mirrored_penalty = 0
pointer_reward = 5
strong_structure_bonus = 1
sparse_anchor_tail_penalty = 0
anchored_fragmented_split_penalty = 0
one_sided_anchorless_split_penalty = 0
anchorless_partial_split_penalty = 0
isolated_split_penalty = 0
pointer_alignment_count = 6
pointer_region_count = 3
pointer_fields = f08, f18, f20, f68, f70, f78
pointer_cluster_count = 3
front_cluster_count = 2
tail_cluster_count = 1
front_non_singleton_cluster_count = 1
tail_non_singleton_cluster_count = 1
dominant_cluster_size = 3
cluster_layout = front_tail_split
has_valid_anchor = true
dominant_cluster_covers_majority = false
isolated_split_like = false
tie_break_vector = final=43|family=1|pointer=5|isolated=0|blob=3|scalar=0|text=0|clone=0|mirror=0|neg=0|addr=0x2D8061C8D48
rank_reason = pointer reward favored front_tail_split cluster layout; strong structure bonus favored anchored two-sided split layout with dense pointer support; blob penalty capped at mild by split-cluster safeguard
positive = target value matches, f08 nonzero, f08 not float-like, f18 nonzero, f18 not float-like, f20 nonzero, f20 not float-like, f68 nonzero, f68 not float-like, f70 nonzero, f70 not float-like, f78 nonzero, f78 not float-like, f58 nonzero, f58 not float-like, front metadata present, tail reference block present
negative = none

--- Candidate #2 ---
value_addr = 0x2D80391457C
base_addr  = 0x2D803914554
f08 = 0x08998530
f18 = 0xC3C81D7E
f20 = 0x04A88530
f28 = 0x42C80000 (100.0)
f58 = 0x43C81D7D
f68 = 0x063E49E0
f70 = 0x063ED3B0
f78 = 0x01D9D3B0
rank_position = 2
base_score = 40
prescore_score = 40
final_score = 42
total adjustment = 2
score = 42
hard_pass = true
flags = target_match, strong_front_block, strong_tail_block, object_like, pointer_balanced, pointer_diverse, coherent_pointer_layout
score_breakdown = +10 target_match; +2 f08_nonzero; +2 f08_not_floatlike; +2 f18_nonzero; +2 f18_not_floatlike; +2 f20_nonzero; +2 f20_not_floatlike; +2 f68_nonzero; +2 f68_not_floatlike; +2 f70_nonzero; +2 f70_not_floatlike; +2 f78_nonzero; +2 f78_not_floatlike; +3 f58_nonzero; +2 f58_not_floatlike; +1 legacy_pointer_balanced_compat; +2 pointer_reward
code_blob_score = 2
code_blob_penalty = 0
scalar_block_score = 0
scalar_block_penalty = 0
text_block_score = 0
text_block_penalty = 0
template_family_id = cls:AXDXPPD|layout:front_tail_split|fptr:1|tptr:2|align:3+|preg:2|dom:2|fns:0|tns:1|scalar:0|text:0|blob:0|mirror:0
clone_family_id = layout:front_tail_split|fptr:1|tptr:2|align:3+|preg:2|dom:2|fns:0|tns:1|scalar:0|text:0|blob:0|mirror:0
template_family_size = 1
clone_penalty = 0
mirrored_penalty = 0
pointer_reward = 2
strong_structure_bonus = 0
sparse_anchor_tail_penalty = 0
anchored_fragmented_split_penalty = 0
one_sided_anchorless_split_penalty = 0
anchorless_partial_split_penalty = 0
isolated_split_penalty = 0
pointer_alignment_count = 3
pointer_region_count = 2
pointer_fields = f08, f68, f70
pointer_cluster_count = 4
front_cluster_count = 2
tail_cluster_count = 2
front_non_singleton_cluster_count = 0
tail_non_singleton_cluster_count = 1
dominant_cluster_size = 2
cluster_layout = front_tail_split
has_valid_anchor = true
dominant_cluster_covers_majority = false
isolated_split_like = false
tie_break_vector = final=42|family=1|pointer=2|isolated=0|blob=0|scalar=0|text=0|clone=0|mirror=0|neg=0|addr=0x2D80391457C
rank_reason = pointer reward favored front_tail_split cluster layout
positive = target value matches, f08 nonzero, f08 not float-like, f18 nonzero, f18 not float-like, f20 nonzero, f20 not float-like, f68 nonzero, f68 not float-like, f70 nonzero, f70 not float-like, f78 nonzero, f78 not float-like, f58 nonzero, f58 not float-like, front metadata present, tail reference block present
negative = none

--- Candidate #3 ---
value_addr = 0x2D40A2EEF60
base_addr  = 0x2D40A2EEF38
f08 = 0x20000237
f18 = 0x38B26A00
f20 = 0x02381020
f28 = 0x42C80000 (100.0)
f58 = 0x206A00F0
f68 = 0x00420720
f70 = 0x37004207
f78 = 0x02380F20
rank_position = 3
base_score = 40
prescore_score = 40
final_score = 37
total adjustment = -3
score = 37
hard_pass = true
flags = target_match, strong_front_block, strong_tail_block, object_like, pointer_balanced, pointer_diverse, coherent_pointer_layout, sparse_anchor_tail_like, code_blob_like
score_breakdown = +10 target_match; +2 f08_nonzero; +2 f08_not_floatlike; +2 f18_nonzero; +2 f18_not_floatlike; +2 f20_nonzero; +2 f20_not_floatlike; +2 f68_nonzero; +2 f68_not_floatlike; +2 f70_nonzero; +2 f70_not_floatlike; +2 f78_nonzero; +2 f78_not_floatlike; +3 f58_nonzero; +2 f58_not_floatlike; +1 legacy_pointer_balanced_compat; +3 pointer_reward; -3 sparse_anchor_tail_penalty; -3 code_blob_penalty
code_blob_score = 7
code_blob_penalty = 3
scalar_block_score = 2
scalar_block_penalty = 0
text_block_score = 0
text_block_penalty = 0
template_family_id = cls:XDPADXP|layout:anchor_plus_tail_cluster|fptr:1|tptr:1|align:3+|preg:2|dom:2|fns:1|tns:1|scalar:0|text:0|blob:low|mirror:0
clone_family_id = layout:anchor_plus_tail_cluster|fptr:1|tptr:1|align:3+|preg:2|dom:2|fns:1|tns:1|scalar:0|text:0|blob:low|mirror:0
template_family_size = 1
clone_penalty = 0
mirrored_penalty = 0
pointer_reward = 3
strong_structure_bonus = 0
sparse_anchor_tail_penalty = 3
anchored_fragmented_split_penalty = 0
one_sided_anchorless_split_penalty = 0
anchorless_partial_split_penalty = 0
isolated_split_penalty = 0
pointer_alignment_count = 3
pointer_region_count = 2
pointer_fields = f20, f58, f78
pointer_cluster_count = 3
front_cluster_count = 2
tail_cluster_count = 2
front_non_singleton_cluster_count = 1
tail_non_singleton_cluster_count = 1
dominant_cluster_size = 2
cluster_layout = anchor_plus_tail_cluster
has_valid_anchor = true
dominant_cluster_covers_majority = false
isolated_split_like = false
tie_break_vector = final=37|family=1|pointer=3|isolated=0|blob=3|scalar=0|text=0|clone=0|mirror=0|neg=0|addr=0x2D40A2EEF60
rank_reason = pointer reward favored anchor_plus_tail_cluster cluster layout; sparse anchor-plus-tail penalty fired on weak anchor-plus-tail layout with only sparse pointer support; blob penalty capped at mild by split-cluster safeguard
positive = target value matches, f08 nonzero, f08 not float-like, f18 nonzero, f18 not float-like, f20 nonzero, f20 not float-like, f68 nonzero, f68 not float-like, f70 nonzero, f70 not float-like, f78 nonzero, f78 not float-like, f58 nonzero, f58 not float-like, front metadata present, tail reference block present
negative = none

--- Candidate #4 ---
value_addr = 0x2D40A0C44C8
base_addr  = 0x2D40A0C44A0
f08 = 0x43012008
f18 = 0x02380000
f20 = 0x0238B208
f28 = 0x42C80000 (100.0)
f58 = 0x02370802
f68 = 0x41000228
f70 = 0x41002003
f78 = 0x00004300
rank_position = 4
base_score = 40
prescore_score = 40
final_score = 37
total adjustment = -3
score = 37
hard_pass = true
flags = target_match, strong_front_block, strong_tail_block, object_like, pointer_balanced, pointer_diverse, coherent_pointer_layout, one_sided_anchorless_split_like, anchorless_partial_split_like
score_breakdown = +10 target_match; +2 f08_nonzero; +2 f08_not_floatlike; +2 f18_nonzero; +2 f18_not_floatlike; +2 f20_nonzero; +2 f20_not_floatlike; +2 f68_nonzero; +2 f68_not_floatlike; +2 f70_nonzero; +2 f70_not_floatlike; +2 f78_nonzero; +2 f78_not_floatlike; +3 f58_nonzero; +2 f58_not_floatlike; +1 legacy_pointer_balanced_compat; +1 pointer_reward; -2 one_sided_anchorless_split_penalty; -2 anchorless_partial_split_penalty
code_blob_score = 2
code_blob_penalty = 0
scalar_block_score = 4
scalar_block_penalty = 0
text_block_score = 0
text_block_penalty = 0
template_family_id = cls:DPPXPXX|layout:front_tail_split|fptr:2|tptr:1|align:3+|preg:2|dom:2|fns:1|tns:0|scalar:0|text:0|blob:0|mirror:0
clone_family_id = layout:front_tail_split|fptr:2|tptr:1|align:3+|preg:2|dom:2|fns:1|tns:0|scalar:0|text:0|blob:0|mirror:0
template_family_size = 1
clone_penalty = 0
mirrored_penalty = 0
pointer_reward = 1
strong_structure_bonus = 0
sparse_anchor_tail_penalty = 0
anchored_fragmented_split_penalty = 0
one_sided_anchorless_split_penalty = 2
anchorless_partial_split_penalty = 2
isolated_split_penalty = 0
pointer_alignment_count = 3
pointer_region_count = 2
pointer_fields = f18, f20, f68
pointer_cluster_count = 3
front_cluster_count = 2
tail_cluster_count = 1
front_non_singleton_cluster_count = 1
tail_non_singleton_cluster_count = 0
dominant_cluster_size = 2
cluster_layout = front_tail_split
has_valid_anchor = false
dominant_cluster_covers_majority = false
isolated_split_like = false
tie_break_vector = final=37|family=1|pointer=1|isolated=0|blob=0|scalar=0|text=0|clone=0|mirror=0|neg=0|addr=0x2D40A0C44C8
rank_reason = pointer reward favored front_tail_split cluster layout; one-sided anchorless split penalty fired on weak front-tail split with only one-sided support; anchorless partial split penalty fired on one-sided split layout without valid anchor
positive = target value matches, f08 nonzero, f08 not float-like, f18 nonzero, f18 not float-like, f20 nonzero, f20 not float-like, f68 nonzero, f68 not float-like, f70 nonzero, f70 not float-like, f78 nonzero, f78 not float-like, f58 nonzero, f58 not float-like, front metadata present, tail reference block present
negative = none

--- Candidate #5 ---
value_addr = 0x2D40A5D86BC
base_addr  = 0x2D40A5D8694
f08 = 0x00004300
f18 = 0x201C0238
f20 = 0x023842C8
f28 = 0x42C80000 (100.0)
f58 = 0x00004300
f68 = 0x01800238
f70 = 0x383F8000
f78 = 0x00004300
rank_position = 5
base_score = 40
prescore_score = 40
final_score = 37
total adjustment = -3
score = 37
hard_pass = true
flags = target_match, strong_front_block, strong_tail_block, object_like, anchored_fragmented_split_like
score_breakdown = +10 target_match; +2 f08_nonzero; +2 f08_not_floatlike; +2 f18_nonzero; +2 f18_not_floatlike; +2 f20_nonzero; +2 f20_not_floatlike; +2 f68_nonzero; +2 f68_not_floatlike; +2 f70_nonzero; +2 f70_not_floatlike; +2 f78_nonzero; +2 f78_not_floatlike; +3 f58_nonzero; +2 f58_not_floatlike; +1 legacy_pointer_balanced_compat; -3 anchored_fragmented_split_penalty
code_blob_score = 0
code_blob_penalty = 0
scalar_block_score = 2
scalar_block_penalty = 0
text_block_score = 0
text_block_penalty = 0
template_family_id = cls:XADXPDX|layout:front_tail_split|fptr:1|tptr:1|align:2|preg:2|dom:1|fns:0|tns:0|scalar:0|text:0|blob:0|mirror:1
clone_family_id = layout:front_tail_split|fptr:1|tptr:1|align:2|preg:2|dom:1|fns:0|tns:0|scalar:0|text:0|blob:0|mirror:1
template_family_size = 1
clone_penalty = 0
mirrored_penalty = 0
pointer_reward = 0
strong_structure_bonus = 0
sparse_anchor_tail_penalty = 0
anchored_fragmented_split_penalty = 3
one_sided_anchorless_split_penalty = 0
anchorless_partial_split_penalty = 0
isolated_split_penalty = 0
pointer_alignment_count = 2
pointer_region_count = 2
pointer_fields = f18, f68
pointer_cluster_count = 4
front_cluster_count = 2
tail_cluster_count = 2
front_non_singleton_cluster_count = 0
tail_non_singleton_cluster_count = 0
dominant_cluster_size = 1
cluster_layout = front_tail_split
has_valid_anchor = true
dominant_cluster_covers_majority = false
isolated_split_like = false
tie_break_vector = final=37|family=1|pointer=0|isolated=0|blob=0|scalar=0|text=0|clone=0|mirror=0|neg=0|addr=0x2D40A5D86BC
rank_reason = anchored fragmented split penalty fired on singleton-only split layout despite valid anchor
positive = target value matches, f08 nonzero, f08 not float-like, f18 nonzero, f18 not float-like, f20 nonzero, f20 not float-like, f68 nonzero, f68 not float-like, f70 nonzero, f70 not float-like, f78 nonzero, f78 not float-like, f58 nonzero, f58 not float-like, front metadata present, tail reference block present
negative = none

--- Candidate #6 ---
value_addr = 0x2D409523340
base_addr  = 0x2D409523318
f08 = 0x93132092
f18 = 0x13201322
f20 = 0x00439293
f28 = 0x42C80000 (100.0)
f58 = 0x02200002
f68 = 0x37100229
f70 = 0x02290320
f78 = 0x03200220
rank_position = 6
base_score = 40
prescore_score = 40
final_score = 37
total adjustment = -3
score = 37
hard_pass = true
flags = target_match, strong_front_block, strong_tail_block, object_like, template_clone_family
score_breakdown = +10 target_match; +2 f08_nonzero; +2 f08_not_floatlike; +2 f18_nonzero; +2 f18_not_floatlike; +2 f20_nonzero; +2 f20_not_floatlike; +2 f68_nonzero; +2 f68_not_floatlike; +2 f70_nonzero; +2 f70_not_floatlike; +2 f78_nonzero; +2 f78_not_floatlike; +3 f58_nonzero; +2 f58_not_floatlike; +1 legacy_pointer_balanced_compat; -3 clone_penalty
code_blob_score = 0
code_blob_penalty = 0
scalar_block_score = 3
scalar_block_penalty = 0
text_block_score = 0
text_block_penalty = 0
template_family_id = cls:XXXXXDA|layout:scattered|fptr:0|tptr:1|align:1|preg:1|dom:1|fns:0|tns:0|scalar:0|text:0|blob:0|mirror:0
clone_family_id = layout:scattered|fptr:0|tptr:1|align:1|preg:1|dom:1|fns:0|tns:0|scalar:0|text:0|blob:0|mirror:0
template_family_size = 2
clone_penalty = 3
mirrored_penalty = 0
pointer_reward = 0
strong_structure_bonus = 0
sparse_anchor_tail_penalty = 0
anchored_fragmented_split_penalty = 0
one_sided_anchorless_split_penalty = 0
anchorless_partial_split_penalty = 0
isolated_split_penalty = 0
pointer_alignment_count = 1
pointer_region_count = 1
pointer_fields = f78
pointer_cluster_count = 2
front_cluster_count = 0
tail_cluster_count = 2
front_non_singleton_cluster_count = 0
tail_non_singleton_cluster_count = 0
dominant_cluster_size = 1
cluster_layout = scattered
has_valid_anchor = true
dominant_cluster_covers_majority = false
isolated_split_like = false
tie_break_vector = final=37|family=2|pointer=0|isolated=0|blob=0|scalar=0|text=0|clone=3|mirror=0|neg=0|addr=0x2D409523340
rank_reason = family size 2 raised clone penalty on scattered pointer-poor family
positive = target value matches, f08 nonzero, f08 not float-like, f18 nonzero, f18 not float-like, f20 nonzero, f20 not float-like, f68 nonzero, f68 not float-like, f70 nonzero, f70 not float-like, f78 nonzero, f78 not float-like, f58 nonzero, f58 not float-like, front metadata present, tail reference block present
negative = none

--- Candidate #7 ---
value_addr = 0x28E402923340
base_addr  = 0x28E402923318
f08 = 0x93132092
f18 = 0x13201322
f20 = 0x00439293
f28 = 0x42C80000 (100.0)
f58 = 0x02200002
f68 = 0x37100229
f70 = 0x02290320
f78 = 0x03200220
rank_position = 7
base_score = 40
prescore_score = 40
final_score = 37
total adjustment = -3
score = 37
hard_pass = true
flags = target_match, strong_front_block, strong_tail_block, object_like, template_clone_family
score_breakdown = +10 target_match; +2 f08_nonzero; +2 f08_not_floatlike; +2 f18_nonzero; +2 f18_not_floatlike; +2 f20_nonzero; +2 f20_not_floatlike; +2 f68_nonzero; +2 f68_not_floatlike; +2 f70_nonzero; +2 f70_not_floatlike; +2 f78_nonzero; +2 f78_not_floatlike; +3 f58_nonzero; +2 f58_not_floatlike; +1 legacy_pointer_balanced_compat; -3 clone_penalty
code_blob_score = 0
code_blob_penalty = 0
scalar_block_score = 3
scalar_block_penalty = 0
text_block_score = 0
text_block_penalty = 0
template_family_id = cls:XXXXXDA|layout:scattered|fptr:0|tptr:1|align:1|preg:1|dom:1|fns:0|tns:0|scalar:0|text:0|blob:0|mirror:0
clone_family_id = layout:scattered|fptr:0|tptr:1|align:1|preg:1|dom:1|fns:0|tns:0|scalar:0|text:0|blob:0|mirror:0
template_family_size = 2
clone_penalty = 3
mirrored_penalty = 0
pointer_reward = 0
strong_structure_bonus = 0
sparse_anchor_tail_penalty = 0
anchored_fragmented_split_penalty = 0
one_sided_anchorless_split_penalty = 0
anchorless_partial_split_penalty = 0
isolated_split_penalty = 0
pointer_alignment_count = 1
pointer_region_count = 1
pointer_fields = f78
pointer_cluster_count = 2
front_cluster_count = 0
tail_cluster_count = 2
front_non_singleton_cluster_count = 0
tail_non_singleton_cluster_count = 0
dominant_cluster_size = 1
cluster_layout = scattered
has_valid_anchor = true
dominant_cluster_covers_majority = false
isolated_split_like = false
tie_break_vector = final=37|family=2|pointer=0|isolated=0|blob=0|scalar=0|text=0|clone=3|mirror=0|neg=0|addr=0x28E402923340
rank_reason = family size 2 raised clone penalty on scattered pointer-poor family
positive = target value matches, f08 nonzero, f08 not float-like, f18 nonzero, f18 not float-like, f20 nonzero, f20 not float-like, f68 nonzero, f68 not float-like, f70 nonzero, f70 not float-like, f78 nonzero, f78 not float-like, f58 nonzero, f58 not float-like, front metadata present, tail reference block present
negative = none

--- Candidate #8 ---
value_addr = 0x2D40A440C3C
base_addr  = 0x2D40A440C14
f08 = 0x00022801
f18 = 0x02280020
f20 = 0x02280520
f28 = 0x42C80000 (100.0)
f58 = 0x03200002
f68 = 0x18410320
f70 = 0x022801FF
f78 = 0xFAB78041
rank_position = 8
base_score = 40
prescore_score = 40
final_score = 34
total adjustment = -6
score = 34
hard_pass = true
flags = target_match, strong_front_block, strong_tail_block, object_like, pointer_balanced, pointer_diverse, coherent_pointer_layout, one_sided_anchorless_split_like, anchorless_partial_split_like, code_blob_like
score_breakdown = +10 target_match; +2 f08_nonzero; +2 f08_not_floatlike; +2 f18_nonzero; +2 f18_not_floatlike; +2 f20_nonzero; +2 f20_not_floatlike; +2 f68_nonzero; +2 f68_not_floatlike; +2 f70_nonzero; +2 f70_not_floatlike; +2 f78_nonzero; +2 f78_not_floatlike; +3 f58_nonzero; +2 f58_not_floatlike; +1 legacy_pointer_balanced_compat; +1 pointer_reward; -2 one_sided_anchorless_split_penalty; -2 anchorless_partial_split_penalty; -3 code_blob_penalty
code_blob_score = 8
code_blob_penalty = 3
scalar_block_score = 0
scalar_block_penalty = 0
text_block_score = 0
text_block_penalty = 0
template_family_id = cls:XPPXPXX|layout:front_tail_split|fptr:2|tptr:1|align:3+|preg:2|dom:2|fns:1|tns:0|scalar:0|text:0|blob:low|mirror:0
clone_family_id = layout:front_tail_split|fptr:2|tptr:1|align:3+|preg:2|dom:2|fns:1|tns:0|scalar:0|text:0|blob:low|mirror:0
template_family_size = 1
clone_penalty = 0
mirrored_penalty = 0
pointer_reward = 1
strong_structure_bonus = 0
sparse_anchor_tail_penalty = 0
anchored_fragmented_split_penalty = 0
one_sided_anchorless_split_penalty = 2
anchorless_partial_split_penalty = 2
isolated_split_penalty = 0
pointer_alignment_count = 3
pointer_region_count = 2
pointer_fields = f18, f20, f68
pointer_cluster_count = 2
front_cluster_count = 1
tail_cluster_count = 1
front_non_singleton_cluster_count = 1
tail_non_singleton_cluster_count = 0
dominant_cluster_size = 2
cluster_layout = front_tail_split
has_valid_anchor = false
dominant_cluster_covers_majority = false
isolated_split_like = false
tie_break_vector = final=34|family=1|pointer=1|isolated=0|blob=3|scalar=0|text=0|clone=0|mirror=0|neg=0|addr=0x2D40A440C3C
rank_reason = pointer reward favored front_tail_split cluster layout; one-sided anchorless split penalty fired on weak front-tail split with only one-sided support; anchorless partial split penalty fired on one-sided split layout without valid anchor; blob penalty capped at mild by split-cluster safeguard
positive = target value matches, f08 nonzero, f08 not float-like, f18 nonzero, f18 not float-like, f20 nonzero, f20 not float-like, f68 nonzero, f68 not float-like, f70 nonzero, f70 not float-like, f78 nonzero, f78 not float-like, f58 nonzero, f58 not float-like, front metadata present, tail reference block present
negative = none

--- Candidate #9 ---
value_addr = 0x2D40A79A2C8
base_addr  = 0x2D40A79A2A0
f08 = 0xFFFFFD8E
f18 = 0x3E800000
f20 = 0x459C4000
f28 = 0x42C80000 (100.0)
f58 = 0x20000000
f68 = 0x41006F69
f70 = 0x41002501
f78 = 0x30771429
rank_position = 9
base_score = 40
prescore_score = 40
final_score = 34
total adjustment = -6
score = 34
hard_pass = true
flags = target_match, strong_front_block, strong_tail_block, object_like, scalar_block_like, text_block_like
score_breakdown = +10 target_match; +2 f08_nonzero; +2 f08_not_floatlike; +2 f18_nonzero; +2 f18_not_floatlike; +2 f20_nonzero; +2 f20_not_floatlike; +2 f68_nonzero; +2 f68_not_floatlike; +2 f70_nonzero; +2 f70_not_floatlike; +2 f78_nonzero; +2 f78_not_floatlike; +3 f58_nonzero; +2 f58_not_floatlike; +1 legacy_pointer_balanced_compat; -3 scalar_block_penalty; -3 text_block_penalty
code_blob_score = 0
code_blob_penalty = 0
scalar_block_score = 7
scalar_block_penalty = 3
text_block_score = 6
text_block_penalty = 3
template_family_id = cls:XDDAXXX|layout:scattered|fptr:0|tptr:0|align:1|preg:1|dom:1|fns:0|tns:0|scalar:low|text:low|blob:0|mirror:0
clone_family_id = layout:scattered|fptr:0|tptr:0|align:1|preg:1|dom:1|fns:0|tns:0|scalar:low|text:low|blob:0|mirror:0
template_family_size = 1
clone_penalty = 0
mirrored_penalty = 0
pointer_reward = 0
strong_structure_bonus = 0
sparse_anchor_tail_penalty = 0
anchored_fragmented_split_penalty = 0
one_sided_anchorless_split_penalty = 0
anchorless_partial_split_penalty = 0
isolated_split_penalty = 0
pointer_alignment_count = 1
pointer_region_count = 1
pointer_fields = f58
pointer_cluster_count = 2
front_cluster_count = 2
tail_cluster_count = 0
front_non_singleton_cluster_count = 0
tail_non_singleton_cluster_count = 0
dominant_cluster_size = 1
cluster_layout = scattered
has_valid_anchor = true
dominant_cluster_covers_majority = false
isolated_split_like = false
tie_break_vector = final=34|family=1|pointer=0|isolated=0|blob=0|scalar=3|text=3|clone=0|mirror=0|neg=0|addr=0x2D40A79A2C8
rank_reason = scalar penalty fired on float-like/scalar template; text penalty fired on little-endian ASCII/UTF16-like chunks
positive = target value matches, f08 nonzero, f08 not float-like, f18 nonzero, f18 not float-like, f20 nonzero, f20 not float-like, f68 nonzero, f68 not float-like, f70 nonzero, f70 not float-like, f78 nonzero, f78 not float-like, f58 nonzero, f58 not float-like, front metadata present, tail reference block present
negative = none

--- Candidate #10 ---
value_addr = 0x2D806D878E0
base_addr  = 0x2D806D878B8
f08 = 0x3F772A3C
f18 = 0xBF7729B5
f20 = 0xBE649D72
f28 = 0x42C80000 (100.0)
f58 = 0x3F417E28
f68 = 0x3E259F0D
f70 = 0x3EF80BAE
f78 = 0x3DE159BE
rank_position = 10
base_score = 40
prescore_score = 40
final_score = 34
total adjustment = -6
score = 34
hard_pass = true
flags = target_match, strong_front_block, strong_tail_block, object_like, scalar_block_like, text_block_like
score_breakdown = +10 target_match; +2 f08_nonzero; +2 f08_not_floatlike; +2 f18_nonzero; +2 f18_not_floatlike; +2 f20_nonzero; +2 f20_not_floatlike; +2 f68_nonzero; +2 f68_not_floatlike; +2 f70_nonzero; +2 f70_not_floatlike; +2 f78_nonzero; +2 f78_not_floatlike; +3 f58_nonzero; +2 f58_not_floatlike; +1 legacy_pointer_balanced_compat; -3 scalar_block_penalty; -3 text_block_penalty
code_blob_score = 0
code_blob_penalty = 0
scalar_block_score = 9
scalar_block_penalty = 3
text_block_score = 9
text_block_penalty = 3
template_family_id = cls:DXXDXXX|layout:scattered|fptr:0|tptr:0|align:0|preg:0|dom:1|fns:0|tns:0|scalar:low|text:low|blob:0|mirror:0
clone_family_id = layout:scattered|fptr:0|tptr:0|align:0|preg:0|dom:1|fns:0|tns:0|scalar:low|text:low|blob:0|mirror:0
template_family_size = 1
clone_penalty = 0
mirrored_penalty = 0
pointer_reward = 0
strong_structure_bonus = 0
sparse_anchor_tail_penalty = 0
anchored_fragmented_split_penalty = 0
one_sided_anchorless_split_penalty = 0
anchorless_partial_split_penalty = 0
isolated_split_penalty = 0
pointer_alignment_count = 0
pointer_region_count = 0
pointer_fields = none
pointer_cluster_count = 1
front_cluster_count = 1
tail_cluster_count = 0
front_non_singleton_cluster_count = 0
tail_non_singleton_cluster_count = 0
dominant_cluster_size = 1
cluster_layout = scattered
has_valid_anchor = false
dominant_cluster_covers_majority = false
isolated_split_like = false
tie_break_vector = final=34|family=1|pointer=0|isolated=0|blob=0|scalar=3|text=3|clone=0|mirror=0|neg=0|addr=0x2D806D878E0
rank_reason = scalar penalty fired on float-like/scalar template; text penalty fired on little-endian ASCII/UTF16-like chunks
positive = target value matches, f08 nonzero, f08 not float-like, f18 nonzero, f18 not float-like, f20 nonzero, f20 not float-like, f68 nonzero, f68 not float-like, f70 nonzero, f70 not float-like, f78 nonzero, f78 not float-like, f58 nonzero, f58 not float-like, front metadata present, tail reference block present
negative = none

--- Candidate #11 ---
value_addr = 0x2D40900B5E8
base_addr  = 0x2D40900B5C0
f08 = 0x00004300
f18 = 0x204C0238
f20 = 0x023842C8
f28 = 0x42C80000 (100.0)
f58 = 0x361B4100
f68 = 0x20002000
f70 = 0x2000090B
f78 = 0x240B24B3
rank_position = 11
base_score = 40
prescore_score = 40
final_score = 34
total adjustment = -6
score = 34
hard_pass = true
flags = target_match, strong_front_block, strong_tail_block, object_like, anchored_fragmented_split_like, template_clone_family
score_breakdown = +10 target_match; +2 f08_nonzero; +2 f08_not_floatlike; +2 f18_nonzero; +2 f18_not_floatlike; +2 f20_nonzero; +2 f20_not_floatlike; +2 f68_nonzero; +2 f68_not_floatlike; +2 f70_nonzero; +2 f70_not_floatlike; +2 f78_nonzero; +2 f78_not_floatlike; +3 f58_nonzero; +2 f58_not_floatlike; +1 legacy_pointer_balanced_compat; -3 anchored_fragmented_split_penalty; -3 clone_penalty
code_blob_score = 0
code_blob_penalty = 0
scalar_block_score = 2
scalar_block_penalty = 0
text_block_score = 0
text_block_penalty = 0
template_family_id = cls:XPADPXX|layout:front_tail_split|fptr:2|tptr:1|align:3+|preg:3+|dom:1|fns:0|tns:0|scalar:0|text:0|blob:0|mirror:0
clone_family_id = layout:front_tail_split|fptr:2|tptr:1|align:3+|preg:3+|dom:1|fns:0|tns:0|scalar:0|text:0|blob:0|mirror:0
template_family_size = 2
clone_penalty = 3
mirrored_penalty = 0
pointer_reward = 0
strong_structure_bonus = 0
sparse_anchor_tail_penalty = 0
anchored_fragmented_split_penalty = 3
one_sided_anchorless_split_penalty = 0
anchorless_partial_split_penalty = 0
isolated_split_penalty = 0
pointer_alignment_count = 3
pointer_region_count = 3
pointer_fields = f18, f20, f68
pointer_cluster_count = 3
front_cluster_count = 2
tail_cluster_count = 1
front_non_singleton_cluster_count = 0
tail_non_singleton_cluster_count = 0
dominant_cluster_size = 1
cluster_layout = front_tail_split
has_valid_anchor = true
dominant_cluster_covers_majority = false
isolated_split_like = false
tie_break_vector = final=34|family=2|pointer=0|isolated=0|blob=0|scalar=0|text=0|clone=3|mirror=0|neg=0|addr=0x2D40900B5E8
rank_reason = anchored fragmented split penalty fired on singleton-only split layout despite valid anchor; family size 2 raised clone penalty
positive = target value matches, f08 nonzero, f08 not float-like, f18 nonzero, f18 not float-like, f20 nonzero, f20 not float-like, f68 nonzero, f68 not float-like, f70 nonzero, f70 not float-like, f78 nonzero, f78 not float-like, f58 nonzero, f58 not float-like, front metadata present, tail reference block present
negative = none

--- Candidate #12 ---
value_addr = 0x28E40240B5E8
base_addr  = 0x28E40240B5C0
f08 = 0x00004300
f18 = 0x204C0238
f20 = 0x023842C8
f28 = 0x42C80000 (100.0)
f58 = 0x361B4100
f68 = 0x20002000
f70 = 0x2000090B
f78 = 0x240B24B3
rank_position = 12
base_score = 40
prescore_score = 40
final_score = 34
total adjustment = -6
score = 34
hard_pass = true
flags = target_match, strong_front_block, strong_tail_block, object_like, anchored_fragmented_split_like, template_clone_family
score_breakdown = +10 target_match; +2 f08_nonzero; +2 f08_not_floatlike; +2 f18_nonzero; +2 f18_not_floatlike; +2 f20_nonzero; +2 f20_not_floatlike; +2 f68_nonzero; +2 f68_not_floatlike; +2 f70_nonzero; +2 f70_not_floatlike; +2 f78_nonzero; +2 f78_not_floatlike; +3 f58_nonzero; +2 f58_not_floatlike; +1 legacy_pointer_balanced_compat; -3 anchored_fragmented_split_penalty; -3 clone_penalty
code_blob_score = 0
code_blob_penalty = 0
scalar_block_score = 2
scalar_block_penalty = 0
text_block_score = 0
text_block_penalty = 0
template_family_id = cls:XPADPXX|layout:front_tail_split|fptr:2|tptr:1|align:3+|preg:3+|dom:1|fns:0|tns:0|scalar:0|text:0|blob:0|mirror:0
clone_family_id = layout:front_tail_split|fptr:2|tptr:1|align:3+|preg:3+|dom:1|fns:0|tns:0|scalar:0|text:0|blob:0|mirror:0
template_family_size = 2
clone_penalty = 3
mirrored_penalty = 0
pointer_reward = 0
strong_structure_bonus = 0
sparse_anchor_tail_penalty = 0
anchored_fragmented_split_penalty = 3
one_sided_anchorless_split_penalty = 0
anchorless_partial_split_penalty = 0
isolated_split_penalty = 0
pointer_alignment_count = 3
pointer_region_count = 3
pointer_fields = f18, f20, f68
pointer_cluster_count = 3
front_cluster_count = 2
tail_cluster_count = 1
front_non_singleton_cluster_count = 0
tail_non_singleton_cluster_count = 0
dominant_cluster_size = 1
cluster_layout = front_tail_split
has_valid_anchor = true
dominant_cluster_covers_majority = false
isolated_split_like = false
tie_break_vector = final=34|family=2|pointer=0|isolated=0|blob=0|scalar=0|text=0|clone=3|mirror=0|neg=0|addr=0x28E40240B5E8
rank_reason = anchored fragmented split penalty fired on singleton-only split layout despite valid anchor; family size 2 raised clone penalty
positive = target value matches, f08 nonzero, f08 not float-like, f18 nonzero, f18 not float-like, f20 nonzero, f20 not float-like, f68 nonzero, f68 not float-like, f70 nonzero, f70 not float-like, f78 nonzero, f78 not float-like, f58 nonzero, f58 not float-like, front metadata present, tail reference block present
negative = none

--- Candidate #13 ---
value_addr = 0x2D8089712B8
base_addr  = 0x2D808971290
f08 = 0xFFFFFFFF
f18 = 0xBB5F36DC
f20 = 0x40B2C5A1
f28 = 0x42C80000 (100.0)
f58 = 0x3C23D70A
f68 = 0x41C80000
f70 = 0x42340000
f78 = 0x42A00000
rank_position = 13
base_score = 40
prescore_score = 40
final_score = 33
total adjustment = -7
score = 33
hard_pass = true
flags = target_match, strong_front_block, strong_tail_block, object_like, anchorless_partial_split_like, isolated_split_like, scalar_block_like
score_breakdown = +10 target_match; +2 f08_nonzero; +2 f08_not_floatlike; +2 f18_nonzero; +2 f18_not_floatlike; +2 f20_nonzero; +2 f20_not_floatlike; +2 f68_nonzero; +2 f68_not_floatlike; +2 f70_nonzero; +2 f70_not_floatlike; +2 f78_nonzero; +2 f78_not_floatlike; +3 f58_nonzero; +2 f58_not_floatlike; +1 legacy_pointer_balanced_compat; -2 anchorless_partial_split_penalty; -2 isolated_split_penalty(no_anchor_no_non_singleton_split_support); -3 scalar_block_penalty
code_blob_score = 0
code_blob_penalty = 0
scalar_block_score = 10
scalar_block_penalty = 3
text_block_score = 0
text_block_penalty = 0
template_family_id = cls:XPXXPDD|layout:front_tail_split|fptr:1|tptr:1|align:2|preg:2|dom:1|fns:0|tns:0|scalar:medium|text:0|blob:0|mirror:0
clone_family_id = layout:front_tail_split|fptr:1|tptr:1|align:2|preg:2|dom:1|fns:0|tns:0|scalar:medium|text:0|blob:0|mirror:0
template_family_size = 1
clone_penalty = 0
mirrored_penalty = 0
pointer_reward = 0
strong_structure_bonus = 0
sparse_anchor_tail_penalty = 0
anchored_fragmented_split_penalty = 0
one_sided_anchorless_split_penalty = 0
anchorless_partial_split_penalty = 2
isolated_split_penalty = 2
pointer_alignment_count = 2
pointer_region_count = 2
pointer_fields = f18, f68
pointer_cluster_count = 4
front_cluster_count = 1
tail_cluster_count = 3
front_non_singleton_cluster_count = 0
tail_non_singleton_cluster_count = 0
dominant_cluster_size = 1
cluster_layout = front_tail_split
has_valid_anchor = false
dominant_cluster_covers_majority = false
isolated_split_like = true
tie_break_vector = final=33|family=1|pointer=0|isolated=2|blob=0|scalar=3|text=0|clone=0|mirror=0|neg=0|addr=0x2D8089712B8
rank_reason = anchorless partial split penalty fired on one-sided split layout without valid anchor; isolated split penalty fired on fragmentary split layout with no valid anchor and no non-singleton split support; scalar penalty fired on float-like/scalar template
positive = target value matches, f08 nonzero, f08 not float-like, f18 nonzero, f18 not float-like, f20 nonzero, f20 not float-like, f68 nonzero, f68 not float-like, f70 nonzero, f70 not float-like, f78 nonzero, f78 not float-like, f58 nonzero, f58 not float-like, front metadata present, tail reference block present
negative = none

--- Candidate #14 ---
value_addr = 0x2D4096A5910
base_addr  = 0x2D4096A58E8
f08 = 0x21751F41
f18 = 0x741F415D
f20 = 0x019C2002
f28 = 0x42C80000 (100.0)
f58 = 0x4300022A
f68 = 0x367101DB
f70 = 0x041A2001
f78 = 0x01E12005
rank_position = 14
base_score = 40
prescore_score = 40
final_score = 32
total adjustment = -8
score = 32
hard_pass = true
flags = target_match, strong_front_block, strong_tail_block, object_like, text_block_like, template_clone_family
score_breakdown = +10 target_match; +2 f08_nonzero; +2 f08_not_floatlike; +2 f18_nonzero; +2 f18_not_floatlike; +2 f20_nonzero; +2 f20_not_floatlike; +2 f68_nonzero; +2 f68_not_floatlike; +2 f70_nonzero; +2 f70_not_floatlike; +2 f78_nonzero; +2 f78_not_floatlike; +3 f58_nonzero; +2 f58_not_floatlike; +1 legacy_pointer_balanced_compat; -3 text_block_penalty; -5 clone_penalty
code_blob_score = 0
code_blob_penalty = 0
scalar_block_score = 3
scalar_block_penalty = 0
text_block_score = 9
text_block_penalty = 3
template_family_id = cls:XXXXXXX|layout:scattered|fptr:0|tptr:0|align:0|preg:0|dom:1|fns:0|tns:0|scalar:0|text:low|blob:0|mirror:0
clone_family_id = layout:scattered|fptr:0|tptr:0|align:0|preg:0|dom:1|fns:0|tns:0|scalar:0|text:low|blob:0|mirror:0
template_family_size = 2
clone_penalty = 5
mirrored_penalty = 0
pointer_reward = 0
strong_structure_bonus = 0
sparse_anchor_tail_penalty = 0
anchored_fragmented_split_penalty = 0
one_sided_anchorless_split_penalty = 0
anchorless_partial_split_penalty = 0
isolated_split_penalty = 0
pointer_alignment_count = 0
pointer_region_count = 0
pointer_fields = none
pointer_cluster_count = 0
front_cluster_count = 0
tail_cluster_count = 0
front_non_singleton_cluster_count = 0
tail_non_singleton_cluster_count = 0
dominant_cluster_size = 0
cluster_layout = scattered
has_valid_anchor = false
dominant_cluster_covers_majority = false
isolated_split_like = false
tie_break_vector = final=32|family=2|pointer=0|isolated=0|blob=0|scalar=0|text=3|clone=5|mirror=0|neg=0|addr=0x2D4096A5910
rank_reason = text penalty fired on little-endian ASCII/UTF16-like chunks; family size 2 raised clone penalty on scattered pointer-poor family
positive = target value matches, f08 nonzero, f08 not float-like, f18 nonzero, f18 not float-like, f20 nonzero, f20 not float-like, f68 nonzero, f68 not float-like, f70 nonzero, f70 not float-like, f78 nonzero, f78 not float-like, f58 nonzero, f58 not float-like, front metadata present, tail reference block present
negative = none

--- Candidate #15 ---
value_addr = 0x2D40979A268
base_addr  = 0x2D40979A240
f08 = 0x00004300
f18 = 0x20340238
f20 = 0x02384100
f28 = 0x42C80000 (100.0)
f58 = 0x00204C02
f68 = 0x383C23D7
f70 = 0x00000043
f78 = 0x85A69041
rank_position = 15
base_score = 40
prescore_score = 40
final_score = 32
total adjustment = -8
score = 32
hard_pass = true
flags = target_match, strong_front_block, strong_tail_block, object_like, text_block_like, template_clone_family
score_breakdown = +10 target_match; +2 f08_nonzero; +2 f08_not_floatlike; +2 f18_nonzero; +2 f18_not_floatlike; +2 f20_nonzero; +2 f20_not_floatlike; +2 f68_nonzero; +2 f68_not_floatlike; +2 f70_nonzero; +2 f70_not_floatlike; +2 f78_nonzero; +2 f78_not_floatlike; +3 f58_nonzero; +2 f58_not_floatlike; +1 legacy_pointer_balanced_compat; -3 text_block_penalty; -5 clone_penalty
code_blob_score = 0
code_blob_penalty = 0
scalar_block_score = 3
scalar_block_penalty = 0
text_block_score = 6
text_block_penalty = 3
template_family_id = cls:XDAXXSX|layout:scattered|fptr:1|tptr:0|align:1|preg:1|dom:1|fns:0|tns:0|scalar:0|text:low|blob:0|mirror:0
clone_family_id = layout:scattered|fptr:1|tptr:0|align:1|preg:1|dom:1|fns:0|tns:0|scalar:0|text:low|blob:0|mirror:0
template_family_size = 2
clone_penalty = 5
mirrored_penalty = 0
pointer_reward = 0
strong_structure_bonus = 0
sparse_anchor_tail_penalty = 0
anchored_fragmented_split_penalty = 0
one_sided_anchorless_split_penalty = 0
anchorless_partial_split_penalty = 0
isolated_split_penalty = 0
pointer_alignment_count = 1
pointer_region_count = 1
pointer_fields = f20
pointer_cluster_count = 2
front_cluster_count = 2
tail_cluster_count = 0
front_non_singleton_cluster_count = 0
tail_non_singleton_cluster_count = 0
dominant_cluster_size = 1
cluster_layout = scattered
has_valid_anchor = true
dominant_cluster_covers_majority = false
isolated_split_like = false
tie_break_vector = final=32|family=2|pointer=0|isolated=0|blob=0|scalar=0|text=3|clone=5|mirror=0|neg=0|addr=0x2D40979A268
rank_reason = text penalty fired on little-endian ASCII/UTF16-like chunks; family size 2 raised clone penalty on scattered pointer-poor family
positive = target value matches, f08 nonzero, f08 not float-like, f18 nonzero, f18 not float-like, f20 nonzero, f20 not float-like, f68 nonzero, f68 not float-like, f70 nonzero, f70 not float-like, f78 nonzero, f78 not float-like, f58 nonzero, f58 not float-like, front metadata present, tail reference block present
negative = none

--- Candidate #16 ---
value_addr = 0x2D806D87868
base_addr  = 0x2D806D87840
f08 = 0x3F772A3C
f18 = 0xBF7729B5
f20 = 0xBE649D72
f28 = 0x42C80000 (100.0)
f58 = 0x3F417E4D
f68 = 0x3E258881
f70 = 0x3EF80911
f78 = 0x3DE186CB
rank_position = 16
base_score = 40
prescore_score = 40
final_score = 32
total adjustment = -8
score = 32
hard_pass = true
flags = target_match, strong_front_block, strong_tail_block, object_like, text_block_like, template_clone_family
score_breakdown = +10 target_match; +2 f08_nonzero; +2 f08_not_floatlike; +2 f18_nonzero; +2 f18_not_floatlike; +2 f20_nonzero; +2 f20_not_floatlike; +2 f68_nonzero; +2 f68_not_floatlike; +2 f70_nonzero; +2 f70_not_floatlike; +2 f78_nonzero; +2 f78_not_floatlike; +3 f58_nonzero; +2 f58_not_floatlike; +1 legacy_pointer_balanced_compat; -3 text_block_penalty; -5 clone_penalty
code_blob_score = 0
code_blob_penalty = 0
scalar_block_score = 5
scalar_block_penalty = 0
text_block_score = 9
text_block_penalty = 3
template_family_id = cls:DXXXXXX|layout:scattered|fptr:0|tptr:0|align:0|preg:0|dom:1|fns:0|tns:0|scalar:0|text:low|blob:0|mirror:0
clone_family_id = layout:scattered|fptr:0|tptr:0|align:0|preg:0|dom:1|fns:0|tns:0|scalar:0|text:low|blob:0|mirror:0
template_family_size = 2
clone_penalty = 5
mirrored_penalty = 0
pointer_reward = 0
strong_structure_bonus = 0
sparse_anchor_tail_penalty = 0
anchored_fragmented_split_penalty = 0
one_sided_anchorless_split_penalty = 0
anchorless_partial_split_penalty = 0
isolated_split_penalty = 0
pointer_alignment_count = 0
pointer_region_count = 0
pointer_fields = none
pointer_cluster_count = 1
front_cluster_count = 1
tail_cluster_count = 0
front_non_singleton_cluster_count = 0
tail_non_singleton_cluster_count = 0
dominant_cluster_size = 1
cluster_layout = scattered
has_valid_anchor = false
dominant_cluster_covers_majority = false
isolated_split_like = false
tie_break_vector = final=32|family=2|pointer=0|isolated=0|blob=0|scalar=0|text=3|clone=5|mirror=0|neg=0|addr=0x2D806D87868
rank_reason = text penalty fired on little-endian ASCII/UTF16-like chunks; family size 2 raised clone penalty on scattered pointer-poor family
positive = target value matches, f08 nonzero, f08 not float-like, f18 nonzero, f18 not float-like, f20 nonzero, f20 not float-like, f68 nonzero, f68 not float-like, f70 nonzero, f70 not float-like, f78 nonzero, f78 not float-like, f58 nonzero, f58 not float-like, front metadata present, tail reference block present
negative = none

--- Candidate #17 ---
value_addr = 0x28E402B9A268
base_addr  = 0x28E402B9A240
f08 = 0x00004300
f18 = 0x20340238
f20 = 0x02384100
f28 = 0x42C80000 (100.0)
f58 = 0x00204C02
f68 = 0x383C23D7
f70 = 0x00000043
f78 = 0x85A69041
rank_position = 17
base_score = 40
prescore_score = 40
final_score = 32
total adjustment = -8
score = 32
hard_pass = true
flags = target_match, strong_front_block, strong_tail_block, object_like, text_block_like, template_clone_family
score_breakdown = +10 target_match; +2 f08_nonzero; +2 f08_not_floatlike; +2 f18_nonzero; +2 f18_not_floatlike; +2 f20_nonzero; +2 f20_not_floatlike; +2 f68_nonzero; +2 f68_not_floatlike; +2 f70_nonzero; +2 f70_not_floatlike; +2 f78_nonzero; +2 f78_not_floatlike; +3 f58_nonzero; +2 f58_not_floatlike; +1 legacy_pointer_balanced_compat; -3 text_block_penalty; -5 clone_penalty
code_blob_score = 0
code_blob_penalty = 0
scalar_block_score = 3
scalar_block_penalty = 0
text_block_score = 6
text_block_penalty = 3
template_family_id = cls:XDAXXSX|layout:scattered|fptr:1|tptr:0|align:1|preg:1|dom:1|fns:0|tns:0|scalar:0|text:low|blob:0|mirror:0
clone_family_id = layout:scattered|fptr:1|tptr:0|align:1|preg:1|dom:1|fns:0|tns:0|scalar:0|text:low|blob:0|mirror:0
template_family_size = 2
clone_penalty = 5
mirrored_penalty = 0
pointer_reward = 0
strong_structure_bonus = 0
sparse_anchor_tail_penalty = 0
anchored_fragmented_split_penalty = 0
one_sided_anchorless_split_penalty = 0
anchorless_partial_split_penalty = 0
isolated_split_penalty = 0
pointer_alignment_count = 1
pointer_region_count = 1
pointer_fields = f20
pointer_cluster_count = 2
front_cluster_count = 2
tail_cluster_count = 0
front_non_singleton_cluster_count = 0
tail_non_singleton_cluster_count = 0
dominant_cluster_size = 1
cluster_layout = scattered
has_valid_anchor = true
dominant_cluster_covers_majority = false
isolated_split_like = false
tie_break_vector = final=32|family=2|pointer=0|isolated=0|blob=0|scalar=0|text=3|clone=5|mirror=0|neg=0|addr=0x28E402B9A268
rank_reason = text penalty fired on little-endian ASCII/UTF16-like chunks; family size 2 raised clone penalty on scattered pointer-poor family
positive = target value matches, f08 nonzero, f08 not float-like, f18 nonzero, f18 not float-like, f20 nonzero, f20 not float-like, f68 nonzero, f68 not float-like, f70 nonzero, f70 not float-like, f78 nonzero, f78 not float-like, f58 nonzero, f58 not float-like, front metadata present, tail reference block present
negative = none

--- Candidate #18 ---
value_addr = 0x2D806AA4160
base_addr  = 0x2D806AA4138
f08 = 0x3F772A3C
f18 = 0xBF7729B5
f20 = 0xBE649D72
f28 = 0x42C80000 (100.0)
f58 = 0x3F417DE4
f68 = 0x3E25C92F
f70 = 0x3EF81091
f78 = 0x3DE1056E
rank_position = 18
base_score = 40
prescore_score = 40
final_score = 31
total adjustment = -9
score = 31
hard_pass = true
flags = target_match, strong_front_block, strong_tail_block, object_like, scalar_block_like, text_block_like
score_breakdown = +10 target_match; +2 f08_nonzero; +2 f08_not_floatlike; +2 f18_nonzero; +2 f18_not_floatlike; +2 f20_nonzero; +2 f20_not_floatlike; +2 f68_nonzero; +2 f68_not_floatlike; +2 f70_nonzero; +2 f70_not_floatlike; +2 f78_nonzero; +2 f78_not_floatlike; +3 f58_nonzero; +2 f58_not_floatlike; +1 legacy_pointer_balanced_compat; -3 scalar_block_penalty; -6 text_block_penalty
code_blob_score = 0
code_blob_penalty = 0
scalar_block_score = 9
scalar_block_penalty = 3
text_block_score = 12
text_block_penalty = 6
template_family_id = cls:DXXDXXX|layout:scattered|fptr:0|tptr:0|align:0|preg:0|dom:1|fns:0|tns:0|scalar:low|text:medium|blob:0|mirror:0
clone_family_id = layout:scattered|fptr:0|tptr:0|align:0|preg:0|dom:1|fns:0|tns:0|scalar:low|text:medium|blob:0|mirror:0
template_family_size = 1
clone_penalty = 0
mirrored_penalty = 0
pointer_reward = 0
strong_structure_bonus = 0
sparse_anchor_tail_penalty = 0
anchored_fragmented_split_penalty = 0
one_sided_anchorless_split_penalty = 0
anchorless_partial_split_penalty = 0
isolated_split_penalty = 0
pointer_alignment_count = 0
pointer_region_count = 0
pointer_fields = none
pointer_cluster_count = 1
front_cluster_count = 1
tail_cluster_count = 0
front_non_singleton_cluster_count = 0
tail_non_singleton_cluster_count = 0
dominant_cluster_size = 1
cluster_layout = scattered
has_valid_anchor = false
dominant_cluster_covers_majority = false
isolated_split_like = false
tie_break_vector = final=31|family=1|pointer=0|isolated=0|blob=0|scalar=3|text=6|clone=0|mirror=0|neg=0|addr=0x2D806AA4160
rank_reason = scalar penalty fired on float-like/scalar template; text penalty fired on little-endian ASCII/UTF16-like chunks
positive = target value matches, f08 nonzero, f08 not float-like, f18 nonzero, f18 not float-like, f20 nonzero, f20 not float-like, f68 nonzero, f68 not float-like, f70 nonzero, f70 not float-like, f78 nonzero, f78 not float-like, f58 nonzero, f58 not float-like, front metadata present, tail reference block present
negative = none

--- Candidate #19 ---
value_addr = 0x2D40904037C
base_addr  = 0x2D409040354
f08 = 0x00004300
f18 = 0x204C0238
f20 = 0x023842C8
f28 = 0x42C80000 (100.0)
f58 = 0x20240236
f68 = 0x23022107
f70 = 0x02200724
f78 = 0x36042200
rank_position = 19
base_score = 40
prescore_score = 40
final_score = 31
total adjustment = -9
score = 31
hard_pass = true
flags = target_match, strong_front_block, strong_tail_block, object_like, anchored_fragmented_split_like, text_block_like, template_clone_family
score_breakdown = +10 target_match; +2 f08_nonzero; +2 f08_not_floatlike; +2 f18_nonzero; +2 f18_not_floatlike; +2 f20_nonzero; +2 f20_not_floatlike; +2 f68_nonzero; +2 f68_not_floatlike; +2 f70_nonzero; +2 f70_not_floatlike; +2 f78_nonzero; +2 f78_not_floatlike; +3 f58_nonzero; +2 f58_not_floatlike; +1 legacy_pointer_balanced_compat; -3 anchored_fragmented_split_penalty; -3 text_block_penalty; -3 clone_penalty
code_blob_score = 0
code_blob_penalty = 0
scalar_block_score = 2
scalar_block_penalty = 0
text_block_score = 6
text_block_penalty = 3
template_family_id = cls:XPAXXPD|layout:front_tail_split|fptr:2|tptr:1|align:3+|preg:3+|dom:1|fns:0|tns:0|scalar:0|text:low|blob:0|mirror:0
clone_family_id = layout:front_tail_split|fptr:2|tptr:1|align:3+|preg:3+|dom:1|fns:0|tns:0|scalar:0|text:low|blob:0|mirror:0
template_family_size = 3
clone_penalty = 3
mirrored_penalty = 0
pointer_reward = 0
strong_structure_bonus = 0
sparse_anchor_tail_penalty = 0
anchored_fragmented_split_penalty = 3
one_sided_anchorless_split_penalty = 0
anchorless_partial_split_penalty = 0
isolated_split_penalty = 0
pointer_alignment_count = 3
pointer_region_count = 3
pointer_fields = f18, f20, f70
pointer_cluster_count = 4
front_cluster_count = 2
tail_cluster_count = 2
front_non_singleton_cluster_count = 0
tail_non_singleton_cluster_count = 0
dominant_cluster_size = 1
cluster_layout = front_tail_split
has_valid_anchor = true
dominant_cluster_covers_majority = false
isolated_split_like = false
tie_break_vector = final=31|family=3|pointer=0|isolated=0|blob=0|scalar=0|text=3|clone=3|mirror=0|neg=0|addr=0x2D40904037C
rank_reason = anchored fragmented split penalty fired on singleton-only split layout despite valid anchor; text penalty fired on little-endian ASCII/UTF16-like chunks; family size 3 raised clone penalty
positive = target value matches, f08 nonzero, f08 not float-like, f18 nonzero, f18 not float-like, f20 nonzero, f20 not float-like, f68 nonzero, f68 not float-like, f70 nonzero, f70 not float-like, f78 nonzero, f78 not float-like, f58 nonzero, f58 not float-like, front metadata present, tail reference block present
negative = none

--- Candidate #20 ---
value_addr = 0x2D8068DE1FC
base_addr  = 0x2D8068DE1D4
f08 = 0x3DE0000E
f18 = 0xBF3504F4
f20 = 0x80000000
f28 = 0x42C80000 (100.0)
f58 = 0x3D79DB23
f68 = 0x3F000001
f70 = 0x3F000000
f78 = 0x3D79DB31
rank_position = 20
base_score = 40
prescore_score = 40
final_score = 31
total adjustment = -9
score = 31
hard_pass = true
flags = target_match, strong_front_block, strong_tail_block, object_like, anchored_fragmented_split_like, text_block_like, template_clone_family
score_breakdown = +10 target_match; +2 f08_nonzero; +2 f08_not_floatlike; +2 f18_nonzero; +2 f18_not_floatlike; +2 f20_nonzero; +2 f20_not_floatlike; +2 f68_nonzero; +2 f68_not_floatlike; +2 f70_nonzero; +2 f70_not_floatlike; +2 f78_nonzero; +2 f78_not_floatlike; +3 f58_nonzero; +2 f58_not_floatlike; +1 legacy_pointer_balanced_compat; -3 anchored_fragmented_split_penalty; -3 text_block_penalty; -3 clone_penalty
code_blob_score = 0
code_blob_penalty = 0
scalar_block_score = 4
scalar_block_penalty = 0
text_block_score = 8
text_block_penalty = 3
template_family_id = cls:XPAXXPX|layout:front_tail_split|fptr:2|tptr:1|align:3+|preg:3+|dom:1|fns:0|tns:0|scalar:0|text:low|blob:0|mirror:0
clone_family_id = layout:front_tail_split|fptr:2|tptr:1|align:3+|preg:3+|dom:1|fns:0|tns:0|scalar:0|text:low|blob:0|mirror:0
template_family_size = 3
clone_penalty = 3
mirrored_penalty = 0
pointer_reward = 0
strong_structure_bonus = 0
sparse_anchor_tail_penalty = 0
anchored_fragmented_split_penalty = 3
one_sided_anchorless_split_penalty = 0
anchorless_partial_split_penalty = 0
isolated_split_penalty = 0
pointer_alignment_count = 3
pointer_region_count = 3
pointer_fields = f18, f20, f70
pointer_cluster_count = 3
front_cluster_count = 2
tail_cluster_count = 1
front_non_singleton_cluster_count = 0
tail_non_singleton_cluster_count = 0
dominant_cluster_size = 1
cluster_layout = front_tail_split
has_valid_anchor = true
dominant_cluster_covers_majority = false
isolated_split_like = false
tie_break_vector = final=31|family=3|pointer=0|isolated=0|blob=0|scalar=0|text=3|clone=3|mirror=0|neg=0|addr=0x2D8068DE1FC
rank_reason = anchored fragmented split penalty fired on singleton-only split layout despite valid anchor; text penalty fired on little-endian ASCII/UTF16-like chunks; family size 3 raised clone penalty
positive = target value matches, f08 nonzero, f08 not float-like, f18 nonzero, f18 not float-like, f20 nonzero, f20 not float-like, f68 nonzero, f68 not float-like, f70 nonzero, f70 not float-like, f78 nonzero, f78 not float-like, f58 nonzero, f58 not float-like, front metadata present, tail reference block present
negative = none

--- Candidate #21 ---
value_addr = 0x28E40244037C
base_addr  = 0x28E402440354
f08 = 0x00004300
f18 = 0x204C0238
f20 = 0x023842C8
f28 = 0x42C80000 (100.0)
f58 = 0x20240236
f68 = 0x23022107
f70 = 0x02200724
f78 = 0x36042200
rank_position = 21
base_score = 40
prescore_score = 40
final_score = 31
total adjustment = -9
score = 31
hard_pass = true
flags = target_match, strong_front_block, strong_tail_block, object_like, anchored_fragmented_split_like, text_block_like, template_clone_family
score_breakdown = +10 target_match; +2 f08_nonzero; +2 f08_not_floatlike; +2 f18_nonzero; +2 f18_not_floatlike; +2 f20_nonzero; +2 f20_not_floatlike; +2 f68_nonzero; +2 f68_not_floatlike; +2 f70_nonzero; +2 f70_not_floatlike; +2 f78_nonzero; +2 f78_not_floatlike; +3 f58_nonzero; +2 f58_not_floatlike; +1 legacy_pointer_balanced_compat; -3 anchored_fragmented_split_penalty; -3 text_block_penalty; -3 clone_penalty
code_blob_score = 0
code_blob_penalty = 0
scalar_block_score = 2
scalar_block_penalty = 0
text_block_score = 6
text_block_penalty = 3
template_family_id = cls:XPAXXPD|layout:front_tail_split|fptr:2|tptr:1|align:3+|preg:3+|dom:1|fns:0|tns:0|scalar:0|text:low|blob:0|mirror:0
clone_family_id = layout:front_tail_split|fptr:2|tptr:1|align:3+|preg:3+|dom:1|fns:0|tns:0|scalar:0|text:low|blob:0|mirror:0
template_family_size = 3
clone_penalty = 3
mirrored_penalty = 0
pointer_reward = 0
strong_structure_bonus = 0
sparse_anchor_tail_penalty = 0
anchored_fragmented_split_penalty = 3
one_sided_anchorless_split_penalty = 0
anchorless_partial_split_penalty = 0
isolated_split_penalty = 0
pointer_alignment_count = 3
pointer_region_count = 3
pointer_fields = f18, f20, f70
pointer_cluster_count = 4
front_cluster_count = 2
tail_cluster_count = 2
front_non_singleton_cluster_count = 0
tail_non_singleton_cluster_count = 0
dominant_cluster_size = 1
cluster_layout = front_tail_split
has_valid_anchor = true
dominant_cluster_covers_majority = false
isolated_split_like = false
tie_break_vector = final=31|family=3|pointer=0|isolated=0|blob=0|scalar=0|text=3|clone=3|mirror=0|neg=0|addr=0x28E40244037C
rank_reason = anchored fragmented split penalty fired on singleton-only split layout despite valid anchor; text penalty fired on little-endian ASCII/UTF16-like chunks; family size 3 raised clone penalty
positive = target value matches, f08 nonzero, f08 not float-like, f18 nonzero, f18 not float-like, f20 nonzero, f20 not float-like, f68 nonzero, f68 not float-like, f70 nonzero, f70 not float-like, f78 nonzero, f78 not float-like, f58 nonzero, f58 not float-like, front metadata present, tail reference block present
negative = none

--- Candidate #22 ---
value_addr = 0x2D806AA4164
base_addr  = 0x2D806AA413C
f08 = 0xBE09681C
f18 = 0x3E09669F
f20 = 0x41F1DAD4
f28 = 0x42C80000 (100.0)
f58 = 0x423B3F7A
f68 = 0x41F97525
f70 = 0xBF5E2C47
f78 = 0x41EB2B18
rank_position = 22
base_score = 40
prescore_score = 40
final_score = 30
total adjustment = -10
score = 30
hard_pass = true
flags = target_match, strong_front_block, strong_tail_block, object_like, anchorless_partial_split_like, isolated_split_like, scalar_block_like, text_block_like
score_breakdown = +10 target_match; +2 f08_nonzero; +2 f08_not_floatlike; +2 f18_nonzero; +2 f18_not_floatlike; +2 f20_nonzero; +2 f20_not_floatlike; +2 f68_nonzero; +2 f68_not_floatlike; +2 f70_nonzero; +2 f70_not_floatlike; +2 f78_nonzero; +2 f78_not_floatlike; +3 f58_nonzero; +2 f58_not_floatlike; +1 legacy_pointer_balanced_compat; -2 anchorless_partial_split_penalty; -2 isolated_split_penalty(no_anchor_no_non_singleton_split_support); -3 scalar_block_penalty; -3 text_block_penalty
code_blob_score = 0
code_blob_penalty = 0
scalar_block_score = 10
scalar_block_penalty = 3
text_block_score = 9
text_block_penalty = 3
template_family_id = cls:PXDXXXP|layout:front_tail_split|fptr:1|tptr:1|align:2|preg:2|dom:1|fns:0|tns:0|scalar:medium|text:low|blob:0|mirror:0
clone_family_id = layout:front_tail_split|fptr:1|tptr:1|align:2|preg:2|dom:1|fns:0|tns:0|scalar:medium|text:low|blob:0|mirror:0
template_family_size = 1
clone_penalty = 0
mirrored_penalty = 0
pointer_reward = 0
strong_structure_bonus = 0
sparse_anchor_tail_penalty = 0
anchored_fragmented_split_penalty = 0
one_sided_anchorless_split_penalty = 0
anchorless_partial_split_penalty = 2
isolated_split_penalty = 2
pointer_alignment_count = 2
pointer_region_count = 2
pointer_fields = f08, f78
pointer_cluster_count = 3
front_cluster_count = 2
tail_cluster_count = 1
front_non_singleton_cluster_count = 0
tail_non_singleton_cluster_count = 0
dominant_cluster_size = 1
cluster_layout = front_tail_split
has_valid_anchor = false
dominant_cluster_covers_majority = false
isolated_split_like = true
tie_break_vector = final=30|family=1|pointer=0|isolated=2|blob=0|scalar=3|text=3|clone=0|mirror=0|neg=0|addr=0x2D806AA4164
rank_reason = anchorless partial split penalty fired on one-sided split layout without valid anchor; isolated split penalty fired on fragmentary split layout with no valid anchor and no non-singleton split support; scalar penalty fired on float-like/scalar template; text penalty fired on little-endian ASCII/UTF16-like chunks
positive = target value matches, f08 nonzero, f08 not float-like, f18 nonzero, f18 not float-like, f20 nonzero, f20 not float-like, f68 nonzero, f68 not float-like, f70 nonzero, f70 not float-like, f78 nonzero, f78 not float-like, f58 nonzero, f58 not float-like, front metadata present, tail reference block present
negative = none

--- Candidate #23 ---
value_addr = 0x2D409995D90
base_addr  = 0x2D409995D68
f08 = 0x19200002
f18 = 0x01C3D110
f20 = 0x023600E4
f28 = 0x42C80000 (100.0)
f58 = 0x20000236
f68 = 0xC3D11006
f70 = 0x3600E441
f78 = 0x80000043
rank_position = 23
base_score = 40
prescore_score = 40
final_score = 28
total adjustment = -12
score = 28
hard_pass = true
flags = target_match, strong_front_block, strong_tail_block, object_like, template_clone_family
score_breakdown = +10 target_match; +2 f08_nonzero; +2 f08_not_floatlike; +2 f18_nonzero; +2 f18_not_floatlike; +2 f20_nonzero; +2 f20_not_floatlike; +2 f68_nonzero; +2 f68_not_floatlike; +2 f70_nonzero; +2 f70_not_floatlike; +2 f78_nonzero; +2 f78_not_floatlike; +3 f58_nonzero; +2 f58_not_floatlike; +1 legacy_pointer_balanced_compat; -12 clone_penalty
code_blob_score = 0
code_blob_penalty = 0
scalar_block_score = 3
scalar_block_penalty = 0
text_block_score = 0
text_block_penalty = 0
template_family_id = cls:XADXXXX|layout:scattered|fptr:1|tptr:0|align:1|preg:1|dom:1|fns:0|tns:0|scalar:0|text:0|blob:0|mirror:0
clone_family_id = layout:scattered|fptr:1|tptr:0|align:1|preg:1|dom:1|fns:0|tns:0|scalar:0|text:0|blob:0|mirror:0
template_family_size = 7
clone_penalty = 12
mirrored_penalty = 0
pointer_reward = 0
strong_structure_bonus = 0
sparse_anchor_tail_penalty = 0
anchored_fragmented_split_penalty = 0
one_sided_anchorless_split_penalty = 0
anchorless_partial_split_penalty = 0
isolated_split_penalty = 0
pointer_alignment_count = 1
pointer_region_count = 1
pointer_fields = f18
pointer_cluster_count = 2
front_cluster_count = 2
tail_cluster_count = 0
front_non_singleton_cluster_count = 0
tail_non_singleton_cluster_count = 0
dominant_cluster_size = 1
cluster_layout = scattered
has_valid_anchor = true
dominant_cluster_covers_majority = false
isolated_split_like = false
tie_break_vector = final=28|family=7|pointer=0|isolated=0|blob=0|scalar=0|text=0|clone=12|mirror=0|neg=0|addr=0x2D409995D90
rank_reason = family size 7 raised clone penalty on scattered pointer-poor family
positive = target value matches, f08 nonzero, f08 not float-like, f18 nonzero, f18 not float-like, f20 nonzero, f20 not float-like, f68 nonzero, f68 not float-like, f70 nonzero, f70 not float-like, f78 nonzero, f78 not float-like, f58 nonzero, f58 not float-like, front metadata present, tail reference block present
negative = none

--- Candidate #24 ---
value_addr = 0x2D409BFA4A4
base_addr  = 0x2D409BFA47C
f08 = 0x36004100
f18 = 0x002002B0
f20 = 0xB402383F
f28 = 0x42C80000 (100.0)
f58 = 0x2002C402
f68 = 0x37000229
f70 = 0x83E4C041
f78 = 0x20080236
rank_position = 24
base_score = 40
prescore_score = 40
final_score = 28
total adjustment = -12
score = 28
hard_pass = true
flags = target_match, strong_front_block, strong_tail_block, object_like, template_clone_family
score_breakdown = +10 target_match; +2 f08_nonzero; +2 f08_not_floatlike; +2 f18_nonzero; +2 f18_not_floatlike; +2 f20_nonzero; +2 f20_not_floatlike; +2 f68_nonzero; +2 f68_not_floatlike; +2 f70_nonzero; +2 f70_not_floatlike; +2 f78_nonzero; +2 f78_not_floatlike; +3 f58_nonzero; +2 f58_not_floatlike; +1 legacy_pointer_balanced_compat; -12 clone_penalty
code_blob_score = 0
code_blob_penalty = 0
scalar_block_score = 5
scalar_block_penalty = 0
text_block_score = 0
text_block_penalty = 0
template_family_id = cls:DAXXXXX|layout:scattered|fptr:1|tptr:0|align:1|preg:1|dom:1|fns:0|tns:0|scalar:0|text:0|blob:0|mirror:0
clone_family_id = layout:scattered|fptr:1|tptr:0|align:1|preg:1|dom:1|fns:0|tns:0|scalar:0|text:0|blob:0|mirror:0
template_family_size = 7
clone_penalty = 12
mirrored_penalty = 0
pointer_reward = 0
strong_structure_bonus = 0
sparse_anchor_tail_penalty = 0
anchored_fragmented_split_penalty = 0
one_sided_anchorless_split_penalty = 0
anchorless_partial_split_penalty = 0
isolated_split_penalty = 0
pointer_alignment_count = 1
pointer_region_count = 1
pointer_fields = f18
pointer_cluster_count = 2
front_cluster_count = 2
tail_cluster_count = 0
front_non_singleton_cluster_count = 0
tail_non_singleton_cluster_count = 0
dominant_cluster_size = 1
cluster_layout = scattered
has_valid_anchor = true
dominant_cluster_covers_majority = false
isolated_split_like = false
tie_break_vector = final=28|family=7|pointer=0|isolated=0|blob=0|scalar=0|text=0|clone=12|mirror=0|neg=0|addr=0x2D409BFA4A4
rank_reason = family size 7 raised clone penalty on scattered pointer-poor family
positive = target value matches, f08 nonzero, f08 not float-like, f18 nonzero, f18 not float-like, f20 nonzero, f20 not float-like, f68 nonzero, f68 not float-like, f70 nonzero, f70 not float-like, f78 nonzero, f78 not float-like, f58 nonzero, f58 not float-like, front metadata present, tail reference block present
negative = none

--- Candidate #25 ---
value_addr = 0x2D40A511F9C
base_addr  = 0x2D40A511F74
f08 = 0x00004300
f18 = 0x20600238
f20 = 0x023842C8
f28 = 0x42C80000 (100.0)
f58 = 0x41022104
f68 = 0x04804101
f70 = 0x74022801
f78 = 0xFAD21001
rank_position = 25
base_score = 40
prescore_score = 40
final_score = 28
total adjustment = -12
score = 28
hard_pass = true
flags = target_match, strong_front_block, strong_tail_block, object_like, template_clone_family
score_breakdown = +10 target_match; +2 f08_nonzero; +2 f08_not_floatlike; +2 f18_nonzero; +2 f18_not_floatlike; +2 f20_nonzero; +2 f20_not_floatlike; +2 f68_nonzero; +2 f68_not_floatlike; +2 f70_nonzero; +2 f70_not_floatlike; +2 f78_nonzero; +2 f78_not_floatlike; +3 f58_nonzero; +2 f58_not_floatlike; +1 legacy_pointer_balanced_compat; -12 clone_penalty
code_blob_score = 0
code_blob_penalty = 0
scalar_block_score = 5
scalar_block_penalty = 0
text_block_score = 0
text_block_penalty = 0
template_family_id = cls:XDADXXX|layout:scattered|fptr:1|tptr:0|align:1|preg:1|dom:1|fns:0|tns:0|scalar:0|text:0|blob:0|mirror:0
clone_family_id = layout:scattered|fptr:1|tptr:0|align:1|preg:1|dom:1|fns:0|tns:0|scalar:0|text:0|blob:0|mirror:0
template_family_size = 7
clone_penalty = 12
mirrored_penalty = 0
pointer_reward = 0
strong_structure_bonus = 0
sparse_anchor_tail_penalty = 0
anchored_fragmented_split_penalty = 0
one_sided_anchorless_split_penalty = 0
anchorless_partial_split_penalty = 0
isolated_split_penalty = 0
pointer_alignment_count = 1
pointer_region_count = 1
pointer_fields = f20
pointer_cluster_count = 2
front_cluster_count = 2
tail_cluster_count = 0
front_non_singleton_cluster_count = 0
tail_non_singleton_cluster_count = 0
dominant_cluster_size = 1
cluster_layout = scattered
has_valid_anchor = true
dominant_cluster_covers_majority = false
isolated_split_like = false
tie_break_vector = final=28|family=7|pointer=0|isolated=0|blob=0|scalar=0|text=0|clone=12|mirror=0|neg=0|addr=0x2D40A511F9C
rank_reason = family size 7 raised clone penalty on scattered pointer-poor family
positive = target value matches, f08 nonzero, f08 not float-like, f18 nonzero, f18 not float-like, f20 nonzero, f20 not float-like, f68 nonzero, f68 not float-like, f70 nonzero, f70 not float-like, f78 nonzero, f78 not float-like, f58 nonzero, f58 not float-like, front metadata present, tail reference block present
negative = none

--- Candidate #26 ---
value_addr = 0x2D40A627AD8
base_addr  = 0x2D40A627AB0
f08 = 0x02204004
f18 = 0x00410B0B
f20 = 0x00204004
f28 = 0x42C80000 (100.0)
f58 = 0x012004B7
f68 = 0x20410723
f70 = 0x37004201
f78 = 0x02370042
rank_position = 26
base_score = 40
prescore_score = 40
final_score = 28
total adjustment = -12
score = 28
hard_pass = true
flags = target_match, strong_front_block, strong_tail_block, object_like, template_clone_family
score_breakdown = +10 target_match; +2 f08_nonzero; +2 f08_not_floatlike; +2 f18_nonzero; +2 f18_not_floatlike; +2 f20_nonzero; +2 f20_not_floatlike; +2 f68_nonzero; +2 f68_not_floatlike; +2 f70_nonzero; +2 f70_not_floatlike; +2 f78_nonzero; +2 f78_not_floatlike; +3 f58_nonzero; +2 f58_not_floatlike; +1 legacy_pointer_balanced_compat; -12 clone_penalty
code_blob_score = 0
code_blob_penalty = 0
scalar_block_score = 3
scalar_block_penalty = 0
text_block_score = 0
text_block_penalty = 0
template_family_id = cls:AXDXXXX|layout:scattered|fptr:1|tptr:0|align:1|preg:1|dom:1|fns:0|tns:0|scalar:0|text:0|blob:0|mirror:0
clone_family_id = layout:scattered|fptr:1|tptr:0|align:1|preg:1|dom:1|fns:0|tns:0|scalar:0|text:0|blob:0|mirror:0
template_family_size = 7
clone_penalty = 12
mirrored_penalty = 0
pointer_reward = 0
strong_structure_bonus = 0
sparse_anchor_tail_penalty = 0
anchored_fragmented_split_penalty = 0
one_sided_anchorless_split_penalty = 0
anchorless_partial_split_penalty = 0
isolated_split_penalty = 0
pointer_alignment_count = 1
pointer_region_count = 1
pointer_fields = f08
pointer_cluster_count = 2
front_cluster_count = 2
tail_cluster_count = 0
front_non_singleton_cluster_count = 0
tail_non_singleton_cluster_count = 0
dominant_cluster_size = 1
cluster_layout = scattered
has_valid_anchor = true
dominant_cluster_covers_majority = false
isolated_split_like = false
tie_break_vector = final=28|family=7|pointer=0|isolated=0|blob=0|scalar=0|text=0|clone=12|mirror=0|neg=0|addr=0x2D40A627AD8
rank_reason = family size 7 raised clone penalty on scattered pointer-poor family
positive = target value matches, f08 nonzero, f08 not float-like, f18 nonzero, f18 not float-like, f20 nonzero, f20 not float-like, f68 nonzero, f68 not float-like, f70 nonzero, f70 not float-like, f78 nonzero, f78 not float-like, f58 nonzero, f58 not float-like, front metadata present, tail reference block present
negative = none

--- Candidate #27 ---
value_addr = 0x28E402AA5944
base_addr  = 0x28E402AA591C
f08 = 0x60000000
f18 = 0xE0229501
f20 = 0x2020BC94
f28 = 0x42C80000 (100.0)
f58 = 0x20000236
f68 = 0xEA200B01
f70 = 0x01DD2001
f78 = 0x00023671
rank_position = 27
base_score = 40
prescore_score = 40
final_score = 28
total adjustment = -12
score = 28
hard_pass = true
flags = target_match, strong_front_block, strong_tail_block, object_like, template_clone_family
score_breakdown = +10 target_match; +2 f08_nonzero; +2 f08_not_floatlike; +2 f18_nonzero; +2 f18_not_floatlike; +2 f20_nonzero; +2 f20_not_floatlike; +2 f68_nonzero; +2 f68_not_floatlike; +2 f70_nonzero; +2 f70_not_floatlike; +2 f78_nonzero; +2 f78_not_floatlike; +3 f58_nonzero; +2 f58_not_floatlike; +1 legacy_pointer_balanced_compat; -12 clone_penalty
code_blob_score = 0
code_blob_penalty = 0
scalar_block_score = 3
scalar_block_penalty = 0
text_block_score = 0
text_block_penalty = 0
template_family_id = cls:AXDXXXX|layout:scattered|fptr:1|tptr:0|align:1|preg:1|dom:1|fns:0|tns:0|scalar:0|text:0|blob:0|mirror:0
clone_family_id = layout:scattered|fptr:1|tptr:0|align:1|preg:1|dom:1|fns:0|tns:0|scalar:0|text:0|blob:0|mirror:0
template_family_size = 7
clone_penalty = 12
mirrored_penalty = 0
pointer_reward = 0
strong_structure_bonus = 0
sparse_anchor_tail_penalty = 0
anchored_fragmented_split_penalty = 0
one_sided_anchorless_split_penalty = 0
anchorless_partial_split_penalty = 0
isolated_split_penalty = 0
pointer_alignment_count = 1
pointer_region_count = 1
pointer_fields = f08
pointer_cluster_count = 2
front_cluster_count = 2
tail_cluster_count = 0
front_non_singleton_cluster_count = 0
tail_non_singleton_cluster_count = 0
dominant_cluster_size = 1
cluster_layout = scattered
has_valid_anchor = true
dominant_cluster_covers_majority = false
isolated_split_like = false
tie_break_vector = final=28|family=7|pointer=0|isolated=0|blob=0|scalar=0|text=0|clone=12|mirror=0|neg=0|addr=0x28E402AA5944
rank_reason = family size 7 raised clone penalty on scattered pointer-poor family
positive = target value matches, f08 nonzero, f08 not float-like, f18 nonzero, f18 not float-like, f20 nonzero, f20 not float-like, f68 nonzero, f68 not float-like, f70 nonzero, f70 not float-like, f78 nonzero, f78 not float-like, f58 nonzero, f58 not float-like, front metadata present, tail reference block present
negative = none

--- Candidate #28 ---
value_addr = 0x28E402D95D90
base_addr  = 0x28E402D95D68
f08 = 0x19200002
f18 = 0x01C3D110
f20 = 0x023600E4
f28 = 0x42C80000 (100.0)
f58 = 0x20000236
f68 = 0xC3D11006
f70 = 0x3600E441
f78 = 0x80000043
rank_position = 28
base_score = 40
prescore_score = 40
final_score = 28
total adjustment = -12
score = 28
hard_pass = true
flags = target_match, strong_front_block, strong_tail_block, object_like, template_clone_family
score_breakdown = +10 target_match; +2 f08_nonzero; +2 f08_not_floatlike; +2 f18_nonzero; +2 f18_not_floatlike; +2 f20_nonzero; +2 f20_not_floatlike; +2 f68_nonzero; +2 f68_not_floatlike; +2 f70_nonzero; +2 f70_not_floatlike; +2 f78_nonzero; +2 f78_not_floatlike; +3 f58_nonzero; +2 f58_not_floatlike; +1 legacy_pointer_balanced_compat; -12 clone_penalty
code_blob_score = 0
code_blob_penalty = 0
scalar_block_score = 3
scalar_block_penalty = 0
text_block_score = 0
text_block_penalty = 0
template_family_id = cls:XADXXXX|layout:scattered|fptr:1|tptr:0|align:1|preg:1|dom:1|fns:0|tns:0|scalar:0|text:0|blob:0|mirror:0
clone_family_id = layout:scattered|fptr:1|tptr:0|align:1|preg:1|dom:1|fns:0|tns:0|scalar:0|text:0|blob:0|mirror:0
template_family_size = 7
clone_penalty = 12
mirrored_penalty = 0
pointer_reward = 0
strong_structure_bonus = 0
sparse_anchor_tail_penalty = 0
anchored_fragmented_split_penalty = 0
one_sided_anchorless_split_penalty = 0
anchorless_partial_split_penalty = 0
isolated_split_penalty = 0
pointer_alignment_count = 1
pointer_region_count = 1
pointer_fields = f18
pointer_cluster_count = 2
front_cluster_count = 2
tail_cluster_count = 0
front_non_singleton_cluster_count = 0
tail_non_singleton_cluster_count = 0
dominant_cluster_size = 1
cluster_layout = scattered
has_valid_anchor = true
dominant_cluster_covers_majority = false
isolated_split_like = false
tie_break_vector = final=28|family=7|pointer=0|isolated=0|blob=0|scalar=0|text=0|clone=12|mirror=0|neg=0|addr=0x28E402D95D90
rank_reason = family size 7 raised clone penalty on scattered pointer-poor family
positive = target value matches, f08 nonzero, f08 not float-like, f18 nonzero, f18 not float-like, f20 nonzero, f20 not float-like, f68 nonzero, f68 not float-like, f70 nonzero, f70 not float-like, f78 nonzero, f78 not float-like, f58 nonzero, f58 not float-like, front metadata present, tail reference block present
negative = none

--- Candidate #29 ---
value_addr = 0x28E402FFA4A4
base_addr  = 0x28E402FFA47C
f08 = 0x36004100
f18 = 0x002002B0
f20 = 0xB402383F
f28 = 0x42C80000 (100.0)
f58 = 0x2002C402
f68 = 0x37000229
f70 = 0x83E4C041
f78 = 0x20080236
rank_position = 29
base_score = 40
prescore_score = 40
final_score = 28
total adjustment = -12
score = 28
hard_pass = true
flags = target_match, strong_front_block, strong_tail_block, object_like, template_clone_family
score_breakdown = +10 target_match; +2 f08_nonzero; +2 f08_not_floatlike; +2 f18_nonzero; +2 f18_not_floatlike; +2 f20_nonzero; +2 f20_not_floatlike; +2 f68_nonzero; +2 f68_not_floatlike; +2 f70_nonzero; +2 f70_not_floatlike; +2 f78_nonzero; +2 f78_not_floatlike; +3 f58_nonzero; +2 f58_not_floatlike; +1 legacy_pointer_balanced_compat; -12 clone_penalty
code_blob_score = 0
code_blob_penalty = 0
scalar_block_score = 5
scalar_block_penalty = 0
text_block_score = 0
text_block_penalty = 0
template_family_id = cls:DAXXXXX|layout:scattered|fptr:1|tptr:0|align:1|preg:1|dom:1|fns:0|tns:0|scalar:0|text:0|blob:0|mirror:0
clone_family_id = layout:scattered|fptr:1|tptr:0|align:1|preg:1|dom:1|fns:0|tns:0|scalar:0|text:0|blob:0|mirror:0
template_family_size = 7
clone_penalty = 12
mirrored_penalty = 0
pointer_reward = 0
strong_structure_bonus = 0
sparse_anchor_tail_penalty = 0
anchored_fragmented_split_penalty = 0
one_sided_anchorless_split_penalty = 0
anchorless_partial_split_penalty = 0
isolated_split_penalty = 0
pointer_alignment_count = 1
pointer_region_count = 1
pointer_fields = f18
pointer_cluster_count = 2
front_cluster_count = 2
tail_cluster_count = 0
front_non_singleton_cluster_count = 0
tail_non_singleton_cluster_count = 0
dominant_cluster_size = 1
cluster_layout = scattered
has_valid_anchor = true
dominant_cluster_covers_majority = false
isolated_split_like = false
tie_break_vector = final=28|family=7|pointer=0|isolated=0|blob=0|scalar=0|text=0|clone=12|mirror=0|neg=0|addr=0x28E402FFA4A4
rank_reason = family size 7 raised clone penalty on scattered pointer-poor family
positive = target value matches, f08 nonzero, f08 not float-like, f18 nonzero, f18 not float-like, f20 nonzero, f20 not float-like, f68 nonzero, f68 not float-like, f70 nonzero, f70 not float-like, f78 nonzero, f78 not float-like, f58 nonzero, f58 not float-like, front metadata present, tail reference block present
negative = none

--- Candidate #30 ---
value_addr = 0x2D409F4EA24
base_addr  = 0x2D409F4E9FC
f08 = 0x090B3402
f18 = 0x07237F01
f20 = 0x246A2041
f28 = 0x42C80000 (100.0)
f58 = 0x20012004
f68 = 0x01200222
f70 = 0x00200002
f78 = 0x18023700
rank_position = 30
base_score = 40
prescore_score = 40
final_score = 28
total adjustment = -12
score = 28
hard_pass = true
flags = target_match, strong_front_block, strong_tail_block, object_like, template_clone_family
score_breakdown = +10 target_match; +2 f08_nonzero; +2 f08_not_floatlike; +2 f18_nonzero; +2 f18_not_floatlike; +2 f20_nonzero; +2 f20_not_floatlike; +2 f68_nonzero; +2 f68_not_floatlike; +2 f70_nonzero; +2 f70_not_floatlike; +2 f78_nonzero; +2 f78_not_floatlike; +3 f58_nonzero; +2 f58_not_floatlike; +1 legacy_pointer_balanced_compat; -12 clone_penalty
code_blob_score = 0
code_blob_penalty = 0
scalar_block_score = 3
scalar_block_penalty = 0
text_block_score = 0
text_block_penalty = 0
template_family_id = cls:XXXAXXD|layout:scattered|fptr:0|tptr:0|align:1|preg:1|dom:1|fns:0|tns:0|scalar:0|text:0|blob:0|mirror:0
clone_family_id = layout:scattered|fptr:0|tptr:0|align:1|preg:1|dom:1|fns:0|tns:0|scalar:0|text:0|blob:0|mirror:0
template_family_size = 8
clone_penalty = 12
mirrored_penalty = 0
pointer_reward = 0
strong_structure_bonus = 0
sparse_anchor_tail_penalty = 0
anchored_fragmented_split_penalty = 0
one_sided_anchorless_split_penalty = 0
anchorless_partial_split_penalty = 0
isolated_split_penalty = 0
pointer_alignment_count = 1
pointer_region_count = 1
pointer_fields = f58
pointer_cluster_count = 1
front_cluster_count = 0
tail_cluster_count = 1
front_non_singleton_cluster_count = 0
tail_non_singleton_cluster_count = 0
dominant_cluster_size = 1
cluster_layout = scattered
has_valid_anchor = true
dominant_cluster_covers_majority = false
isolated_split_like = false
tie_break_vector = final=28|family=8|pointer=0|isolated=0|blob=0|scalar=0|text=0|clone=12|mirror=0|neg=0|addr=0x2D409F4EA24
rank_reason = family size 8 raised clone penalty on scattered pointer-poor family
positive = target value matches, f08 nonzero, f08 not float-like, f18 nonzero, f18 not float-like, f20 nonzero, f20 not float-like, f68 nonzero, f68 not float-like, f70 nonzero, f70 not float-like, f78 nonzero, f78 not float-like, f58 nonzero, f58 not float-like, front metadata present, tail reference block present
negative = none

--- Candidate #31 ---
value_addr = 0x2D40F806058
base_addr  = 0x2D40F806030
f08 = 0x01170830
f18 = 0x1F07C802
f20 = 0x8F0C6805
f28 = 0x42C80000 (100.0)
f58 = 0x2C0C011C
f68 = 0x0CC8311F
f70 = 0xFA1FFC01
f78 = 0xFC022095
rank_position = 31
base_score = 40
prescore_score = 40
final_score = 28
total adjustment = -12
score = 28
hard_pass = true
flags = target_match, strong_front_block, strong_tail_block, object_like, template_clone_family
score_breakdown = +10 target_match; +2 f08_nonzero; +2 f08_not_floatlike; +2 f18_nonzero; +2 f18_not_floatlike; +2 f20_nonzero; +2 f20_not_floatlike; +2 f68_nonzero; +2 f68_not_floatlike; +2 f70_nonzero; +2 f70_not_floatlike; +2 f78_nonzero; +2 f78_not_floatlike; +3 f58_nonzero; +2 f58_not_floatlike; +1 legacy_pointer_balanced_compat; -12 clone_penalty
code_blob_score = 0
code_blob_penalty = 0
scalar_block_score = 3
scalar_block_penalty = 0
text_block_score = 0
text_block_penalty = 0
template_family_id = cls:DXXAXXX|layout:scattered|fptr:0|tptr:0|align:1|preg:1|dom:1|fns:0|tns:0|scalar:0|text:0|blob:0|mirror:0
clone_family_id = layout:scattered|fptr:0|tptr:0|align:1|preg:1|dom:1|fns:0|tns:0|scalar:0|text:0|blob:0|mirror:0
template_family_size = 8
clone_penalty = 12
mirrored_penalty = 0
pointer_reward = 0
strong_structure_bonus = 0
sparse_anchor_tail_penalty = 0
anchored_fragmented_split_penalty = 0
one_sided_anchorless_split_penalty = 0
anchorless_partial_split_penalty = 0
isolated_split_penalty = 0
pointer_alignment_count = 1
pointer_region_count = 1
pointer_fields = f58
pointer_cluster_count = 1
front_cluster_count = 1
tail_cluster_count = 0
front_non_singleton_cluster_count = 0
tail_non_singleton_cluster_count = 0
dominant_cluster_size = 1
cluster_layout = scattered
has_valid_anchor = true
dominant_cluster_covers_majority = false
isolated_split_like = false
tie_break_vector = final=28|family=8|pointer=0|isolated=0|blob=0|scalar=0|text=0|clone=12|mirror=0|neg=0|addr=0x2D40F806058
rank_reason = family size 8 raised clone penalty on scattered pointer-poor family
positive = target value matches, f08 nonzero, f08 not float-like, f18 nonzero, f18 not float-like, f20 nonzero, f20 not float-like, f68 nonzero, f68 not float-like, f70 nonzero, f70 not float-like, f78 nonzero, f78 not float-like, f58 nonzero, f58 not float-like, front metadata present, tail reference block present
negative = none

--- Candidate #32 ---
value_addr = 0x2D800C67148
base_addr  = 0x2D800C67120
f08 = 0x43C7FFFF
f18 = 0x4261E821
f20 = 0xC261E821
f28 = 0x42C80000 (100.0)
f58 = 0x00C670F0
f68 = 0xFFFFFFA6
f70 = 0x3BCCCCCD
f78 = 0x43200000
rank_position = 32
base_score = 40
prescore_score = 40
final_score = 28
total adjustment = -12
score = 28
hard_pass = true
flags = target_match, strong_front_block, strong_tail_block, object_like, template_clone_family
score_breakdown = +10 target_match; +2 f08_nonzero; +2 f08_not_floatlike; +2 f18_nonzero; +2 f18_not_floatlike; +2 f20_nonzero; +2 f20_not_floatlike; +2 f68_nonzero; +2 f68_not_floatlike; +2 f70_nonzero; +2 f70_not_floatlike; +2 f78_nonzero; +2 f78_not_floatlike; +3 f58_nonzero; +2 f58_not_floatlike; +1 legacy_pointer_balanced_compat; -12 clone_penalty
code_blob_score = 0
code_blob_penalty = 0
scalar_block_score = 5
scalar_block_penalty = 0
text_block_score = 0
text_block_penalty = 0
template_family_id = cls:XXXAXXD|layout:scattered|fptr:0|tptr:0|align:1|preg:1|dom:1|fns:0|tns:0|scalar:0|text:0|blob:0|mirror:0
clone_family_id = layout:scattered|fptr:0|tptr:0|align:1|preg:1|dom:1|fns:0|tns:0|scalar:0|text:0|blob:0|mirror:0
template_family_size = 8
clone_penalty = 12
mirrored_penalty = 0
pointer_reward = 0
strong_structure_bonus = 0
sparse_anchor_tail_penalty = 0
anchored_fragmented_split_penalty = 0
one_sided_anchorless_split_penalty = 0
anchorless_partial_split_penalty = 0
isolated_split_penalty = 0
pointer_alignment_count = 1
pointer_region_count = 1
pointer_fields = f58
pointer_cluster_count = 1
front_cluster_count = 0
tail_cluster_count = 1
front_non_singleton_cluster_count = 0
tail_non_singleton_cluster_count = 0
dominant_cluster_size = 1
cluster_layout = scattered
has_valid_anchor = true
dominant_cluster_covers_majority = false
isolated_split_like = false
tie_break_vector = final=28|family=8|pointer=0|isolated=0|blob=0|scalar=0|text=0|clone=12|mirror=0|neg=0|addr=0x2D800C67148
rank_reason = family size 8 raised clone penalty on scattered pointer-poor family
positive = target value matches, f08 nonzero, f08 not float-like, f18 nonzero, f18 not float-like, f20 nonzero, f20 not float-like, f68 nonzero, f68 not float-like, f70 nonzero, f70 not float-like, f78 nonzero, f78 not float-like, f58 nonzero, f58 not float-like, front metadata present, tail reference block present
negative = none

--- Candidate #33 ---
value_addr = 0x2D800C67268
base_addr  = 0x2D800C67240
f08 = 0x43C7FFFF
f18 = 0x4261E821
f20 = 0xC261E821
f28 = 0x42C80000 (100.0)
f58 = 0x00C67210
f68 = 0xFFFFFFA6
f70 = 0x3BCCCCCD
f78 = 0x43200000
rank_position = 33
base_score = 40
prescore_score = 40
final_score = 28
total adjustment = -12
score = 28
hard_pass = true
flags = target_match, strong_front_block, strong_tail_block, object_like, template_clone_family
score_breakdown = +10 target_match; +2 f08_nonzero; +2 f08_not_floatlike; +2 f18_nonzero; +2 f18_not_floatlike; +2 f20_nonzero; +2 f20_not_floatlike; +2 f68_nonzero; +2 f68_not_floatlike; +2 f70_nonzero; +2 f70_not_floatlike; +2 f78_nonzero; +2 f78_not_floatlike; +3 f58_nonzero; +2 f58_not_floatlike; +1 legacy_pointer_balanced_compat; -12 clone_penalty
code_blob_score = 0
code_blob_penalty = 0
scalar_block_score = 5
scalar_block_penalty = 0
text_block_score = 0
text_block_penalty = 0
template_family_id = cls:XXXAXXD|layout:scattered|fptr:0|tptr:0|align:1|preg:1|dom:1|fns:0|tns:0|scalar:0|text:0|blob:0|mirror:0
clone_family_id = layout:scattered|fptr:0|tptr:0|align:1|preg:1|dom:1|fns:0|tns:0|scalar:0|text:0|blob:0|mirror:0
template_family_size = 8
clone_penalty = 12
mirrored_penalty = 0
pointer_reward = 0
strong_structure_bonus = 0
sparse_anchor_tail_penalty = 0
anchored_fragmented_split_penalty = 0
one_sided_anchorless_split_penalty = 0
anchorless_partial_split_penalty = 0
isolated_split_penalty = 0
pointer_alignment_count = 1
pointer_region_count = 1
pointer_fields = f58
pointer_cluster_count = 1
front_cluster_count = 0
tail_cluster_count = 1
front_non_singleton_cluster_count = 0
tail_non_singleton_cluster_count = 0
dominant_cluster_size = 1
cluster_layout = scattered
has_valid_anchor = true
dominant_cluster_covers_majority = false
isolated_split_like = false
tie_break_vector = final=28|family=8|pointer=0|isolated=0|blob=0|scalar=0|text=0|clone=12|mirror=0|neg=0|addr=0x2D800C67268
rank_reason = family size 8 raised clone penalty on scattered pointer-poor family
positive = target value matches, f08 nonzero, f08 not float-like, f18 nonzero, f18 not float-like, f20 nonzero, f20 not float-like, f68 nonzero, f68 not float-like, f70 nonzero, f70 not float-like, f78 nonzero, f78 not float-like, f58 nonzero, f58 not float-like, front metadata present, tail reference block present
negative = none

--- Candidate #34 ---
value_addr = 0x2D802D65A5C
base_addr  = 0x2D802D65A34
f08 = 0x00000002
f18 = 0x02D659E0
f20 = 0xC2C80000
f28 = 0x42C80000 (100.0)
f58 = 0xFFFFFF80
f68 = 0x000000F2
f70 = 0xABABABAB
f78 = 0x000001B1
rank_position = 34
base_score = 40
prescore_score = 40
final_score = 28
total adjustment = -12
score = 28
hard_pass = true
flags = target_match, strong_front_block, strong_tail_block, object_like, template_clone_family
score_breakdown = +10 target_match; +2 f08_nonzero; +2 f08_not_floatlike; +2 f18_nonzero; +2 f18_not_floatlike; +2 f20_nonzero; +2 f20_not_floatlike; +2 f68_nonzero; +2 f68_not_floatlike; +2 f70_nonzero; +2 f70_not_floatlike; +2 f78_nonzero; +2 f78_not_floatlike; +3 f58_nonzero; +2 f58_not_floatlike; +1 legacy_pointer_balanced_compat; -12 clone_penalty
code_blob_score = 0
code_blob_penalty = 0
scalar_block_score = 5
scalar_block_penalty = 0
text_block_score = 0
text_block_penalty = 0
template_family_id = cls:SDDASXS|layout:scattered|fptr:0|tptr:0|align:1|preg:1|dom:1|fns:0|tns:0|scalar:0|text:0|blob:0|mirror:0
clone_family_id = layout:scattered|fptr:0|tptr:0|align:1|preg:1|dom:1|fns:0|tns:0|scalar:0|text:0|blob:0|mirror:0
template_family_size = 8
clone_penalty = 12
mirrored_penalty = 0
pointer_reward = 0
strong_structure_bonus = 0
sparse_anchor_tail_penalty = 0
anchored_fragmented_split_penalty = 0
one_sided_anchorless_split_penalty = 0
anchorless_partial_split_penalty = 0
isolated_split_penalty = 0
pointer_alignment_count = 1
pointer_region_count = 1
pointer_fields = f58
pointer_cluster_count = 2
front_cluster_count = 2
tail_cluster_count = 0
front_non_singleton_cluster_count = 0
tail_non_singleton_cluster_count = 0
dominant_cluster_size = 1
cluster_layout = scattered
has_valid_anchor = true
dominant_cluster_covers_majority = false
isolated_split_like = false
tie_break_vector = final=28|family=8|pointer=0|isolated=0|blob=0|scalar=0|text=0|clone=12|mirror=0|neg=0|addr=0x2D802D65A5C
rank_reason = family size 8 raised clone penalty on scattered pointer-poor family
positive = target value matches, f08 nonzero, f08 not float-like, f18 nonzero, f18 not float-like, f20 nonzero, f20 not float-like, f68 nonzero, f68 not float-like, f70 nonzero, f70 not float-like, f78 nonzero, f78 not float-like, f58 nonzero, f58 not float-like, front metadata present, tail reference block present
negative = none

--- Candidate #35 ---
value_addr = 0x2D8038BBF9C
base_addr  = 0x2D8038BBF74
f08 = 0x00000002
f18 = 0x038BBF20
f20 = 0xC2480000
f28 = 0x42C80000 (100.0)
f58 = 0x00210000
f68 = 0x000000F3
f70 = 0xABABABAB
f78 = 0x000001B1
rank_position = 35
base_score = 40
prescore_score = 40
final_score = 28
total adjustment = -12
score = 28
hard_pass = true
flags = target_match, strong_front_block, strong_tail_block, object_like, template_clone_family
score_breakdown = +10 target_match; +2 f08_nonzero; +2 f08_not_floatlike; +2 f18_nonzero; +2 f18_not_floatlike; +2 f20_nonzero; +2 f20_not_floatlike; +2 f68_nonzero; +2 f68_not_floatlike; +2 f70_nonzero; +2 f70_not_floatlike; +2 f78_nonzero; +2 f78_not_floatlike; +3 f58_nonzero; +2 f58_not_floatlike; +1 legacy_pointer_balanced_compat; -12 clone_penalty
code_blob_score = 0
code_blob_penalty = 0
scalar_block_score = 5
scalar_block_penalty = 0
text_block_score = 0
text_block_penalty = 0
template_family_id = cls:SDDASXS|layout:scattered|fptr:0|tptr:0|align:1|preg:1|dom:1|fns:0|tns:0|scalar:0|text:0|blob:0|mirror:0
clone_family_id = layout:scattered|fptr:0|tptr:0|align:1|preg:1|dom:1|fns:0|tns:0|scalar:0|text:0|blob:0|mirror:0
template_family_size = 8
clone_penalty = 12
mirrored_penalty = 0
pointer_reward = 0
strong_structure_bonus = 0
sparse_anchor_tail_penalty = 0
anchored_fragmented_split_penalty = 0
one_sided_anchorless_split_penalty = 0
anchorless_partial_split_penalty = 0
isolated_split_penalty = 0
pointer_alignment_count = 1
pointer_region_count = 1
pointer_fields = f58
pointer_cluster_count = 2
front_cluster_count = 2
tail_cluster_count = 0
front_non_singleton_cluster_count = 0
tail_non_singleton_cluster_count = 0
dominant_cluster_size = 1
cluster_layout = scattered
has_valid_anchor = true
dominant_cluster_covers_majority = false
isolated_split_like = false
tie_break_vector = final=28|family=8|pointer=0|isolated=0|blob=0|scalar=0|text=0|clone=12|mirror=0|neg=0|addr=0x2D8038BBF9C
rank_reason = family size 8 raised clone penalty on scattered pointer-poor family
positive = target value matches, f08 nonzero, f08 not float-like, f18 nonzero, f18 not float-like, f20 nonzero, f20 not float-like, f68 nonzero, f68 not float-like, f70 nonzero, f70 not float-like, f78 nonzero, f78 not float-like, f58 nonzero, f58 not float-like, front metadata present, tail reference block present
negative = none

--- Candidate #36 ---
value_addr = 0x2D8042C76FC
base_addr  = 0x2D8042C76D4
f08 = 0x00000002
f18 = 0x042C7680
f20 = 0x80000000
f28 = 0x42C80000 (100.0)
f58 = 0x6F660000
f68 = 0x000000F2
f70 = 0xABABABAB
f78 = 0x0000021B
rank_position = 36
base_score = 40
prescore_score = 40
final_score = 28
total adjustment = -12
score = 28
hard_pass = true
flags = target_match, strong_front_block, strong_tail_block, object_like, template_clone_family
score_breakdown = +10 target_match; +2 f08_nonzero; +2 f08_not_floatlike; +2 f18_nonzero; +2 f18_not_floatlike; +2 f20_nonzero; +2 f20_not_floatlike; +2 f68_nonzero; +2 f68_not_floatlike; +2 f70_nonzero; +2 f70_not_floatlike; +2 f78_nonzero; +2 f78_not_floatlike; +3 f58_nonzero; +2 f58_not_floatlike; +1 legacy_pointer_balanced_compat; -12 clone_penalty
code_blob_score = 0
code_blob_penalty = 0
scalar_block_score = 3
scalar_block_penalty = 0
text_block_score = 0
text_block_penalty = 0
template_family_id = cls:SDDASXS|layout:scattered|fptr:0|tptr:0|align:1|preg:1|dom:1|fns:0|tns:0|scalar:0|text:0|blob:0|mirror:0
clone_family_id = layout:scattered|fptr:0|tptr:0|align:1|preg:1|dom:1|fns:0|tns:0|scalar:0|text:0|blob:0|mirror:0
template_family_size = 8
clone_penalty = 12
mirrored_penalty = 0
pointer_reward = 0
strong_structure_bonus = 0
sparse_anchor_tail_penalty = 0
anchored_fragmented_split_penalty = 0
one_sided_anchorless_split_penalty = 0
anchorless_partial_split_penalty = 0
isolated_split_penalty = 0
pointer_alignment_count = 1
pointer_region_count = 1
pointer_fields = f58
pointer_cluster_count = 2
front_cluster_count = 2
tail_cluster_count = 0
front_non_singleton_cluster_count = 0
tail_non_singleton_cluster_count = 0
dominant_cluster_size = 1
cluster_layout = scattered
has_valid_anchor = true
dominant_cluster_covers_majority = false
isolated_split_like = false
tie_break_vector = final=28|family=8|pointer=0|isolated=0|blob=0|scalar=0|text=0|clone=12|mirror=0|neg=0|addr=0x2D8042C76FC
rank_reason = family size 8 raised clone penalty on scattered pointer-poor family
positive = target value matches, f08 nonzero, f08 not float-like, f18 nonzero, f18 not float-like, f20 nonzero, f20 not float-like, f68 nonzero, f68 not float-like, f70 nonzero, f70 not float-like, f78 nonzero, f78 not float-like, f58 nonzero, f58 not float-like, front metadata present, tail reference block present
negative = none

--- Candidate #37 ---
value_addr = 0x2D8042D11BC
base_addr  = 0x2D8042D1194
f08 = 0x00000002
f18 = 0x042D1140
f20 = 0xC2C80000
f28 = 0x42C80000 (100.0)
f58 = 0x69230000
f68 = 0x000000F2
f70 = 0xABABABAB
f78 = 0x000001B1
rank_position = 37
base_score = 40
prescore_score = 40
final_score = 28
total adjustment = -12
score = 28
hard_pass = true
flags = target_match, strong_front_block, strong_tail_block, object_like, template_clone_family
score_breakdown = +10 target_match; +2 f08_nonzero; +2 f08_not_floatlike; +2 f18_nonzero; +2 f18_not_floatlike; +2 f20_nonzero; +2 f20_not_floatlike; +2 f68_nonzero; +2 f68_not_floatlike; +2 f70_nonzero; +2 f70_not_floatlike; +2 f78_nonzero; +2 f78_not_floatlike; +3 f58_nonzero; +2 f58_not_floatlike; +1 legacy_pointer_balanced_compat; -12 clone_penalty
code_blob_score = 0
code_blob_penalty = 0
scalar_block_score = 5
scalar_block_penalty = 0
text_block_score = 0
text_block_penalty = 0
template_family_id = cls:SDDASXS|layout:scattered|fptr:0|tptr:0|align:1|preg:1|dom:1|fns:0|tns:0|scalar:0|text:0|blob:0|mirror:0
clone_family_id = layout:scattered|fptr:0|tptr:0|align:1|preg:1|dom:1|fns:0|tns:0|scalar:0|text:0|blob:0|mirror:0
template_family_size = 8
clone_penalty = 12
mirrored_penalty = 0
pointer_reward = 0
strong_structure_bonus = 0
sparse_anchor_tail_penalty = 0
anchored_fragmented_split_penalty = 0
one_sided_anchorless_split_penalty = 0
anchorless_partial_split_penalty = 0
isolated_split_penalty = 0
pointer_alignment_count = 1
pointer_region_count = 1
pointer_fields = f58
pointer_cluster_count = 2
front_cluster_count = 2
tail_cluster_count = 0
front_non_singleton_cluster_count = 0
tail_non_singleton_cluster_count = 0
dominant_cluster_size = 1
cluster_layout = scattered
has_valid_anchor = true
dominant_cluster_covers_majority = false
isolated_split_like = false
tie_break_vector = final=28|family=8|pointer=0|isolated=0|blob=0|scalar=0|text=0|clone=12|mirror=0|neg=0|addr=0x2D8042D11BC
rank_reason = family size 8 raised clone penalty on scattered pointer-poor family
positive = target value matches, f08 nonzero, f08 not float-like, f18 nonzero, f18 not float-like, f20 nonzero, f20 not float-like, f68 nonzero, f68 not float-like, f70 nonzero, f70 not float-like, f78 nonzero, f78 not float-like, f58 nonzero, f58 not float-like, front metadata present, tail reference block present
negative = none

--- Candidate #38 ---
value_addr = 0x2D40A26E904
base_addr  = 0x2D40A26E8DC
f08 = 0x8A100002
f18 = 0x4101200B
f20 = 0x03370042
f28 = 0x42C80000 (100.0)
f58 = 0x6B404100
f68 = 0x00022801
f70 = 0x804101BA
f78 = 0x02280320
rank_position = 38
base_score = 40
prescore_score = 40
final_score = 28
total adjustment = -12
score = 28
hard_pass = true
flags = target_match, strong_front_block, strong_tail_block, object_like, template_clone_family
score_breakdown = +10 target_match; +2 f08_nonzero; +2 f08_not_floatlike; +2 f18_nonzero; +2 f18_not_floatlike; +2 f20_nonzero; +2 f20_not_floatlike; +2 f68_nonzero; +2 f68_not_floatlike; +2 f70_nonzero; +2 f70_not_floatlike; +2 f78_nonzero; +2 f78_not_floatlike; +3 f58_nonzero; +2 f58_not_floatlike; +1 legacy_pointer_balanced_compat; -12 clone_penalty
code_blob_score = 0
code_blob_penalty = 0
scalar_block_score = 3
scalar_block_penalty = 0
text_block_score = 0
text_block_penalty = 0
template_family_id = cls:XXXDXXD|layout:scattered|fptr:0|tptr:0|align:0|preg:0|dom:1|fns:0|tns:0|scalar:0|text:0|blob:0|mirror:0
clone_family_id = layout:scattered|fptr:0|tptr:0|align:0|preg:0|dom:1|fns:0|tns:0|scalar:0|text:0|blob:0|mirror:0
template_family_size = 9
clone_penalty = 12
mirrored_penalty = 0
pointer_reward = 0
strong_structure_bonus = 0
sparse_anchor_tail_penalty = 0
anchored_fragmented_split_penalty = 0
one_sided_anchorless_split_penalty = 0
anchorless_partial_split_penalty = 0
isolated_split_penalty = 0
pointer_alignment_count = 0
pointer_region_count = 0
pointer_fields = none
pointer_cluster_count = 1
front_cluster_count = 0
tail_cluster_count = 1
front_non_singleton_cluster_count = 0
tail_non_singleton_cluster_count = 0
dominant_cluster_size = 1
cluster_layout = scattered
has_valid_anchor = false
dominant_cluster_covers_majority = false
isolated_split_like = false
tie_break_vector = final=28|family=9|pointer=0|isolated=0|blob=0|scalar=0|text=0|clone=12|mirror=0|neg=0|addr=0x2D40A26E904
rank_reason = family size 9 raised clone penalty on scattered pointer-poor family
positive = target value matches, f08 nonzero, f08 not float-like, f18 nonzero, f18 not float-like, f20 nonzero, f20 not float-like, f68 nonzero, f68 not float-like, f70 nonzero, f70 not float-like, f78 nonzero, f78 not float-like, f58 nonzero, f58 not float-like, front metadata present, tail reference block present
negative = none

--- Candidate #39 ---
value_addr = 0x2D800C67848
base_addr  = 0x2D800C67820
f08 = 0x43C7FFFF
f18 = 0x4261E821
f20 = 0xC261E821
f28 = 0x42C80000 (100.0)
f58 = 0xC2C7FFFF
f68 = 0x42C7FFFF
f70 = 0xC2C7FFFF
f78 = 0xC2A7FFFF
rank_position = 39
base_score = 40
prescore_score = 40
final_score = 28
total adjustment = -12
score = 28
hard_pass = true
flags = target_match, strong_front_block, strong_tail_block, object_like, template_clone_family
score_breakdown = +10 target_match; +2 f08_nonzero; +2 f08_not_floatlike; +2 f18_nonzero; +2 f18_not_floatlike; +2 f20_nonzero; +2 f20_not_floatlike; +2 f68_nonzero; +2 f68_not_floatlike; +2 f70_nonzero; +2 f70_not_floatlike; +2 f78_nonzero; +2 f78_not_floatlike; +3 f58_nonzero; +2 f58_not_floatlike; +1 legacy_pointer_balanced_compat; -12 clone_penalty
code_blob_score = 0
code_blob_penalty = 0
scalar_block_score = 3
scalar_block_penalty = 0
text_block_score = 0
text_block_penalty = 0
template_family_id = cls:XXXXXXX|layout:scattered|fptr:0|tptr:0|align:0|preg:0|dom:1|fns:0|tns:0|scalar:0|text:0|blob:0|mirror:0
clone_family_id = layout:scattered|fptr:0|tptr:0|align:0|preg:0|dom:1|fns:0|tns:0|scalar:0|text:0|blob:0|mirror:0
template_family_size = 9
clone_penalty = 12
mirrored_penalty = 0
pointer_reward = 0
strong_structure_bonus = 0
sparse_anchor_tail_penalty = 0
anchored_fragmented_split_penalty = 0
one_sided_anchorless_split_penalty = 0
anchorless_partial_split_penalty = 0
isolated_split_penalty = 0
pointer_alignment_count = 0
pointer_region_count = 0
pointer_fields = none
pointer_cluster_count = 0
front_cluster_count = 0
tail_cluster_count = 0
front_non_singleton_cluster_count = 0
tail_non_singleton_cluster_count = 0
dominant_cluster_size = 0
cluster_layout = scattered
has_valid_anchor = false
dominant_cluster_covers_majority = false
isolated_split_like = false
tie_break_vector = final=28|family=9|pointer=0|isolated=0|blob=0|scalar=0|text=0|clone=12|mirror=0|neg=0|addr=0x2D800C67848
rank_reason = family size 9 raised clone penalty on scattered pointer-poor family
positive = target value matches, f08 nonzero, f08 not float-like, f18 nonzero, f18 not float-like, f20 nonzero, f20 not float-like, f68 nonzero, f68 not float-like, f70 nonzero, f70 not float-like, f78 nonzero, f78 not float-like, f58 nonzero, f58 not float-like, front metadata present, tail reference block present
negative = none

--- Candidate #40 ---
value_addr = 0x2D807549770
base_addr  = 0x2D807549748
f08 = 0xBD787E75
f18 = 0x3C84F651
f20 = 0x43D90000
f28 = 0x42C80000 (100.0)
f58 = 0x3F3A170E
f68 = 0xBF59EDC9
f70 = 0x41F41EA1
f78 = 0xBDD13427
rank_position = 40
base_score = 40
prescore_score = 40
final_score = 28
total adjustment = -12
score = 28
hard_pass = true
flags = target_match, strong_front_block, strong_tail_block, object_like, template_clone_family
score_breakdown = +10 target_match; +2 f08_nonzero; +2 f08_not_floatlike; +2 f18_nonzero; +2 f18_not_floatlike; +2 f20_nonzero; +2 f20_not_floatlike; +2 f68_nonzero; +2 f68_not_floatlike; +2 f70_nonzero; +2 f70_not_floatlike; +2 f78_nonzero; +2 f78_not_floatlike; +3 f58_nonzero; +2 f58_not_floatlike; +1 legacy_pointer_balanced_compat; -12 clone_penalty
code_blob_score = 0
code_blob_penalty = 0
scalar_block_score = 5
scalar_block_penalty = 0
text_block_score = 0
text_block_penalty = 0
template_family_id = cls:XXDXXXX|layout:scattered|fptr:0|tptr:0|align:0|preg:0|dom:1|fns:0|tns:0|scalar:0|text:0|blob:0|mirror:0
clone_family_id = layout:scattered|fptr:0|tptr:0|align:0|preg:0|dom:1|fns:0|tns:0|scalar:0|text:0|blob:0|mirror:0
template_family_size = 9
clone_penalty = 12
mirrored_penalty = 0
pointer_reward = 0
strong_structure_bonus = 0
sparse_anchor_tail_penalty = 0
anchored_fragmented_split_penalty = 0
one_sided_anchorless_split_penalty = 0
anchorless_partial_split_penalty = 0
isolated_split_penalty = 0
pointer_alignment_count = 0
pointer_region_count = 0
pointer_fields = none
pointer_cluster_count = 1
front_cluster_count = 1
tail_cluster_count = 0
front_non_singleton_cluster_count = 0
tail_non_singleton_cluster_count = 0
dominant_cluster_size = 1
cluster_layout = scattered
has_valid_anchor = false
dominant_cluster_covers_majority = false
isolated_split_like = false
tie_break_vector = final=28|family=9|pointer=0|isolated=0|blob=0|scalar=0|text=0|clone=12|mirror=0|neg=0|addr=0x2D807549770
rank_reason = family size 9 raised clone penalty on scattered pointer-poor family
positive = target value matches, f08 nonzero, f08 not float-like, f18 nonzero, f18 not float-like, f20 nonzero, f20 not float-like, f68 nonzero, f68 not float-like, f70 nonzero, f70 not float-like, f78 nonzero, f78 not float-like, f58 nonzero, f58 not float-like, front metadata present, tail reference block present
negative = none

--- Candidate #41 ---
value_addr = 0x2D800BC7A40
base_addr  = 0x2D800BC7A18
f08 = 0xBDF335EA
f18 = 0x3B25C435
f20 = 0x43D90000
f28 = 0x42C80000 (100.0)
f58 = 0x3F34595C
f68 = 0xBF5E2C49
f70 = 0x41EB2B56
f78 = 0xBE09681D
rank_position = 41
base_score = 40
prescore_score = 40
final_score = 27
total adjustment = -13
score = 27
hard_pass = true
flags = target_match, strong_front_block, strong_tail_block, object_like, scalar_block_like, text_block_like
score_breakdown = +10 target_match; +2 f08_nonzero; +2 f08_not_floatlike; +2 f18_nonzero; +2 f18_not_floatlike; +2 f20_nonzero; +2 f20_not_floatlike; +2 f68_nonzero; +2 f68_not_floatlike; +2 f70_nonzero; +2 f70_not_floatlike; +2 f78_nonzero; +2 f78_not_floatlike; +3 f58_nonzero; +2 f58_not_floatlike; +1 legacy_pointer_balanced_compat; -3 scalar_block_penalty; -10 text_block_penalty
code_blob_score = 0
code_blob_penalty = 0
scalar_block_score = 7
scalar_block_penalty = 3
text_block_score = 15
text_block_penalty = 10
template_family_id = cls:XXDDXXX|layout:scattered|fptr:0|tptr:0|align:0|preg:0|dom:1|fns:0|tns:0|scalar:low|text:high|blob:0|mirror:0
clone_family_id = layout:scattered|fptr:0|tptr:0|align:0|preg:0|dom:1|fns:0|tns:0|scalar:low|text:high|blob:0|mirror:0
template_family_size = 1
clone_penalty = 0
mirrored_penalty = 0
pointer_reward = 0
strong_structure_bonus = 0
sparse_anchor_tail_penalty = 0
anchored_fragmented_split_penalty = 0
one_sided_anchorless_split_penalty = 0
anchorless_partial_split_penalty = 0
isolated_split_penalty = 0
pointer_alignment_count = 0
pointer_region_count = 0
pointer_fields = none
pointer_cluster_count = 1
front_cluster_count = 1
tail_cluster_count = 0
front_non_singleton_cluster_count = 0
tail_non_singleton_cluster_count = 0
dominant_cluster_size = 1
cluster_layout = scattered
has_valid_anchor = false
dominant_cluster_covers_majority = false
isolated_split_like = false
tie_break_vector = final=27|family=1|pointer=0|isolated=0|blob=0|scalar=3|text=10|clone=0|mirror=0|neg=0|addr=0x2D800BC7A40
rank_reason = scalar penalty fired on float-like/scalar template; text penalty fired on little-endian ASCII/UTF16-like chunks
positive = target value matches, f08 nonzero, f08 not float-like, f18 nonzero, f18 not float-like, f20 nonzero, f20 not float-like, f68 nonzero, f68 not float-like, f70 nonzero, f70 not float-like, f78 nonzero, f78 not float-like, f58 nonzero, f58 not float-like, front metadata present, tail reference block present
negative = none

--- Candidate #42 ---
value_addr = 0x2D40937B9FC
base_addr  = 0x2D40937B9D4
f08 = 0x80000043
f18 = 0xB441713F
f20 = 0x00430026
f28 = 0x42C80000 (100.0)
f58 = 0x02360002
f68 = 0x6A044100
f70 = 0x20400468
f78 = 0x07230121
rank_position = 42
base_score = 40
prescore_score = 40
final_score = 27
total adjustment = -13
score = 27
hard_pass = true
flags = target_match, strong_front_block, strong_tail_block, object_like, text_block_like, template_clone_family
score_breakdown = +10 target_match; +2 f08_nonzero; +2 f08_not_floatlike; +2 f18_nonzero; +2 f18_not_floatlike; +2 f20_nonzero; +2 f20_not_floatlike; +2 f68_nonzero; +2 f68_not_floatlike; +2 f70_nonzero; +2 f70_not_floatlike; +2 f78_nonzero; +2 f78_not_floatlike; +3 f58_nonzero; +2 f58_not_floatlike; +1 legacy_pointer_balanced_compat; -6 text_block_penalty; -7 clone_penalty
code_blob_score = 0
code_blob_penalty = 0
scalar_block_score = 3
scalar_block_penalty = 0
text_block_score = 11
text_block_penalty = 6
template_family_id = cls:XXXXDDX|layout:scattered|fptr:0|tptr:0|align:0|preg:0|dom:1|fns:0|tns:0|scalar:0|text:medium|blob:0|mirror:0
clone_family_id = layout:scattered|fptr:0|tptr:0|align:0|preg:0|dom:1|fns:0|tns:0|scalar:0|text:medium|blob:0|mirror:0
template_family_size = 3
clone_penalty = 7
mirrored_penalty = 0
pointer_reward = 0
strong_structure_bonus = 0
sparse_anchor_tail_penalty = 0
anchored_fragmented_split_penalty = 0
one_sided_anchorless_split_penalty = 0
anchorless_partial_split_penalty = 0
isolated_split_penalty = 0
pointer_alignment_count = 0
pointer_region_count = 0
pointer_fields = none
pointer_cluster_count = 2
front_cluster_count = 0
tail_cluster_count = 2
front_non_singleton_cluster_count = 0
tail_non_singleton_cluster_count = 0
dominant_cluster_size = 1
cluster_layout = scattered
has_valid_anchor = false
dominant_cluster_covers_majority = false
isolated_split_like = false
tie_break_vector = final=27|family=3|pointer=0|isolated=0|blob=0|scalar=0|text=6|clone=7|mirror=0|neg=0|addr=0x2D40937B9FC
rank_reason = text penalty fired on little-endian ASCII/UTF16-like chunks; family size 3 raised clone penalty on scattered pointer-poor family
positive = target value matches, f08 nonzero, f08 not float-like, f18 nonzero, f18 not float-like, f20 nonzero, f20 not float-like, f68 nonzero, f68 not float-like, f70 nonzero, f70 not float-like, f78 nonzero, f78 not float-like, f58 nonzero, f58 not float-like, front metadata present, tail reference block present
negative = none

--- Candidate #43 ---
value_addr = 0x2D409E4D864
base_addr  = 0x2D409E4D83C
f08 = 0x00226A3C
f18 = 0x36080228
f20 = 0x226A0C41
f28 = 0x42C80000 (100.0)
f58 = 0x08022802
f68 = 0x2004DCBF
f70 = 0x02370002
f78 = 0x08022801
rank_position = 43
base_score = 40
prescore_score = 40
final_score = 27
total adjustment = -13
score = 27
hard_pass = true
flags = target_match, strong_front_block, strong_tail_block, object_like, text_block_like, template_clone_family
score_breakdown = +10 target_match; +2 f08_nonzero; +2 f08_not_floatlike; +2 f18_nonzero; +2 f18_not_floatlike; +2 f20_nonzero; +2 f20_not_floatlike; +2 f68_nonzero; +2 f68_not_floatlike; +2 f70_nonzero; +2 f70_not_floatlike; +2 f78_nonzero; +2 f78_not_floatlike; +3 f58_nonzero; +2 f58_not_floatlike; +1 legacy_pointer_balanced_compat; -6 text_block_penalty; -7 clone_penalty
code_blob_score = 0
code_blob_penalty = 0
scalar_block_score = 5
scalar_block_penalty = 0
text_block_score = 11
text_block_penalty = 6
template_family_id = cls:DDXXXXX|layout:scattered|fptr:0|tptr:0|align:0|preg:0|dom:1|fns:0|tns:0|scalar:0|text:medium|blob:0|mirror:0
clone_family_id = layout:scattered|fptr:0|tptr:0|align:0|preg:0|dom:1|fns:0|tns:0|scalar:0|text:medium|blob:0|mirror:0
template_family_size = 3
clone_penalty = 7
mirrored_penalty = 0
pointer_reward = 0
strong_structure_bonus = 0
sparse_anchor_tail_penalty = 0
anchored_fragmented_split_penalty = 0
one_sided_anchorless_split_penalty = 0
anchorless_partial_split_penalty = 0
isolated_split_penalty = 0
pointer_alignment_count = 0
pointer_region_count = 0
pointer_fields = none
pointer_cluster_count = 2
front_cluster_count = 2
tail_cluster_count = 0
front_non_singleton_cluster_count = 0
tail_non_singleton_cluster_count = 0
dominant_cluster_size = 1
cluster_layout = scattered
has_valid_anchor = false
dominant_cluster_covers_majority = false
isolated_split_like = false
tie_break_vector = final=27|family=3|pointer=0|isolated=0|blob=0|scalar=0|text=6|clone=7|mirror=0|neg=0|addr=0x2D409E4D864
rank_reason = text penalty fired on little-endian ASCII/UTF16-like chunks; family size 3 raised clone penalty on scattered pointer-poor family
positive = target value matches, f08 nonzero, f08 not float-like, f18 nonzero, f18 not float-like, f20 nonzero, f20 not float-like, f68 nonzero, f68 not float-like, f70 nonzero, f70 not float-like, f78 nonzero, f78 not float-like, f58 nonzero, f58 not float-like, front metadata present, tail reference block present
negative = none

--- Candidate #44 ---
value_addr = 0x28E40277B9FC
base_addr  = 0x28E40277B9D4
f08 = 0x80000043
f18 = 0xB441713F
f20 = 0x00430026
f28 = 0x42C80000 (100.0)
f58 = 0x02360002
f68 = 0x6A044100
f70 = 0x20400468
f78 = 0x07230121
rank_position = 44
base_score = 40
prescore_score = 40
final_score = 27
total adjustment = -13
score = 27
hard_pass = true
flags = target_match, strong_front_block, strong_tail_block, object_like, text_block_like, template_clone_family
score_breakdown = +10 target_match; +2 f08_nonzero; +2 f08_not_floatlike; +2 f18_nonzero; +2 f18_not_floatlike; +2 f20_nonzero; +2 f20_not_floatlike; +2 f68_nonzero; +2 f68_not_floatlike; +2 f70_nonzero; +2 f70_not_floatlike; +2 f78_nonzero; +2 f78_not_floatlike; +3 f58_nonzero; +2 f58_not_floatlike; +1 legacy_pointer_balanced_compat; -6 text_block_penalty; -7 clone_penalty
code_blob_score = 0
code_blob_penalty = 0
scalar_block_score = 3
scalar_block_penalty = 0
text_block_score = 11
text_block_penalty = 6
template_family_id = cls:XXXXDDX|layout:scattered|fptr:0|tptr:0|align:0|preg:0|dom:1|fns:0|tns:0|scalar:0|text:medium|blob:0|mirror:0
clone_family_id = layout:scattered|fptr:0|tptr:0|align:0|preg:0|dom:1|fns:0|tns:0|scalar:0|text:medium|blob:0|mirror:0
template_family_size = 3
clone_penalty = 7
mirrored_penalty = 0
pointer_reward = 0
strong_structure_bonus = 0
sparse_anchor_tail_penalty = 0
anchored_fragmented_split_penalty = 0
one_sided_anchorless_split_penalty = 0
anchorless_partial_split_penalty = 0
isolated_split_penalty = 0
pointer_alignment_count = 0
pointer_region_count = 0
pointer_fields = none
pointer_cluster_count = 2
front_cluster_count = 0
tail_cluster_count = 2
front_non_singleton_cluster_count = 0
tail_non_singleton_cluster_count = 0
dominant_cluster_size = 1
cluster_layout = scattered
has_valid_anchor = false
dominant_cluster_covers_majority = false
isolated_split_like = false
tie_break_vector = final=27|family=3|pointer=0|isolated=0|blob=0|scalar=0|text=6|clone=7|mirror=0|neg=0|addr=0x28E40277B9FC
rank_reason = text penalty fired on little-endian ASCII/UTF16-like chunks; family size 3 raised clone penalty on scattered pointer-poor family
positive = target value matches, f08 nonzero, f08 not float-like, f18 nonzero, f18 not float-like, f20 nonzero, f20 not float-like, f68 nonzero, f68 not float-like, f70 nonzero, f70 not float-like, f78 nonzero, f78 not float-like, f58 nonzero, f58 not float-like, front metadata present, tail reference block present
negative = none

--- Candidate #45 ---
value_addr = 0x2D40900B4B8
base_addr  = 0x2D40900B490
f08 = 0x03200500
f18 = 0x2200022A
f20 = 0x215D0000
f28 = 0x42C80000 (100.0)
f58 = 0x5D41A000
f68 = 0x9C400043
f70 = 0x02200120
f78 = 0x0541A000
rank_position = 45
base_score = 40
prescore_score = 40
final_score = 27
total adjustment = -13
score = 27
hard_pass = true
flags = target_match, strong_front_block, strong_tail_block, object_like, anchored_fragmented_split_like, template_clone_family
score_breakdown = +10 target_match; +2 f08_nonzero; +2 f08_not_floatlike; +2 f18_nonzero; +2 f18_not_floatlike; +2 f20_nonzero; +2 f20_not_floatlike; +2 f68_nonzero; +2 f68_not_floatlike; +2 f70_nonzero; +2 f70_not_floatlike; +2 f78_nonzero; +2 f78_not_floatlike; +3 f58_nonzero; +2 f58_not_floatlike; +1 legacy_pointer_balanced_compat; -3 anchored_fragmented_split_penalty; -10 clone_penalty
code_blob_score = 0
code_blob_penalty = 0
scalar_block_score = 0
scalar_block_penalty = 0
text_block_score = 0
text_block_penalty = 0
template_family_id = cls:PXDAXPD|layout:front_tail_split|fptr:1|tptr:1|align:3+|preg:3+|dom:1|fns:0|tns:0|scalar:0|text:0|blob:0|mirror:0
clone_family_id = layout:front_tail_split|fptr:1|tptr:1|align:3+|preg:3+|dom:1|fns:0|tns:0|scalar:0|text:0|blob:0|mirror:0
template_family_size = 9
clone_penalty = 10
mirrored_penalty = 0
pointer_reward = 0
strong_structure_bonus = 0
sparse_anchor_tail_penalty = 0
anchored_fragmented_split_penalty = 3
one_sided_anchorless_split_penalty = 0
anchorless_partial_split_penalty = 0
isolated_split_penalty = 0
pointer_alignment_count = 3
pointer_region_count = 3
pointer_fields = f08, f58, f70
pointer_cluster_count = 4
front_cluster_count = 2
tail_cluster_count = 2
front_non_singleton_cluster_count = 0
tail_non_singleton_cluster_count = 0
dominant_cluster_size = 1
cluster_layout = front_tail_split
has_valid_anchor = true
dominant_cluster_covers_majority = false
isolated_split_like = false
tie_break_vector = final=27|family=9|pointer=0|isolated=0|blob=0|scalar=0|text=0|clone=10|mirror=0|neg=0|addr=0x2D40900B4B8
rank_reason = anchored fragmented split penalty fired on singleton-only split layout despite valid anchor; family size 9 raised clone penalty
positive = target value matches, f08 nonzero, f08 not float-like, f18 nonzero, f18 not float-like, f20 nonzero, f20 not float-like, f68 nonzero, f68 not float-like, f70 nonzero, f70 not float-like, f78 nonzero, f78 not float-like, f58 nonzero, f58 not float-like, front metadata present, tail reference block present
negative = none

--- Candidate #46 ---
value_addr = 0x2D409455100
base_addr  = 0x2D4094550D8
f08 = 0x21000228
f18 = 0x01F5D1DC
f20 = 0x0043559D
f28 = 0x42C80000 (100.0)
f58 = 0x022801E4
f68 = 0x87417100
f70 = 0x04200007
f78 = 0x41042000
rank_position = 46
base_score = 40
prescore_score = 40
final_score = 27
total adjustment = -13
score = 27
hard_pass = true
flags = target_match, strong_front_block, strong_tail_block, object_like, anchored_fragmented_split_like, template_clone_family
score_breakdown = +10 target_match; +2 f08_nonzero; +2 f08_not_floatlike; +2 f18_nonzero; +2 f18_not_floatlike; +2 f20_nonzero; +2 f20_not_floatlike; +2 f68_nonzero; +2 f68_not_floatlike; +2 f70_nonzero; +2 f70_not_floatlike; +2 f78_nonzero; +2 f78_not_floatlike; +3 f58_nonzero; +2 f58_not_floatlike; +1 legacy_pointer_balanced_compat; -3 anchored_fragmented_split_penalty; -10 clone_penalty
code_blob_score = 0
code_blob_penalty = 0
scalar_block_score = 2
scalar_block_penalty = 0
text_block_score = 0
text_block_penalty = 0
template_family_id = cls:PDXAPXD|layout:front_tail_split|fptr:1|tptr:1|align:3+|preg:3+|dom:1|fns:0|tns:0|scalar:0|text:0|blob:0|mirror:0
clone_family_id = layout:front_tail_split|fptr:1|tptr:1|align:3+|preg:3+|dom:1|fns:0|tns:0|scalar:0|text:0|blob:0|mirror:0
template_family_size = 9
clone_penalty = 10
mirrored_penalty = 0
pointer_reward = 0
strong_structure_bonus = 0
sparse_anchor_tail_penalty = 0
anchored_fragmented_split_penalty = 3
one_sided_anchorless_split_penalty = 0
anchorless_partial_split_penalty = 0
isolated_split_penalty = 0
pointer_alignment_count = 3
pointer_region_count = 3
pointer_fields = f08, f58, f68
pointer_cluster_count = 4
front_cluster_count = 2
tail_cluster_count = 2
front_non_singleton_cluster_count = 0
tail_non_singleton_cluster_count = 0
dominant_cluster_size = 1
cluster_layout = front_tail_split
has_valid_anchor = true
dominant_cluster_covers_majority = false
isolated_split_like = false
tie_break_vector = final=27|family=9|pointer=0|isolated=0|blob=0|scalar=0|text=0|clone=10|mirror=0|neg=0|addr=0x2D409455100
rank_reason = anchored fragmented split penalty fired on singleton-only split layout despite valid anchor; family size 9 raised clone penalty
positive = target value matches, f08 nonzero, f08 not float-like, f18 nonzero, f18 not float-like, f20 nonzero, f20 not float-like, f68 nonzero, f68 not float-like, f70 nonzero, f70 not float-like, f78 nonzero, f78 not float-like, f58 nonzero, f58 not float-like, front metadata present, tail reference block present
negative = none

--- Candidate #47 ---
value_addr = 0x2D40959D6F4
base_addr  = 0x2D40959D6CC
f08 = 0x5E42C800
f18 = 0x710C2015
f20 = 0x07204801
f28 = 0x42C80000 (100.0)
f58 = 0xD9100020
f68 = 0x10002013
f70 = 0x40040D20
f78 = 0x00201420
rank_position = 47
base_score = 40
prescore_score = 40
final_score = 27
total adjustment = -13
score = 27
hard_pass = true
flags = target_match, strong_front_block, strong_tail_block, object_like, anchored_fragmented_split_like, template_clone_family
score_breakdown = +10 target_match; +2 f08_nonzero; +2 f08_not_floatlike; +2 f18_nonzero; +2 f18_not_floatlike; +2 f20_nonzero; +2 f20_not_floatlike; +2 f68_nonzero; +2 f68_not_floatlike; +2 f70_nonzero; +2 f70_not_floatlike; +2 f78_nonzero; +2 f78_not_floatlike; +3 f58_nonzero; +2 f58_not_floatlike; +1 legacy_pointer_balanced_compat; -3 anchored_fragmented_split_penalty; -10 clone_penalty
code_blob_score = 0
code_blob_penalty = 0
scalar_block_score = 2
scalar_block_penalty = 0
text_block_score = 0
text_block_penalty = 0
template_family_id = cls:PXXAXPD|layout:front_tail_split|fptr:1|tptr:1|align:3+|preg:3+|dom:1|fns:0|tns:0|scalar:0|text:0|blob:0|mirror:0
clone_family_id = layout:front_tail_split|fptr:1|tptr:1|align:3+|preg:3+|dom:1|fns:0|tns:0|scalar:0|text:0|blob:0|mirror:0
template_family_size = 9
clone_penalty = 10
mirrored_penalty = 0
pointer_reward = 0
strong_structure_bonus = 0
sparse_anchor_tail_penalty = 0
anchored_fragmented_split_penalty = 3
one_sided_anchorless_split_penalty = 0
anchorless_partial_split_penalty = 0
isolated_split_penalty = 0
pointer_alignment_count = 3
pointer_region_count = 3
pointer_fields = f08, f58, f70
pointer_cluster_count = 3
front_cluster_count = 1
tail_cluster_count = 2
front_non_singleton_cluster_count = 0
tail_non_singleton_cluster_count = 0
dominant_cluster_size = 1
cluster_layout = front_tail_split
has_valid_anchor = true
dominant_cluster_covers_majority = false
isolated_split_like = false
tie_break_vector = final=27|family=9|pointer=0|isolated=0|blob=0|scalar=0|text=0|clone=10|mirror=0|neg=0|addr=0x2D40959D6F4
rank_reason = anchored fragmented split penalty fired on singleton-only split layout despite valid anchor; family size 9 raised clone penalty
positive = target value matches, f08 nonzero, f08 not float-like, f18 nonzero, f18 not float-like, f20 nonzero, f20 not float-like, f68 nonzero, f68 not float-like, f70 nonzero, f70 not float-like, f78 nonzero, f78 not float-like, f58 nonzero, f58 not float-like, front metadata present, tail reference block present
negative = none

--- Candidate #48 ---
value_addr = 0x2D409DE52F8
base_addr  = 0x2D409DE52D0
f08 = 0xD2100120
f18 = 0x01200B0B
f20 = 0x00023602
f28 = 0x42C80000 (100.0)
f58 = 0x10004100
f68 = 0x94C44140
f70 = 0x5C022800
f78 = 0x01F9B8F8
rank_position = 48
base_score = 40
prescore_score = 40
final_score = 27
total adjustment = -13
score = 27
hard_pass = true
flags = target_match, strong_front_block, strong_tail_block, object_like, anchored_fragmented_split_like, template_clone_family
score_breakdown = +10 target_match; +2 f08_nonzero; +2 f08_not_floatlike; +2 f18_nonzero; +2 f18_not_floatlike; +2 f20_nonzero; +2 f20_not_floatlike; +2 f68_nonzero; +2 f68_not_floatlike; +2 f70_nonzero; +2 f70_not_floatlike; +2 f78_nonzero; +2 f78_not_floatlike; +3 f58_nonzero; +2 f58_not_floatlike; +1 legacy_pointer_balanced_compat; -3 anchored_fragmented_split_penalty; -10 clone_penalty
code_blob_score = 0
code_blob_penalty = 0
scalar_block_score = 0
scalar_block_penalty = 0
text_block_score = 0
text_block_penalty = 0
template_family_id = cls:PXXAPDD|layout:front_tail_split|fptr:1|tptr:1|align:3+|preg:3+|dom:1|fns:0|tns:0|scalar:0|text:0|blob:0|mirror:0
clone_family_id = layout:front_tail_split|fptr:1|tptr:1|align:3+|preg:3+|dom:1|fns:0|tns:0|scalar:0|text:0|blob:0|mirror:0
template_family_size = 9
clone_penalty = 10
mirrored_penalty = 0
pointer_reward = 0
strong_structure_bonus = 0
sparse_anchor_tail_penalty = 0
anchored_fragmented_split_penalty = 3
one_sided_anchorless_split_penalty = 0
anchorless_partial_split_penalty = 0
isolated_split_penalty = 0
pointer_alignment_count = 3
pointer_region_count = 3
pointer_fields = f08, f58, f68
pointer_cluster_count = 4
front_cluster_count = 1
tail_cluster_count = 3
front_non_singleton_cluster_count = 0
tail_non_singleton_cluster_count = 0
dominant_cluster_size = 1
cluster_layout = front_tail_split
has_valid_anchor = true
dominant_cluster_covers_majority = false
isolated_split_like = false
tie_break_vector = final=27|family=9|pointer=0|isolated=0|blob=0|scalar=0|text=0|clone=10|mirror=0|neg=0|addr=0x2D409DE52F8
rank_reason = anchored fragmented split penalty fired on singleton-only split layout despite valid anchor; family size 9 raised clone penalty
positive = target value matches, f08 nonzero, f08 not float-like, f18 nonzero, f18 not float-like, f20 nonzero, f20 not float-like, f68 nonzero, f68 not float-like, f70 nonzero, f70 not float-like, f78 nonzero, f78 not float-like, f58 nonzero, f58 not float-like, front metadata present, tail reference block present
negative = none

--- Candidate #49 ---
value_addr = 0x2D40A2EF324
base_addr  = 0x2D40A2EF2FC
f08 = 0x02200002
f18 = 0x01200220
f20 = 0x0238B201
f28 = 0x42C80000 (100.0)
f58 = 0x04FAD210
f68 = 0x02200420
f70 = 0x04200002
f78 = 0x08023708
rank_position = 49
base_score = 40
prescore_score = 40
final_score = 27
total adjustment = -13
score = 27
hard_pass = true
flags = target_match, strong_front_block, strong_tail_block, object_like, anchored_fragmented_split_like, template_clone_family
score_breakdown = +10 target_match; +2 f08_nonzero; +2 f08_not_floatlike; +2 f18_nonzero; +2 f18_not_floatlike; +2 f20_nonzero; +2 f20_not_floatlike; +2 f68_nonzero; +2 f68_not_floatlike; +2 f70_nonzero; +2 f70_not_floatlike; +2 f78_nonzero; +2 f78_not_floatlike; +3 f58_nonzero; +2 f58_not_floatlike; +1 legacy_pointer_balanced_compat; -3 anchored_fragmented_split_penalty; -10 clone_penalty
code_blob_score = 0
code_blob_penalty = 0
scalar_block_score = 0
scalar_block_penalty = 0
text_block_score = 0
text_block_penalty = 0
template_family_id = cls:XPXAPXD|layout:front_tail_split|fptr:1|tptr:1|align:3+|preg:3+|dom:1|fns:0|tns:0|scalar:0|text:0|blob:0|mirror:0
clone_family_id = layout:front_tail_split|fptr:1|tptr:1|align:3+|preg:3+|dom:1|fns:0|tns:0|scalar:0|text:0|blob:0|mirror:0
template_family_size = 9
clone_penalty = 10
mirrored_penalty = 0
pointer_reward = 0
strong_structure_bonus = 0
sparse_anchor_tail_penalty = 0
anchored_fragmented_split_penalty = 3
one_sided_anchorless_split_penalty = 0
anchorless_partial_split_penalty = 0
isolated_split_penalty = 0
pointer_alignment_count = 3
pointer_region_count = 3
pointer_fields = f18, f58, f68
pointer_cluster_count = 3
front_cluster_count = 1
tail_cluster_count = 2
front_non_singleton_cluster_count = 0
tail_non_singleton_cluster_count = 0
dominant_cluster_size = 1
cluster_layout = front_tail_split
has_valid_anchor = true
dominant_cluster_covers_majority = false
isolated_split_like = false
tie_break_vector = final=27|family=9|pointer=0|isolated=0|blob=0|scalar=0|text=0|clone=10|mirror=0|neg=0|addr=0x2D40A2EF324
rank_reason = anchored fragmented split penalty fired on singleton-only split layout despite valid anchor; family size 9 raised clone penalty
positive = target value matches, f08 nonzero, f08 not float-like, f18 nonzero, f18 not float-like, f20 nonzero, f20 not float-like, f68 nonzero, f68 not float-like, f70 nonzero, f70 not float-like, f78 nonzero, f78 not float-like, f58 nonzero, f58 not float-like, front metadata present, tail reference block present
negative = none

--- Candidate #50 ---
value_addr = 0x2D40A6256A8
base_addr  = 0x2D40A625680
f08 = 0x06200021
f18 = 0x00430620
f20 = 0x06200002
f28 = 0x42C80000 (100.0)
f58 = 0x04888A10
f68 = 0x012204FC
f70 = 0x012004B6
f78 = 0x04B8DC10
rank_position = 50
base_score = 40
prescore_score = 40
final_score = 27
total adjustment = -13
score = 27
hard_pass = true
flags = target_match, strong_front_block, strong_tail_block, object_like, anchored_fragmented_split_like, template_clone_family
score_breakdown = +10 target_match; +2 f08_nonzero; +2 f08_not_floatlike; +2 f18_nonzero; +2 f18_not_floatlike; +2 f20_nonzero; +2 f20_not_floatlike; +2 f68_nonzero; +2 f68_not_floatlike; +2 f70_nonzero; +2 f70_not_floatlike; +2 f78_nonzero; +2 f78_not_floatlike; +3 f58_nonzero; +2 f58_not_floatlike; +1 legacy_pointer_balanced_compat; -3 anchored_fragmented_split_penalty; -10 clone_penalty
code_blob_score = 0
code_blob_penalty = 0
scalar_block_score = 0
scalar_block_penalty = 0
text_block_score = 0
text_block_penalty = 0
template_family_id = cls:XPXAPXD|layout:front_tail_split|fptr:1|tptr:1|align:3+|preg:3+|dom:1|fns:0|tns:0|scalar:0|text:0|blob:0|mirror:0
clone_family_id = layout:front_tail_split|fptr:1|tptr:1|align:3+|preg:3+|dom:1|fns:0|tns:0|scalar:0|text:0|blob:0|mirror:0
template_family_size = 9
clone_penalty = 10
mirrored_penalty = 0
pointer_reward = 0
strong_structure_bonus = 0
sparse_anchor_tail_penalty = 0
anchored_fragmented_split_penalty = 3
one_sided_anchorless_split_penalty = 0
anchorless_partial_split_penalty = 0
isolated_split_penalty = 0
pointer_alignment_count = 3
pointer_region_count = 3
pointer_fields = f18, f58, f68
pointer_cluster_count = 3
front_cluster_count = 1
tail_cluster_count = 2
front_non_singleton_cluster_count = 0
tail_non_singleton_cluster_count = 0
dominant_cluster_size = 1
cluster_layout = front_tail_split
has_valid_anchor = true
dominant_cluster_covers_majority = false
isolated_split_like = false
tie_break_vector = final=27|family=9|pointer=0|isolated=0|blob=0|scalar=0|text=0|clone=10|mirror=0|neg=0|addr=0x2D40A6256A8
rank_reason = anchored fragmented split penalty fired on singleton-only split layout despite valid anchor; family size 9 raised clone penalty
positive = target value matches, f08 nonzero, f08 not float-like, f18 nonzero, f18 not float-like, f20 nonzero, f20 not float-like, f68 nonzero, f68 not float-like, f70 nonzero, f70 not float-like, f78 nonzero, f78 not float-like, f58 nonzero, f58 not float-like, front metadata present, tail reference block present
negative = none

--- Candidate #51 ---
value_addr = 0x2D40A6FAE9C
base_addr  = 0x2D40A6FAE74
f08 = 0x29062008
f18 = 0x20080236
f20 = 0x01200122
f28 = 0x42C80000 (100.0)
f58 = 0x02280120
f68 = 0x00410B20
f70 = 0x00420720
f78 = 0x37004207
rank_position = 51
base_score = 40
prescore_score = 40
final_score = 27
total adjustment = -13
score = 27
hard_pass = true
flags = target_match, strong_front_block, strong_tail_block, object_like, anchored_fragmented_split_like, template_clone_family
score_breakdown = +10 target_match; +2 f08_nonzero; +2 f08_not_floatlike; +2 f18_nonzero; +2 f18_not_floatlike; +2 f20_nonzero; +2 f20_not_floatlike; +2 f68_nonzero; +2 f68_not_floatlike; +2 f70_nonzero; +2 f70_not_floatlike; +2 f78_nonzero; +2 f78_not_floatlike; +3 f58_nonzero; +2 f58_not_floatlike; +1 legacy_pointer_balanced_compat; -3 anchored_fragmented_split_penalty; -10 clone_penalty
code_blob_score = 0
code_blob_penalty = 0
scalar_block_score = 0
scalar_block_penalty = 0
text_block_score = 0
text_block_penalty = 0
template_family_id = cls:PXXAPDX|layout:front_tail_split|fptr:1|tptr:1|align:3+|preg:3+|dom:1|fns:0|tns:0|scalar:0|text:0|blob:0|mirror:0
clone_family_id = layout:front_tail_split|fptr:1|tptr:1|align:3+|preg:3+|dom:1|fns:0|tns:0|scalar:0|text:0|blob:0|mirror:0
template_family_size = 9
clone_penalty = 10
mirrored_penalty = 0
pointer_reward = 0
strong_structure_bonus = 0
sparse_anchor_tail_penalty = 0
anchored_fragmented_split_penalty = 3
one_sided_anchorless_split_penalty = 0
anchorless_partial_split_penalty = 0
isolated_split_penalty = 0
pointer_alignment_count = 3
pointer_region_count = 3
pointer_fields = f08, f58, f68
pointer_cluster_count = 3
front_cluster_count = 1
tail_cluster_count = 2
front_non_singleton_cluster_count = 0
tail_non_singleton_cluster_count = 0
dominant_cluster_size = 1
cluster_layout = front_tail_split
has_valid_anchor = true
dominant_cluster_covers_majority = false
isolated_split_like = false
tie_break_vector = final=27|family=9|pointer=0|isolated=0|blob=0|scalar=0|text=0|clone=10|mirror=0|neg=0|addr=0x2D40A6FAE9C
rank_reason = anchored fragmented split penalty fired on singleton-only split layout despite valid anchor; family size 9 raised clone penalty
positive = target value matches, f08 nonzero, f08 not float-like, f18 nonzero, f18 not float-like, f20 nonzero, f20 not float-like, f68 nonzero, f68 not float-like, f70 nonzero, f70 not float-like, f78 nonzero, f78 not float-like, f58 nonzero, f58 not float-like, front metadata present, tail reference block present
negative = none

--- Candidate #52 ---
value_addr = 0x28E402855100
base_addr  = 0x28E4028550D8
f08 = 0x21000228
f18 = 0x01F5D1DC
f20 = 0x0043559D
f28 = 0x42C80000 (100.0)
f58 = 0x022801E4
f68 = 0x87417100
f70 = 0x04200007
f78 = 0x41042000
rank_position = 52
base_score = 40
prescore_score = 40
final_score = 27
total adjustment = -13
score = 27
hard_pass = true
flags = target_match, strong_front_block, strong_tail_block, object_like, anchored_fragmented_split_like, template_clone_family
score_breakdown = +10 target_match; +2 f08_nonzero; +2 f08_not_floatlike; +2 f18_nonzero; +2 f18_not_floatlike; +2 f20_nonzero; +2 f20_not_floatlike; +2 f68_nonzero; +2 f68_not_floatlike; +2 f70_nonzero; +2 f70_not_floatlike; +2 f78_nonzero; +2 f78_not_floatlike; +3 f58_nonzero; +2 f58_not_floatlike; +1 legacy_pointer_balanced_compat; -3 anchored_fragmented_split_penalty; -10 clone_penalty
code_blob_score = 0
code_blob_penalty = 0
scalar_block_score = 2
scalar_block_penalty = 0
text_block_score = 0
text_block_penalty = 0
template_family_id = cls:PDXAPXD|layout:front_tail_split|fptr:1|tptr:1|align:3+|preg:3+|dom:1|fns:0|tns:0|scalar:0|text:0|blob:0|mirror:0
clone_family_id = layout:front_tail_split|fptr:1|tptr:1|align:3+|preg:3+|dom:1|fns:0|tns:0|scalar:0|text:0|blob:0|mirror:0
template_family_size = 9
clone_penalty = 10
mirrored_penalty = 0
pointer_reward = 0
strong_structure_bonus = 0
sparse_anchor_tail_penalty = 0
anchored_fragmented_split_penalty = 3
one_sided_anchorless_split_penalty = 0
anchorless_partial_split_penalty = 0
isolated_split_penalty = 0
pointer_alignment_count = 3
pointer_region_count = 3
pointer_fields = f08, f58, f68
pointer_cluster_count = 4
front_cluster_count = 2
tail_cluster_count = 2
front_non_singleton_cluster_count = 0
tail_non_singleton_cluster_count = 0
dominant_cluster_size = 1
cluster_layout = front_tail_split
has_valid_anchor = true
dominant_cluster_covers_majority = false
isolated_split_like = false
tie_break_vector = final=27|family=9|pointer=0|isolated=0|blob=0|scalar=0|text=0|clone=10|mirror=0|neg=0|addr=0x28E402855100
rank_reason = anchored fragmented split penalty fired on singleton-only split layout despite valid anchor; family size 9 raised clone penalty
positive = target value matches, f08 nonzero, f08 not float-like, f18 nonzero, f18 not float-like, f20 nonzero, f20 not float-like, f68 nonzero, f68 not float-like, f70 nonzero, f70 not float-like, f78 nonzero, f78 not float-like, f58 nonzero, f58 not float-like, front metadata present, tail reference block present
negative = none

--- Candidate #53 ---
value_addr = 0x28E40299D6F4
base_addr  = 0x28E40299D6CC
f08 = 0x5E42C800
f18 = 0x710C2015
f20 = 0x07204801
f28 = 0x42C80000 (100.0)
f58 = 0xD9100020
f68 = 0x10002013
f70 = 0x40040D20
f78 = 0x00201420
rank_position = 53
base_score = 40
prescore_score = 40
final_score = 27
total adjustment = -13
score = 27
hard_pass = true
flags = target_match, strong_front_block, strong_tail_block, object_like, anchored_fragmented_split_like, template_clone_family
score_breakdown = +10 target_match; +2 f08_nonzero; +2 f08_not_floatlike; +2 f18_nonzero; +2 f18_not_floatlike; +2 f20_nonzero; +2 f20_not_floatlike; +2 f68_nonzero; +2 f68_not_floatlike; +2 f70_nonzero; +2 f70_not_floatlike; +2 f78_nonzero; +2 f78_not_floatlike; +3 f58_nonzero; +2 f58_not_floatlike; +1 legacy_pointer_balanced_compat; -3 anchored_fragmented_split_penalty; -10 clone_penalty
code_blob_score = 0
code_blob_penalty = 0
scalar_block_score = 2
scalar_block_penalty = 0
text_block_score = 0
text_block_penalty = 0
template_family_id = cls:PXXAXPD|layout:front_tail_split|fptr:1|tptr:1|align:3+|preg:3+|dom:1|fns:0|tns:0|scalar:0|text:0|blob:0|mirror:0
clone_family_id = layout:front_tail_split|fptr:1|tptr:1|align:3+|preg:3+|dom:1|fns:0|tns:0|scalar:0|text:0|blob:0|mirror:0
template_family_size = 9
clone_penalty = 10
mirrored_penalty = 0
pointer_reward = 0
strong_structure_bonus = 0
sparse_anchor_tail_penalty = 0
anchored_fragmented_split_penalty = 3
one_sided_anchorless_split_penalty = 0
anchorless_partial_split_penalty = 0
isolated_split_penalty = 0
pointer_alignment_count = 3
pointer_region_count = 3
pointer_fields = f08, f58, f70
pointer_cluster_count = 3
front_cluster_count = 1
tail_cluster_count = 2
front_non_singleton_cluster_count = 0
tail_non_singleton_cluster_count = 0
dominant_cluster_size = 1
cluster_layout = front_tail_split
has_valid_anchor = true
dominant_cluster_covers_majority = false
isolated_split_like = false
tie_break_vector = final=27|family=9|pointer=0|isolated=0|blob=0|scalar=0|text=0|clone=10|mirror=0|neg=0|addr=0x28E40299D6F4
rank_reason = anchored fragmented split penalty fired on singleton-only split layout despite valid anchor; family size 9 raised clone penalty
positive = target value matches, f08 nonzero, f08 not float-like, f18 nonzero, f18 not float-like, f20 nonzero, f20 not float-like, f68 nonzero, f68 not float-like, f70 nonzero, f70 not float-like, f78 nonzero, f78 not float-like, f58 nonzero, f58 not float-like, front metadata present, tail reference block present
negative = none

--- Candidate #54 ---
value_addr = 0x2D4091BC214
base_addr  = 0x2D4091BC1EC
f08 = 0xCC77437D
f18 = 0x2000420B
f20 = 0x02383DCC
f28 = 0x42C80000 (100.0)
f58 = 0x0B3C0236
f68 = 0x9B100120
f70 = 0x01200020
f78 = 0x7F010148
rank_position = 54
base_score = 40
prescore_score = 40
final_score = 27
total adjustment = -13
score = 27
hard_pass = true
flags = target_match, strong_front_block, strong_tail_block, object_like, anchored_fragmented_split_like, template_clone_family
score_breakdown = +10 target_match; +2 f08_nonzero; +2 f08_not_floatlike; +2 f18_nonzero; +2 f18_not_floatlike; +2 f20_nonzero; +2 f20_not_floatlike; +2 f68_nonzero; +2 f68_not_floatlike; +2 f70_nonzero; +2 f70_not_floatlike; +2 f78_nonzero; +2 f78_not_floatlike; +3 f58_nonzero; +2 f58_not_floatlike; +1 legacy_pointer_balanced_compat; -3 anchored_fragmented_split_penalty; -10 clone_penalty
code_blob_score = 0
code_blob_penalty = 0
scalar_block_score = 0
scalar_block_penalty = 0
text_block_score = 0
text_block_penalty = 0
template_family_id = cls:XXAXPDD|layout:front_tail_split|fptr:1|tptr:1|align:2|preg:2|dom:1|fns:0|tns:0|scalar:0|text:0|blob:0|mirror:0
clone_family_id = layout:front_tail_split|fptr:1|tptr:1|align:2|preg:2|dom:1|fns:0|tns:0|scalar:0|text:0|blob:0|mirror:0
template_family_size = 18
clone_penalty = 10
mirrored_penalty = 0
pointer_reward = 0
strong_structure_bonus = 0
sparse_anchor_tail_penalty = 0
anchored_fragmented_split_penalty = 3
one_sided_anchorless_split_penalty = 0
anchorless_partial_split_penalty = 0
isolated_split_penalty = 0
pointer_alignment_count = 2
pointer_region_count = 2
pointer_fields = f20, f68
pointer_cluster_count = 4
front_cluster_count = 1
tail_cluster_count = 3
front_non_singleton_cluster_count = 0
tail_non_singleton_cluster_count = 0
dominant_cluster_size = 1
cluster_layout = front_tail_split
has_valid_anchor = true
dominant_cluster_covers_majority = false
isolated_split_like = false
tie_break_vector = final=27|family=18|pointer=0|isolated=0|blob=0|scalar=0|text=0|clone=10|mirror=0|neg=0|addr=0x2D4091BC214
rank_reason = anchored fragmented split penalty fired on singleton-only split layout despite valid anchor; family size 18 raised clone penalty
positive = target value matches, f08 nonzero, f08 not float-like, f18 nonzero, f18 not float-like, f20 nonzero, f20 not float-like, f68 nonzero, f68 not float-like, f70 nonzero, f70 not float-like, f78 nonzero, f78 not float-like, f58 nonzero, f58 not float-like, front metadata present, tail reference block present
negative = none

--- Candidate #55 ---
value_addr = 0x2D4093264B0
base_addr  = 0x2D409326488
f08 = 0x01220002
f18 = 0x01F5D1DC
f20 = 0x0043559D
f28 = 0x42C80000 (100.0)
f58 = 0x7101FFFF
f68 = 0x28000228
f70 = 0x41711FFF
f78 = 0x40040005
rank_position = 55
base_score = 40
prescore_score = 40
final_score = 27
total adjustment = -13
score = 27
hard_pass = true
flags = target_match, strong_front_block, strong_tail_block, object_like, anchored_fragmented_split_like, template_clone_family
score_breakdown = +10 target_match; +2 f08_nonzero; +2 f08_not_floatlike; +2 f18_nonzero; +2 f18_not_floatlike; +2 f20_nonzero; +2 f20_not_floatlike; +2 f68_nonzero; +2 f68_not_floatlike; +2 f70_nonzero; +2 f70_not_floatlike; +2 f78_nonzero; +2 f78_not_floatlike; +3 f58_nonzero; +2 f58_not_floatlike; +1 legacy_pointer_balanced_compat; -3 anchored_fragmented_split_penalty; -10 clone_penalty
code_blob_score = 0
code_blob_penalty = 0
scalar_block_score = 0
scalar_block_penalty = 0
text_block_score = 0
text_block_penalty = 0
template_family_id = cls:XAXXPXX|layout:front_tail_split|fptr:1|tptr:1|align:2|preg:2|dom:1|fns:0|tns:0|scalar:0|text:0|blob:0|mirror:0
clone_family_id = layout:front_tail_split|fptr:1|tptr:1|align:2|preg:2|dom:1|fns:0|tns:0|scalar:0|text:0|blob:0|mirror:0
template_family_size = 18
clone_penalty = 10
mirrored_penalty = 0
pointer_reward = 0
strong_structure_bonus = 0
sparse_anchor_tail_penalty = 0
anchored_fragmented_split_penalty = 3
one_sided_anchorless_split_penalty = 0
anchorless_partial_split_penalty = 0
isolated_split_penalty = 0
pointer_alignment_count = 2
pointer_region_count = 2
pointer_fields = f18, f68
pointer_cluster_count = 2
front_cluster_count = 1
tail_cluster_count = 1
front_non_singleton_cluster_count = 0
tail_non_singleton_cluster_count = 0
dominant_cluster_size = 1
cluster_layout = front_tail_split
has_valid_anchor = true
dominant_cluster_covers_majority = false
isolated_split_like = false
tie_break_vector = final=27|family=18|pointer=0|isolated=0|blob=0|scalar=0|text=0|clone=10|mirror=0|neg=0|addr=0x2D4093264B0
rank_reason = anchored fragmented split penalty fired on singleton-only split layout despite valid anchor; family size 18 raised clone penalty
positive = target value matches, f08 nonzero, f08 not float-like, f18 nonzero, f18 not float-like, f20 nonzero, f20 not float-like, f68 nonzero, f68 not float-like, f70 nonzero, f70 not float-like, f78 nonzero, f78 not float-like, f58 nonzero, f58 not float-like, front metadata present, tail reference block present
negative = none

--- Candidate #56 ---
value_addr = 0x2D4096779F8
base_addr  = 0x2D4096779D0
f08 = 0x05000236
f18 = 0x2200022A
f20 = 0x215D0000
f28 = 0x42C80000 (100.0)
f58 = 0x03200002
f68 = 0x40044900
f70 = 0x20000236
f78 = 0x04410002
rank_position = 56
base_score = 40
prescore_score = 40
final_score = 27
total adjustment = -13
score = 27
hard_pass = true
flags = target_match, strong_front_block, strong_tail_block, object_like, anchored_fragmented_split_like, template_clone_family
score_breakdown = +10 target_match; +2 f08_nonzero; +2 f08_not_floatlike; +2 f18_nonzero; +2 f18_not_floatlike; +2 f20_nonzero; +2 f20_not_floatlike; +2 f68_nonzero; +2 f68_not_floatlike; +2 f70_nonzero; +2 f70_not_floatlike; +2 f78_nonzero; +2 f78_not_floatlike; +3 f58_nonzero; +2 f58_not_floatlike; +1 legacy_pointer_balanced_compat; -3 anchored_fragmented_split_penalty; -10 clone_penalty
code_blob_score = 0
code_blob_penalty = 0
scalar_block_score = 2
scalar_block_penalty = 0
text_block_score = 0
text_block_penalty = 0
template_family_id = cls:XXAXPXX|layout:front_tail_split|fptr:1|tptr:1|align:2|preg:2|dom:1|fns:0|tns:0|scalar:0|text:0|blob:0|mirror:0
clone_family_id = layout:front_tail_split|fptr:1|tptr:1|align:2|preg:2|dom:1|fns:0|tns:0|scalar:0|text:0|blob:0|mirror:0
template_family_size = 18
clone_penalty = 10
mirrored_penalty = 0
pointer_reward = 0
strong_structure_bonus = 0
sparse_anchor_tail_penalty = 0
anchored_fragmented_split_penalty = 3
one_sided_anchorless_split_penalty = 0
anchorless_partial_split_penalty = 0
isolated_split_penalty = 0
pointer_alignment_count = 2
pointer_region_count = 2
pointer_fields = f20, f68
pointer_cluster_count = 2
front_cluster_count = 1
tail_cluster_count = 1
front_non_singleton_cluster_count = 0
tail_non_singleton_cluster_count = 0
dominant_cluster_size = 1
cluster_layout = front_tail_split
has_valid_anchor = true
dominant_cluster_covers_majority = false
isolated_split_like = false
tie_break_vector = final=27|family=18|pointer=0|isolated=0|blob=0|scalar=0|text=0|clone=10|mirror=0|neg=0|addr=0x2D4096779F8
rank_reason = anchored fragmented split penalty fired on singleton-only split layout despite valid anchor; family size 18 raised clone penalty
positive = target value matches, f08 nonzero, f08 not float-like, f18 nonzero, f18 not float-like, f20 nonzero, f20 not float-like, f68 nonzero, f68 not float-like, f70 nonzero, f70 not float-like, f78 nonzero, f78 not float-like, f58 nonzero, f58 not float-like, front metadata present, tail reference block present
negative = none

--- Candidate #57 ---
value_addr = 0x2D40982E524
base_addr  = 0x2D40982E4FC
f08 = 0x7301410A
f18 = 0x10022A0C
f20 = 0x2A182204
f28 = 0x42C80000 (100.0)
f58 = 0x03202003
f68 = 0x00000043
f70 = 0x02280020
f78 = 0x360C200D
rank_position = 57
base_score = 40
prescore_score = 40
final_score = 27
total adjustment = -13
score = 27
hard_pass = true
flags = target_match, strong_front_block, strong_tail_block, object_like, anchored_fragmented_split_like, template_clone_family
score_breakdown = +10 target_match; +2 f08_nonzero; +2 f08_not_floatlike; +2 f18_nonzero; +2 f18_not_floatlike; +2 f20_nonzero; +2 f20_not_floatlike; +2 f68_nonzero; +2 f68_not_floatlike; +2 f70_nonzero; +2 f70_not_floatlike; +2 f78_nonzero; +2 f78_not_floatlike; +3 f58_nonzero; +2 f58_not_floatlike; +1 legacy_pointer_balanced_compat; -3 anchored_fragmented_split_penalty; -10 clone_penalty
code_blob_score = 0
code_blob_penalty = 0
scalar_block_score = 0
scalar_block_penalty = 0
text_block_score = 0
text_block_penalty = 0
template_family_id = cls:XADXSPX|layout:front_tail_split|fptr:1|tptr:1|align:2|preg:2|dom:1|fns:0|tns:0|scalar:0|text:0|blob:0|mirror:0
clone_family_id = layout:front_tail_split|fptr:1|tptr:1|align:2|preg:2|dom:1|fns:0|tns:0|scalar:0|text:0|blob:0|mirror:0
template_family_size = 18
clone_penalty = 10
mirrored_penalty = 0
pointer_reward = 0
strong_structure_bonus = 0
sparse_anchor_tail_penalty = 0
anchored_fragmented_split_penalty = 3
one_sided_anchorless_split_penalty = 0
anchorless_partial_split_penalty = 0
isolated_split_penalty = 0
pointer_alignment_count = 2
pointer_region_count = 2
pointer_fields = f18, f70
pointer_cluster_count = 3
front_cluster_count = 2
tail_cluster_count = 1
front_non_singleton_cluster_count = 0
tail_non_singleton_cluster_count = 0
dominant_cluster_size = 1
cluster_layout = front_tail_split
has_valid_anchor = true
dominant_cluster_covers_majority = false
isolated_split_like = false
tie_break_vector = final=27|family=18|pointer=0|isolated=0|blob=0|scalar=0|text=0|clone=10|mirror=0|neg=0|addr=0x2D40982E524
rank_reason = anchored fragmented split penalty fired on singleton-only split layout despite valid anchor; family size 18 raised clone penalty
positive = target value matches, f08 nonzero, f08 not float-like, f18 nonzero, f18 not float-like, f20 nonzero, f20 not float-like, f68 nonzero, f68 not float-like, f70 nonzero, f70 not float-like, f78 nonzero, f78 not float-like, f58 nonzero, f58 not float-like, front metadata present, tail reference block present
negative = none

--- Candidate #58 ---
value_addr = 0x2D4099EB390
base_addr  = 0x2D4099EB368
f08 = 0x7301410A
f18 = 0x10022A0C
f20 = 0x2A182204
f28 = 0x42C80000 (100.0)
f58 = 0x03202003
f68 = 0x00000043
f70 = 0x02280020
f78 = 0x360C200D
rank_position = 58
base_score = 40
prescore_score = 40
final_score = 27
total adjustment = -13
score = 27
hard_pass = true
flags = target_match, strong_front_block, strong_tail_block, object_like, anchored_fragmented_split_like, template_clone_family
score_breakdown = +10 target_match; +2 f08_nonzero; +2 f08_not_floatlike; +2 f18_nonzero; +2 f18_not_floatlike; +2 f20_nonzero; +2 f20_not_floatlike; +2 f68_nonzero; +2 f68_not_floatlike; +2 f70_nonzero; +2 f70_not_floatlike; +2 f78_nonzero; +2 f78_not_floatlike; +3 f58_nonzero; +2 f58_not_floatlike; +1 legacy_pointer_balanced_compat; -3 anchored_fragmented_split_penalty; -10 clone_penalty
code_blob_score = 0
code_blob_penalty = 0
scalar_block_score = 0
scalar_block_penalty = 0
text_block_score = 0
text_block_penalty = 0
template_family_id = cls:XADXSPX|layout:front_tail_split|fptr:1|tptr:1|align:2|preg:2|dom:1|fns:0|tns:0|scalar:0|text:0|blob:0|mirror:0
clone_family_id = layout:front_tail_split|fptr:1|tptr:1|align:2|preg:2|dom:1|fns:0|tns:0|scalar:0|text:0|blob:0|mirror:0
template_family_size = 18
clone_penalty = 10
mirrored_penalty = 0
pointer_reward = 0
strong_structure_bonus = 0
sparse_anchor_tail_penalty = 0
anchored_fragmented_split_penalty = 3
one_sided_anchorless_split_penalty = 0
anchorless_partial_split_penalty = 0
isolated_split_penalty = 0
pointer_alignment_count = 2
pointer_region_count = 2
pointer_fields = f18, f70
pointer_cluster_count = 3
front_cluster_count = 2
tail_cluster_count = 1
front_non_singleton_cluster_count = 0
tail_non_singleton_cluster_count = 0
dominant_cluster_size = 1
cluster_layout = front_tail_split
has_valid_anchor = true
dominant_cluster_covers_majority = false
isolated_split_like = false
tie_break_vector = final=27|family=18|pointer=0|isolated=0|blob=0|scalar=0|text=0|clone=10|mirror=0|neg=0|addr=0x2D4099EB390
rank_reason = anchored fragmented split penalty fired on singleton-only split layout despite valid anchor; family size 18 raised clone penalty
positive = target value matches, f08 nonzero, f08 not float-like, f18 nonzero, f18 not float-like, f20 nonzero, f20 not float-like, f68 nonzero, f68 not float-like, f70 nonzero, f70 not float-like, f78 nonzero, f78 not float-like, f58 nonzero, f58 not float-like, front metadata present, tail reference block present
negative = none

--- Candidate #59 ---
value_addr = 0x2D4099F4788
base_addr  = 0x2D4099F4760
f08 = 0x7301410A
f18 = 0x10022A0C
f20 = 0x2A182204
f28 = 0x42C80000 (100.0)
f58 = 0x03202003
f68 = 0x00000043
f70 = 0x02280020
f78 = 0x360C200D
rank_position = 59
base_score = 40
prescore_score = 40
final_score = 27
total adjustment = -13
score = 27
hard_pass = true
flags = target_match, strong_front_block, strong_tail_block, object_like, anchored_fragmented_split_like, template_clone_family
score_breakdown = +10 target_match; +2 f08_nonzero; +2 f08_not_floatlike; +2 f18_nonzero; +2 f18_not_floatlike; +2 f20_nonzero; +2 f20_not_floatlike; +2 f68_nonzero; +2 f68_not_floatlike; +2 f70_nonzero; +2 f70_not_floatlike; +2 f78_nonzero; +2 f78_not_floatlike; +3 f58_nonzero; +2 f58_not_floatlike; +1 legacy_pointer_balanced_compat; -3 anchored_fragmented_split_penalty; -10 clone_penalty
code_blob_score = 0
code_blob_penalty = 0
scalar_block_score = 0
scalar_block_penalty = 0
text_block_score = 0
text_block_penalty = 0
template_family_id = cls:XADXSPX|layout:front_tail_split|fptr:1|tptr:1|align:2|preg:2|dom:1|fns:0|tns:0|scalar:0|text:0|blob:0|mirror:0
clone_family_id = layout:front_tail_split|fptr:1|tptr:1|align:2|preg:2|dom:1|fns:0|tns:0|scalar:0|text:0|blob:0|mirror:0
template_family_size = 18
clone_penalty = 10
mirrored_penalty = 0
pointer_reward = 0
strong_structure_bonus = 0
sparse_anchor_tail_penalty = 0
anchored_fragmented_split_penalty = 3
one_sided_anchorless_split_penalty = 0
anchorless_partial_split_penalty = 0
isolated_split_penalty = 0
pointer_alignment_count = 2
pointer_region_count = 2
pointer_fields = f18, f70
pointer_cluster_count = 3
front_cluster_count = 2
tail_cluster_count = 1
front_non_singleton_cluster_count = 0
tail_non_singleton_cluster_count = 0
dominant_cluster_size = 1
cluster_layout = front_tail_split
has_valid_anchor = true
dominant_cluster_covers_majority = false
isolated_split_like = false
tie_break_vector = final=27|family=18|pointer=0|isolated=0|blob=0|scalar=0|text=0|clone=10|mirror=0|neg=0|addr=0x2D4099F4788
rank_reason = anchored fragmented split penalty fired on singleton-only split layout despite valid anchor; family size 18 raised clone penalty
positive = target value matches, f08 nonzero, f08 not float-like, f18 nonzero, f18 not float-like, f20 nonzero, f20 not float-like, f68 nonzero, f68 not float-like, f70 nonzero, f70 not float-like, f78 nonzero, f78 not float-like, f58 nonzero, f58 not float-like, front metadata present, tail reference block present
negative = none

--- Candidate #60 ---
value_addr = 0x2D409D348FC
base_addr  = 0x2D409D348D4
f08 = 0x3604FDB1
f18 = 0x22000228
f20 = 0x02380000
f28 = 0x42C80000 (100.0)
f58 = 0x41000228
f68 = 0x01200002
f70 = 0x0B1A0402
f78 = 0x04410020
rank_position = 60
base_score = 40
prescore_score = 40
final_score = 27
total adjustment = -13
score = 27
hard_pass = true
flags = target_match, strong_front_block, strong_tail_block, object_like, anchored_fragmented_split_like, template_clone_family
score_breakdown = +10 target_match; +2 f08_nonzero; +2 f08_not_floatlike; +2 f18_nonzero; +2 f18_not_floatlike; +2 f20_nonzero; +2 f20_not_floatlike; +2 f68_nonzero; +2 f68_not_floatlike; +2 f70_nonzero; +2 f70_not_floatlike; +2 f78_nonzero; +2 f78_not_floatlike; +3 f58_nonzero; +2 f58_not_floatlike; +1 legacy_pointer_balanced_compat; -3 anchored_fragmented_split_penalty; -10 clone_penalty
code_blob_score = 0
code_blob_penalty = 0
scalar_block_score = 2
scalar_block_penalty = 0
text_block_score = 0
text_block_penalty = 0
template_family_id = cls:XADDXXP|layout:front_tail_split|fptr:1|tptr:1|align:2|preg:2|dom:1|fns:0|tns:0|scalar:0|text:0|blob:0|mirror:0
clone_family_id = layout:front_tail_split|fptr:1|tptr:1|align:2|preg:2|dom:1|fns:0|tns:0|scalar:0|text:0|blob:0|mirror:0
template_family_size = 18
clone_penalty = 10
mirrored_penalty = 0
pointer_reward = 0
strong_structure_bonus = 0
sparse_anchor_tail_penalty = 0
anchored_fragmented_split_penalty = 3
one_sided_anchorless_split_penalty = 0
anchorless_partial_split_penalty = 0
isolated_split_penalty = 0
pointer_alignment_count = 2
pointer_region_count = 2
pointer_fields = f18, f78
pointer_cluster_count = 3
front_cluster_count = 2
tail_cluster_count = 1
front_non_singleton_cluster_count = 0
tail_non_singleton_cluster_count = 0
dominant_cluster_size = 1
cluster_layout = front_tail_split
has_valid_anchor = true
dominant_cluster_covers_majority = false
isolated_split_like = false
tie_break_vector = final=27|family=18|pointer=0|isolated=0|blob=0|scalar=0|text=0|clone=10|mirror=0|neg=0|addr=0x2D409D348FC
rank_reason = anchored fragmented split penalty fired on singleton-only split layout despite valid anchor; family size 18 raised clone penalty
positive = target value matches, f08 nonzero, f08 not float-like, f18 nonzero, f18 not float-like, f20 nonzero, f20 not float-like, f68 nonzero, f68 not float-like, f70 nonzero, f70 not float-like, f78 nonzero, f78 not float-like, f58 nonzero, f58 not float-like, front metadata present, tail reference block present
negative = none

--- Candidate #61 ---
value_addr = 0x2D409D3521C
base_addr  = 0x2D409D351F4
f08 = 0x01D8F186
f18 = 0x22040228
f20 = 0x02383F80
f28 = 0x42C80000 (100.0)
f58 = 0x02280402
f68 = 0x00004301
f70 = 0x01200B0C
f78 = 0x28040228
rank_position = 61
base_score = 40
prescore_score = 40
final_score = 27
total adjustment = -13
score = 27
hard_pass = true
flags = target_match, strong_front_block, strong_tail_block, object_like, anchored_fragmented_split_like, template_clone_family
score_breakdown = +10 target_match; +2 f08_nonzero; +2 f08_not_floatlike; +2 f18_nonzero; +2 f18_not_floatlike; +2 f20_nonzero; +2 f20_not_floatlike; +2 f68_nonzero; +2 f68_not_floatlike; +2 f70_nonzero; +2 f70_not_floatlike; +2 f78_nonzero; +2 f78_not_floatlike; +3 f58_nonzero; +2 f58_not_floatlike; +1 legacy_pointer_balanced_compat; -3 anchored_fragmented_split_penalty; -10 clone_penalty
code_blob_score = 0
code_blob_penalty = 0
scalar_block_score = 0
scalar_block_penalty = 0
text_block_score = 0
text_block_penalty = 0
template_family_id = cls:XADXXPD|layout:front_tail_split|fptr:1|tptr:1|align:2|preg:2|dom:1|fns:0|tns:0|scalar:0|text:0|blob:0|mirror:0
clone_family_id = layout:front_tail_split|fptr:1|tptr:1|align:2|preg:2|dom:1|fns:0|tns:0|scalar:0|text:0|blob:0|mirror:0
template_family_size = 18
clone_penalty = 10
mirrored_penalty = 0
pointer_reward = 0
strong_structure_bonus = 0
sparse_anchor_tail_penalty = 0
anchored_fragmented_split_penalty = 3
one_sided_anchorless_split_penalty = 0
anchorless_partial_split_penalty = 0
isolated_split_penalty = 0
pointer_alignment_count = 2
pointer_region_count = 2
pointer_fields = f18, f70
pointer_cluster_count = 4
front_cluster_count = 2
tail_cluster_count = 2
front_non_singleton_cluster_count = 0
tail_non_singleton_cluster_count = 0
dominant_cluster_size = 1
cluster_layout = front_tail_split
has_valid_anchor = true
dominant_cluster_covers_majority = false
isolated_split_like = false
tie_break_vector = final=27|family=18|pointer=0|isolated=0|blob=0|scalar=0|text=0|clone=10|mirror=0|neg=0|addr=0x2D409D3521C
rank_reason = anchored fragmented split penalty fired on singleton-only split layout despite valid anchor; family size 18 raised clone penalty
positive = target value matches, f08 nonzero, f08 not float-like, f18 nonzero, f18 not float-like, f20 nonzero, f20 not float-like, f68 nonzero, f68 not float-like, f70 nonzero, f70 not float-like, f78 nonzero, f78 not float-like, f58 nonzero, f58 not float-like, front metadata present, tail reference block present
negative = none

--- Candidate #62 ---
value_addr = 0x2D409E0B310
base_addr  = 0x2D409E0B2E8
f08 = 0x383CA3D7
f18 = 0x002001A0
f20 = 0xA4023842
f28 = 0x42C80000 (100.0)
f58 = 0x00022801
f68 = 0x02280220
f70 = 0xD2100220
f78 = 0x00410120
rank_position = 62
base_score = 40
prescore_score = 40
final_score = 27
total adjustment = -13
score = 27
hard_pass = true
flags = target_match, strong_front_block, strong_tail_block, object_like, anchored_fragmented_split_like, template_clone_family
score_breakdown = +10 target_match; +2 f08_nonzero; +2 f08_not_floatlike; +2 f18_nonzero; +2 f18_not_floatlike; +2 f20_nonzero; +2 f20_not_floatlike; +2 f68_nonzero; +2 f68_not_floatlike; +2 f70_nonzero; +2 f70_not_floatlike; +2 f78_nonzero; +2 f78_not_floatlike; +3 f58_nonzero; +2 f58_not_floatlike; +1 legacy_pointer_balanced_compat; -3 anchored_fragmented_split_penalty; -10 clone_penalty
code_blob_score = 0
code_blob_penalty = 0
scalar_block_score = 0
scalar_block_penalty = 0
text_block_score = 0
text_block_penalty = 0
template_family_id = cls:XAXXPDD|layout:front_tail_split|fptr:1|tptr:1|align:2|preg:2|dom:1|fns:0|tns:0|scalar:0|text:0|blob:0|mirror:0
clone_family_id = layout:front_tail_split|fptr:1|tptr:1|align:2|preg:2|dom:1|fns:0|tns:0|scalar:0|text:0|blob:0|mirror:0
template_family_size = 18
clone_penalty = 10
mirrored_penalty = 0
pointer_reward = 0
strong_structure_bonus = 0
sparse_anchor_tail_penalty = 0
anchored_fragmented_split_penalty = 3
one_sided_anchorless_split_penalty = 0
anchorless_partial_split_penalty = 0
isolated_split_penalty = 0
pointer_alignment_count = 2
pointer_region_count = 2
pointer_fields = f18, f68
pointer_cluster_count = 4
front_cluster_count = 1
tail_cluster_count = 3
front_non_singleton_cluster_count = 0
tail_non_singleton_cluster_count = 0
dominant_cluster_size = 1
cluster_layout = front_tail_split
has_valid_anchor = true
dominant_cluster_covers_majority = false
isolated_split_like = false
tie_break_vector = final=27|family=18|pointer=0|isolated=0|blob=0|scalar=0|text=0|clone=10|mirror=0|neg=0|addr=0x2D409E0B310
rank_reason = anchored fragmented split penalty fired on singleton-only split layout despite valid anchor; family size 18 raised clone penalty
positive = target value matches, f08 nonzero, f08 not float-like, f18 nonzero, f18 not float-like, f20 nonzero, f20 not float-like, f68 nonzero, f68 not float-like, f70 nonzero, f70 not float-like, f78 nonzero, f78 not float-like, f58 nonzero, f58 not float-like, front metadata present, tail reference block present
negative = none

--- Candidate #63 ---
value_addr = 0x2D409E3EE24
base_addr  = 0x2D409E3EDFC
f08 = 0x383CA3D7
f18 = 0x002001A0
f20 = 0xA4023842
f28 = 0x42C80000 (100.0)
f58 = 0x00022801
f68 = 0x02280220
f70 = 0xD2100220
f78 = 0x00410120
rank_position = 63
base_score = 40
prescore_score = 40
final_score = 27
total adjustment = -13
score = 27
hard_pass = true
flags = target_match, strong_front_block, strong_tail_block, object_like, anchored_fragmented_split_like, template_clone_family
score_breakdown = +10 target_match; +2 f08_nonzero; +2 f08_not_floatlike; +2 f18_nonzero; +2 f18_not_floatlike; +2 f20_nonzero; +2 f20_not_floatlike; +2 f68_nonzero; +2 f68_not_floatlike; +2 f70_nonzero; +2 f70_not_floatlike; +2 f78_nonzero; +2 f78_not_floatlike; +3 f58_nonzero; +2 f58_not_floatlike; +1 legacy_pointer_balanced_compat; -3 anchored_fragmented_split_penalty; -10 clone_penalty
code_blob_score = 0
code_blob_penalty = 0
scalar_block_score = 0
scalar_block_penalty = 0
text_block_score = 0
text_block_penalty = 0
template_family_id = cls:XAXXPDD|layout:front_tail_split|fptr:1|tptr:1|align:2|preg:2|dom:1|fns:0|tns:0|scalar:0|text:0|blob:0|mirror:0
clone_family_id = layout:front_tail_split|fptr:1|tptr:1|align:2|preg:2|dom:1|fns:0|tns:0|scalar:0|text:0|blob:0|mirror:0
template_family_size = 18
clone_penalty = 10
mirrored_penalty = 0
pointer_reward = 0
strong_structure_bonus = 0
sparse_anchor_tail_penalty = 0
anchored_fragmented_split_penalty = 3
one_sided_anchorless_split_penalty = 0
anchorless_partial_split_penalty = 0
isolated_split_penalty = 0
pointer_alignment_count = 2
pointer_region_count = 2
pointer_fields = f18, f68
pointer_cluster_count = 4
front_cluster_count = 1
tail_cluster_count = 3
front_non_singleton_cluster_count = 0
tail_non_singleton_cluster_count = 0
dominant_cluster_size = 1
cluster_layout = front_tail_split
has_valid_anchor = true
dominant_cluster_covers_majority = false
isolated_split_like = false
tie_break_vector = final=27|family=18|pointer=0|isolated=0|blob=0|scalar=0|text=0|clone=10|mirror=0|neg=0|addr=0x2D409E3EE24
rank_reason = anchored fragmented split penalty fired on singleton-only split layout despite valid anchor; family size 18 raised clone penalty
positive = target value matches, f08 nonzero, f08 not float-like, f18 nonzero, f18 not float-like, f20 nonzero, f20 not float-like, f68 nonzero, f68 not float-like, f70 nonzero, f70 not float-like, f78 nonzero, f78 not float-like, f58 nonzero, f58 not float-like, front metadata present, tail reference block present
negative = none

--- Candidate #64 ---
value_addr = 0x2D40A511F88
base_addr  = 0x2D40A511F60
f08 = 0x023600E4
f18 = 0x2059003A
f20 = 0x023842C8
f28 = 0x42C80000 (100.0)
f58 = 0x74022801
f68 = 0xB78B1000
f70 = 0x01F8E5B4
f78 = 0xBA012E01
rank_position = 64
base_score = 40
prescore_score = 40
final_score = 27
total adjustment = -13
score = 27
hard_pass = true
flags = target_match, strong_front_block, strong_tail_block, object_like, anchored_fragmented_split_like, template_clone_family
score_breakdown = +10 target_match; +2 f08_nonzero; +2 f08_not_floatlike; +2 f18_nonzero; +2 f18_not_floatlike; +2 f20_nonzero; +2 f20_not_floatlike; +2 f68_nonzero; +2 f68_not_floatlike; +2 f70_nonzero; +2 f70_not_floatlike; +2 f78_nonzero; +2 f78_not_floatlike; +3 f58_nonzero; +2 f58_not_floatlike; +1 legacy_pointer_balanced_compat; -3 anchored_fragmented_split_penalty; -10 clone_penalty
code_blob_score = 0
code_blob_penalty = 0
scalar_block_score = 2
scalar_block_penalty = 0
text_block_score = 0
text_block_penalty = 0
template_family_id = cls:AXDXPDX|layout:front_tail_split|fptr:1|tptr:1|align:2|preg:2|dom:1|fns:0|tns:0|scalar:0|text:0|blob:0|mirror:0
clone_family_id = layout:front_tail_split|fptr:1|tptr:1|align:2|preg:2|dom:1|fns:0|tns:0|scalar:0|text:0|blob:0|mirror:0
template_family_size = 18
clone_penalty = 10
mirrored_penalty = 0
pointer_reward = 0
strong_structure_bonus = 0
sparse_anchor_tail_penalty = 0
anchored_fragmented_split_penalty = 3
one_sided_anchorless_split_penalty = 0
anchorless_partial_split_penalty = 0
isolated_split_penalty = 0
pointer_alignment_count = 2
pointer_region_count = 2
pointer_fields = f08, f68
pointer_cluster_count = 4
front_cluster_count = 2
tail_cluster_count = 2
front_non_singleton_cluster_count = 0
tail_non_singleton_cluster_count = 0
dominant_cluster_size = 1
cluster_layout = front_tail_split
has_valid_anchor = true
dominant_cluster_covers_majority = false
isolated_split_like = false
tie_break_vector = final=27|family=18|pointer=0|isolated=0|blob=0|scalar=0|text=0|clone=10|mirror=0|neg=0|addr=0x2D40A511F88
rank_reason = anchored fragmented split penalty fired on singleton-only split layout despite valid anchor; family size 18 raised clone penalty
positive = target value matches, f08 nonzero, f08 not float-like, f18 nonzero, f18 not float-like, f20 nonzero, f20 not float-like, f68 nonzero, f68 not float-like, f70 nonzero, f70 not float-like, f78 nonzero, f78 not float-like, f58 nonzero, f58 not float-like, front metadata present, tail reference block present
negative = none

--- Candidate #65 ---
value_addr = 0x28E4025BC214
base_addr  = 0x28E4025BC1EC
f08 = 0xCC77437D
f18 = 0x2000420B
f20 = 0x02383DCC
f28 = 0x42C80000 (100.0)
f58 = 0x0B3C0236
f68 = 0x9B100120
f70 = 0x01200020
f78 = 0x7F010148
rank_position = 65
base_score = 40
prescore_score = 40
final_score = 27
total adjustment = -13
score = 27
hard_pass = true
flags = target_match, strong_front_block, strong_tail_block, object_like, anchored_fragmented_split_like, template_clone_family
score_breakdown = +10 target_match; +2 f08_nonzero; +2 f08_not_floatlike; +2 f18_nonzero; +2 f18_not_floatlike; +2 f20_nonzero; +2 f20_not_floatlike; +2 f68_nonzero; +2 f68_not_floatlike; +2 f70_nonzero; +2 f70_not_floatlike; +2 f78_nonzero; +2 f78_not_floatlike; +3 f58_nonzero; +2 f58_not_floatlike; +1 legacy_pointer_balanced_compat; -3 anchored_fragmented_split_penalty; -10 clone_penalty
code_blob_score = 0
code_blob_penalty = 0
scalar_block_score = 0
scalar_block_penalty = 0
text_block_score = 0
text_block_penalty = 0
template_family_id = cls:XXAXPDD|layout:front_tail_split|fptr:1|tptr:1|align:2|preg:2|dom:1|fns:0|tns:0|scalar:0|text:0|blob:0|mirror:0
clone_family_id = layout:front_tail_split|fptr:1|tptr:1|align:2|preg:2|dom:1|fns:0|tns:0|scalar:0|text:0|blob:0|mirror:0
template_family_size = 18
clone_penalty = 10
mirrored_penalty = 0
pointer_reward = 0
strong_structure_bonus = 0
sparse_anchor_tail_penalty = 0
anchored_fragmented_split_penalty = 3
one_sided_anchorless_split_penalty = 0
anchorless_partial_split_penalty = 0
isolated_split_penalty = 0
pointer_alignment_count = 2
pointer_region_count = 2
pointer_fields = f20, f68
pointer_cluster_count = 4
front_cluster_count = 1
tail_cluster_count = 3
front_non_singleton_cluster_count = 0
tail_non_singleton_cluster_count = 0
dominant_cluster_size = 1
cluster_layout = front_tail_split
has_valid_anchor = true
dominant_cluster_covers_majority = false
isolated_split_like = false
tie_break_vector = final=27|family=18|pointer=0|isolated=0|blob=0|scalar=0|text=0|clone=10|mirror=0|neg=0|addr=0x28E4025BC214
rank_reason = anchored fragmented split penalty fired on singleton-only split layout despite valid anchor; family size 18 raised clone penalty
positive = target value matches, f08 nonzero, f08 not float-like, f18 nonzero, f18 not float-like, f20 nonzero, f20 not float-like, f68 nonzero, f68 not float-like, f70 nonzero, f70 not float-like, f78 nonzero, f78 not float-like, f58 nonzero, f58 not float-like, front metadata present, tail reference block present
negative = none

--- Candidate #66 ---
value_addr = 0x28E4027264B0
base_addr  = 0x28E402726488
f08 = 0x01220002
f18 = 0x01F5D1DC
f20 = 0x0043559D
f28 = 0x42C80000 (100.0)
f58 = 0x7101FFFF
f68 = 0x28000228
f70 = 0x41711FFF
f78 = 0x40040005
rank_position = 66
base_score = 40
prescore_score = 40
final_score = 27
total adjustment = -13
score = 27
hard_pass = true
flags = target_match, strong_front_block, strong_tail_block, object_like, anchored_fragmented_split_like, template_clone_family
score_breakdown = +10 target_match; +2 f08_nonzero; +2 f08_not_floatlike; +2 f18_nonzero; +2 f18_not_floatlike; +2 f20_nonzero; +2 f20_not_floatlike; +2 f68_nonzero; +2 f68_not_floatlike; +2 f70_nonzero; +2 f70_not_floatlike; +2 f78_nonzero; +2 f78_not_floatlike; +3 f58_nonzero; +2 f58_not_floatlike; +1 legacy_pointer_balanced_compat; -3 anchored_fragmented_split_penalty; -10 clone_penalty
code_blob_score = 0
code_blob_penalty = 0
scalar_block_score = 0
scalar_block_penalty = 0
text_block_score = 0
text_block_penalty = 0
template_family_id = cls:XAXXPXX|layout:front_tail_split|fptr:1|tptr:1|align:2|preg:2|dom:1|fns:0|tns:0|scalar:0|text:0|blob:0|mirror:0
clone_family_id = layout:front_tail_split|fptr:1|tptr:1|align:2|preg:2|dom:1|fns:0|tns:0|scalar:0|text:0|blob:0|mirror:0
template_family_size = 18
clone_penalty = 10
mirrored_penalty = 0
pointer_reward = 0
strong_structure_bonus = 0
sparse_anchor_tail_penalty = 0
anchored_fragmented_split_penalty = 3
one_sided_anchorless_split_penalty = 0
anchorless_partial_split_penalty = 0
isolated_split_penalty = 0
pointer_alignment_count = 2
pointer_region_count = 2
pointer_fields = f18, f68
pointer_cluster_count = 2
front_cluster_count = 1
tail_cluster_count = 1
front_non_singleton_cluster_count = 0
tail_non_singleton_cluster_count = 0
dominant_cluster_size = 1
cluster_layout = front_tail_split
has_valid_anchor = true
dominant_cluster_covers_majority = false
isolated_split_like = false
tie_break_vector = final=27|family=18|pointer=0|isolated=0|blob=0|scalar=0|text=0|clone=10|mirror=0|neg=0|addr=0x28E4027264B0
rank_reason = anchored fragmented split penalty fired on singleton-only split layout despite valid anchor; family size 18 raised clone penalty
positive = target value matches, f08 nonzero, f08 not float-like, f18 nonzero, f18 not float-like, f20 nonzero, f20 not float-like, f68 nonzero, f68 not float-like, f70 nonzero, f70 not float-like, f78 nonzero, f78 not float-like, f58 nonzero, f58 not float-like, front metadata present, tail reference block present
negative = none

--- Candidate #67 ---
value_addr = 0x28E402A779F8
base_addr  = 0x28E402A779D0
f08 = 0x05000236
f18 = 0x2200022A
f20 = 0x215D0000
f28 = 0x42C80000 (100.0)
f58 = 0x03200002
f68 = 0x40044900
f70 = 0x20000236
f78 = 0x04410002
rank_position = 67
base_score = 40
prescore_score = 40
final_score = 27
total adjustment = -13
score = 27
hard_pass = true
flags = target_match, strong_front_block, strong_tail_block, object_like, anchored_fragmented_split_like, template_clone_family
score_breakdown = +10 target_match; +2 f08_nonzero; +2 f08_not_floatlike; +2 f18_nonzero; +2 f18_not_floatlike; +2 f20_nonzero; +2 f20_not_floatlike; +2 f68_nonzero; +2 f68_not_floatlike; +2 f70_nonzero; +2 f70_not_floatlike; +2 f78_nonzero; +2 f78_not_floatlike; +3 f58_nonzero; +2 f58_not_floatlike; +1 legacy_pointer_balanced_compat; -3 anchored_fragmented_split_penalty; -10 clone_penalty
code_blob_score = 0
code_blob_penalty = 0
scalar_block_score = 2
scalar_block_penalty = 0
text_block_score = 0
text_block_penalty = 0
template_family_id = cls:XXAXPXX|layout:front_tail_split|fptr:1|tptr:1|align:2|preg:2|dom:1|fns:0|tns:0|scalar:0|text:0|blob:0|mirror:0
clone_family_id = layout:front_tail_split|fptr:1|tptr:1|align:2|preg:2|dom:1|fns:0|tns:0|scalar:0|text:0|blob:0|mirror:0
template_family_size = 18
clone_penalty = 10
mirrored_penalty = 0
pointer_reward = 0
strong_structure_bonus = 0
sparse_anchor_tail_penalty = 0
anchored_fragmented_split_penalty = 3
one_sided_anchorless_split_penalty = 0
anchorless_partial_split_penalty = 0
isolated_split_penalty = 0
pointer_alignment_count = 2
pointer_region_count = 2
pointer_fields = f20, f68
pointer_cluster_count = 2
front_cluster_count = 1
tail_cluster_count = 1
front_non_singleton_cluster_count = 0
tail_non_singleton_cluster_count = 0
dominant_cluster_size = 1
cluster_layout = front_tail_split
has_valid_anchor = true
dominant_cluster_covers_majority = false
isolated_split_like = false
tie_break_vector = final=27|family=18|pointer=0|isolated=0|blob=0|scalar=0|text=0|clone=10|mirror=0|neg=0|addr=0x28E402A779F8
rank_reason = anchored fragmented split penalty fired on singleton-only split layout despite valid anchor; family size 18 raised clone penalty
positive = target value matches, f08 nonzero, f08 not float-like, f18 nonzero, f18 not float-like, f20 nonzero, f20 not float-like, f68 nonzero, f68 not float-like, f70 nonzero, f70 not float-like, f78 nonzero, f78 not float-like, f58 nonzero, f58 not float-like, front metadata present, tail reference block present
negative = none

--- Candidate #68 ---
value_addr = 0x28E402C2E524
base_addr  = 0x28E402C2E4FC
f08 = 0x7301410A
f18 = 0x10022A0C
f20 = 0x2A182204
f28 = 0x42C80000 (100.0)
f58 = 0x03202003
f68 = 0x00000043
f70 = 0x02280020
f78 = 0x360C200D
rank_position = 68
base_score = 40
prescore_score = 40
final_score = 27
total adjustment = -13
score = 27
hard_pass = true
flags = target_match, strong_front_block, strong_tail_block, object_like, anchored_fragmented_split_like, template_clone_family
score_breakdown = +10 target_match; +2 f08_nonzero; +2 f08_not_floatlike; +2 f18_nonzero; +2 f18_not_floatlike; +2 f20_nonzero; +2 f20_not_floatlike; +2 f68_nonzero; +2 f68_not_floatlike; +2 f70_nonzero; +2 f70_not_floatlike; +2 f78_nonzero; +2 f78_not_floatlike; +3 f58_nonzero; +2 f58_not_floatlike; +1 legacy_pointer_balanced_compat; -3 anchored_fragmented_split_penalty; -10 clone_penalty
code_blob_score = 0
code_blob_penalty = 0
scalar_block_score = 0
scalar_block_penalty = 0
text_block_score = 0
text_block_penalty = 0
template_family_id = cls:XADXSPX|layout:front_tail_split|fptr:1|tptr:1|align:2|preg:2|dom:1|fns:0|tns:0|scalar:0|text:0|blob:0|mirror:0
clone_family_id = layout:front_tail_split|fptr:1|tptr:1|align:2|preg:2|dom:1|fns:0|tns:0|scalar:0|text:0|blob:0|mirror:0
template_family_size = 18
clone_penalty = 10
mirrored_penalty = 0
pointer_reward = 0
strong_structure_bonus = 0
sparse_anchor_tail_penalty = 0
anchored_fragmented_split_penalty = 3
one_sided_anchorless_split_penalty = 0
anchorless_partial_split_penalty = 0
isolated_split_penalty = 0
pointer_alignment_count = 2
pointer_region_count = 2
pointer_fields = f18, f70
pointer_cluster_count = 3
front_cluster_count = 2
tail_cluster_count = 1
front_non_singleton_cluster_count = 0
tail_non_singleton_cluster_count = 0
dominant_cluster_size = 1
cluster_layout = front_tail_split
has_valid_anchor = true
dominant_cluster_covers_majority = false
isolated_split_like = false
tie_break_vector = final=27|family=18|pointer=0|isolated=0|blob=0|scalar=0|text=0|clone=10|mirror=0|neg=0|addr=0x28E402C2E524
rank_reason = anchored fragmented split penalty fired on singleton-only split layout despite valid anchor; family size 18 raised clone penalty
positive = target value matches, f08 nonzero, f08 not float-like, f18 nonzero, f18 not float-like, f20 nonzero, f20 not float-like, f68 nonzero, f68 not float-like, f70 nonzero, f70 not float-like, f78 nonzero, f78 not float-like, f58 nonzero, f58 not float-like, front metadata present, tail reference block present
negative = none

--- Candidate #69 ---
value_addr = 0x28E402DEB390
base_addr  = 0x28E402DEB368
f08 = 0x7301410A
f18 = 0x10022A0C
f20 = 0x2A182204
f28 = 0x42C80000 (100.0)
f58 = 0x03202003
f68 = 0x00000043
f70 = 0x02280020
f78 = 0x360C200D
rank_position = 69
base_score = 40
prescore_score = 40
final_score = 27
total adjustment = -13
score = 27
hard_pass = true
flags = target_match, strong_front_block, strong_tail_block, object_like, anchored_fragmented_split_like, template_clone_family
score_breakdown = +10 target_match; +2 f08_nonzero; +2 f08_not_floatlike; +2 f18_nonzero; +2 f18_not_floatlike; +2 f20_nonzero; +2 f20_not_floatlike; +2 f68_nonzero; +2 f68_not_floatlike; +2 f70_nonzero; +2 f70_not_floatlike; +2 f78_nonzero; +2 f78_not_floatlike; +3 f58_nonzero; +2 f58_not_floatlike; +1 legacy_pointer_balanced_compat; -3 anchored_fragmented_split_penalty; -10 clone_penalty
code_blob_score = 0
code_blob_penalty = 0
scalar_block_score = 0
scalar_block_penalty = 0
text_block_score = 0
text_block_penalty = 0
template_family_id = cls:XADXSPX|layout:front_tail_split|fptr:1|tptr:1|align:2|preg:2|dom:1|fns:0|tns:0|scalar:0|text:0|blob:0|mirror:0
clone_family_id = layout:front_tail_split|fptr:1|tptr:1|align:2|preg:2|dom:1|fns:0|tns:0|scalar:0|text:0|blob:0|mirror:0
template_family_size = 18
clone_penalty = 10
mirrored_penalty = 0
pointer_reward = 0
strong_structure_bonus = 0
sparse_anchor_tail_penalty = 0
anchored_fragmented_split_penalty = 3
one_sided_anchorless_split_penalty = 0
anchorless_partial_split_penalty = 0
isolated_split_penalty = 0
pointer_alignment_count = 2
pointer_region_count = 2
pointer_fields = f18, f70
pointer_cluster_count = 3
front_cluster_count = 2
tail_cluster_count = 1
front_non_singleton_cluster_count = 0
tail_non_singleton_cluster_count = 0
dominant_cluster_size = 1
cluster_layout = front_tail_split
has_valid_anchor = true
dominant_cluster_covers_majority = false
isolated_split_like = false
tie_break_vector = final=27|family=18|pointer=0|isolated=0|blob=0|scalar=0|text=0|clone=10|mirror=0|neg=0|addr=0x28E402DEB390
rank_reason = anchored fragmented split penalty fired on singleton-only split layout despite valid anchor; family size 18 raised clone penalty
positive = target value matches, f08 nonzero, f08 not float-like, f18 nonzero, f18 not float-like, f20 nonzero, f20 not float-like, f68 nonzero, f68 not float-like, f70 nonzero, f70 not float-like, f78 nonzero, f78 not float-like, f58 nonzero, f58 not float-like, front metadata present, tail reference block present
negative = none

--- Candidate #70 ---
value_addr = 0x28E402DF4788
base_addr  = 0x28E402DF4760
f08 = 0x7301410A
f18 = 0x10022A0C
f20 = 0x2A182204
f28 = 0x42C80000 (100.0)
f58 = 0x03202003
f68 = 0x00000043
f70 = 0x02280020
f78 = 0x360C200D
rank_position = 70
base_score = 40
prescore_score = 40
final_score = 27
total adjustment = -13
score = 27
hard_pass = true
flags = target_match, strong_front_block, strong_tail_block, object_like, anchored_fragmented_split_like, template_clone_family
score_breakdown = +10 target_match; +2 f08_nonzero; +2 f08_not_floatlike; +2 f18_nonzero; +2 f18_not_floatlike; +2 f20_nonzero; +2 f20_not_floatlike; +2 f68_nonzero; +2 f68_not_floatlike; +2 f70_nonzero; +2 f70_not_floatlike; +2 f78_nonzero; +2 f78_not_floatlike; +3 f58_nonzero; +2 f58_not_floatlike; +1 legacy_pointer_balanced_compat; -3 anchored_fragmented_split_penalty; -10 clone_penalty
code_blob_score = 0
code_blob_penalty = 0
scalar_block_score = 0
scalar_block_penalty = 0
text_block_score = 0
text_block_penalty = 0
template_family_id = cls:XADXSPX|layout:front_tail_split|fptr:1|tptr:1|align:2|preg:2|dom:1|fns:0|tns:0|scalar:0|text:0|blob:0|mirror:0
clone_family_id = layout:front_tail_split|fptr:1|tptr:1|align:2|preg:2|dom:1|fns:0|tns:0|scalar:0|text:0|blob:0|mirror:0
template_family_size = 18
clone_penalty = 10
mirrored_penalty = 0
pointer_reward = 0
strong_structure_bonus = 0
sparse_anchor_tail_penalty = 0
anchored_fragmented_split_penalty = 3
one_sided_anchorless_split_penalty = 0
anchorless_partial_split_penalty = 0
isolated_split_penalty = 0
pointer_alignment_count = 2
pointer_region_count = 2
pointer_fields = f18, f70
pointer_cluster_count = 3
front_cluster_count = 2
tail_cluster_count = 1
front_non_singleton_cluster_count = 0
tail_non_singleton_cluster_count = 0
dominant_cluster_size = 1
cluster_layout = front_tail_split
has_valid_anchor = true
dominant_cluster_covers_majority = false
isolated_split_like = false
tie_break_vector = final=27|family=18|pointer=0|isolated=0|blob=0|scalar=0|text=0|clone=10|mirror=0|neg=0|addr=0x28E402DF4788
rank_reason = anchored fragmented split penalty fired on singleton-only split layout despite valid anchor; family size 18 raised clone penalty
positive = target value matches, f08 nonzero, f08 not float-like, f18 nonzero, f18 not float-like, f20 nonzero, f20 not float-like, f68 nonzero, f68 not float-like, f70 nonzero, f70 not float-like, f78 nonzero, f78 not float-like, f58 nonzero, f58 not float-like, front metadata present, tail reference block present
negative = none

--- Candidate #71 ---
value_addr = 0x2D806D87160
base_addr  = 0x2D806D87138
f08 = 0x3F772A3C
f18 = 0xBF7729B5
f20 = 0xBE649D72
f28 = 0x42C80000 (100.0)
f58 = 0x3F4180C7
f68 = 0x3E23EC8B
f70 = 0x3EF7D968
f78 = 0x3DE4BEC2
rank_position = 71
base_score = 40
prescore_score = 40
final_score = 26
total adjustment = -14
score = 26
hard_pass = true
flags = target_match, strong_front_block, strong_tail_block, object_like, anchorless_partial_split_like, isolated_split_like, template_clone_family
score_breakdown = +10 target_match; +2 f08_nonzero; +2 f08_not_floatlike; +2 f18_nonzero; +2 f18_not_floatlike; +2 f20_nonzero; +2 f20_not_floatlike; +2 f68_nonzero; +2 f68_not_floatlike; +2 f70_nonzero; +2 f70_not_floatlike; +2 f78_nonzero; +2 f78_not_floatlike; +3 f58_nonzero; +2 f58_not_floatlike; +1 legacy_pointer_balanced_compat; -2 anchorless_partial_split_penalty; -2 isolated_split_penalty(no_anchor_no_non_singleton_split_support); -10 clone_penalty
code_blob_score = 0
code_blob_penalty = 0
scalar_block_score = 4
scalar_block_penalty = 0
text_block_score = 0
text_block_penalty = 0
template_family_id = cls:PXXXXPX|layout:front_tail_split|fptr:1|tptr:1|align:2|preg:2|dom:1|fns:0|tns:0|scalar:0|text:0|blob:0|mirror:0
clone_family_id = layout:front_tail_split|fptr:1|tptr:1|align:2|preg:2|dom:1|fns:0|tns:0|scalar:0|text:0|blob:0|mirror:0
template_family_size = 18
clone_penalty = 10
mirrored_penalty = 0
pointer_reward = 0
strong_structure_bonus = 0
sparse_anchor_tail_penalty = 0
anchored_fragmented_split_penalty = 0
one_sided_anchorless_split_penalty = 0
anchorless_partial_split_penalty = 2
isolated_split_penalty = 2
pointer_alignment_count = 2
pointer_region_count = 2
pointer_fields = f08, f70
pointer_cluster_count = 2
front_cluster_count = 1
tail_cluster_count = 1
front_non_singleton_cluster_count = 0
tail_non_singleton_cluster_count = 0
dominant_cluster_size = 1
cluster_layout = front_tail_split
has_valid_anchor = false
dominant_cluster_covers_majority = false
isolated_split_like = true
tie_break_vector = final=26|family=18|pointer=0|isolated=2|blob=0|scalar=0|text=0|clone=10|mirror=0|neg=0|addr=0x2D806D87160
rank_reason = anchorless partial split penalty fired on one-sided split layout without valid anchor; isolated split penalty fired on fragmentary split layout with no valid anchor and no non-singleton split support; family size 18 raised clone penalty
positive = target value matches, f08 nonzero, f08 not float-like, f18 nonzero, f18 not float-like, f20 nonzero, f20 not float-like, f68 nonzero, f68 not float-like, f70 nonzero, f70 not float-like, f78 nonzero, f78 not float-like, f58 nonzero, f58 not float-like, front metadata present, tail reference block present
negative = none

--- Candidate #72 ---
value_addr = 0x2D804F79D30
base_addr  = 0x2D804F79D08
f08 = 0xBDF10B51
f18 = 0x3B1E1487
f20 = 0x43D90000
f28 = 0x42C80000 (100.0)
f58 = 0x3F345960
f68 = 0xBF5E2C4E
f70 = 0x41EB2BC0
f78 = 0xBE09681D
rank_position = 72
base_score = 40
prescore_score = 40
final_score = 24
total adjustment = -16
score = 24
hard_pass = true
flags = target_match, strong_front_block, strong_tail_block, object_like, anchorless_partial_split_like, isolated_split_like, scalar_block_like, text_block_like, template_clone_family
score_breakdown = +10 target_match; +2 f08_nonzero; +2 f08_not_floatlike; +2 f18_nonzero; +2 f18_not_floatlike; +2 f20_nonzero; +2 f20_not_floatlike; +2 f68_nonzero; +2 f68_not_floatlike; +2 f70_nonzero; +2 f70_not_floatlike; +2 f78_nonzero; +2 f78_not_floatlike; +3 f58_nonzero; +2 f58_not_floatlike; +1 legacy_pointer_balanced_compat; -2 anchorless_partial_split_penalty; -2 isolated_split_penalty(no_anchor_no_non_singleton_split_support); -3 scalar_block_penalty; -3 text_block_penalty; -6 clone_penalty
code_blob_score = 0
code_blob_penalty = 0
scalar_block_score = 6
scalar_block_penalty = 3
text_block_score = 6
text_block_penalty = 3
template_family_id = cls:XXPDXPX|layout:front_tail_split|fptr:1|tptr:1|align:2|preg:2|dom:1|fns:0|tns:0|scalar:low|text:low|blob:0|mirror:0
clone_family_id = layout:front_tail_split|fptr:1|tptr:1|align:2|preg:2|dom:1|fns:0|tns:0|scalar:low|text:low|blob:0|mirror:0
template_family_size = 5
clone_penalty = 6
mirrored_penalty = 0
pointer_reward = 0
strong_structure_bonus = 0
sparse_anchor_tail_penalty = 0
anchored_fragmented_split_penalty = 0
one_sided_anchorless_split_penalty = 0
anchorless_partial_split_penalty = 2
isolated_split_penalty = 2
pointer_alignment_count = 2
pointer_region_count = 2
pointer_fields = f20, f70
pointer_cluster_count = 2
front_cluster_count = 1
tail_cluster_count = 1
front_non_singleton_cluster_count = 0
tail_non_singleton_cluster_count = 0
dominant_cluster_size = 1
cluster_layout = front_tail_split
has_valid_anchor = false
dominant_cluster_covers_majority = false
isolated_split_like = true
tie_break_vector = final=24|family=5|pointer=0|isolated=2|blob=0|scalar=3|text=3|clone=6|mirror=0|neg=0|addr=0x2D804F79D30
rank_reason = anchorless partial split penalty fired on one-sided split layout without valid anchor; isolated split penalty fired on fragmentary split layout with no valid anchor and no non-singleton split support; scalar penalty fired on float-like/scalar template; text penalty fired on little-endian ASCII/UTF16-like chunks; family size 5 raised clone penalty
positive = target value matches, f08 nonzero, f08 not float-like, f18 nonzero, f18 not float-like, f20 nonzero, f20 not float-like, f68 nonzero, f68 not float-like, f70 nonzero, f70 not float-like, f78 nonzero, f78 not float-like, f58 nonzero, f58 not float-like, front metadata present, tail reference block present
negative = none

--- Candidate #73 ---
value_addr = 0x2D804F8AFB0
base_addr  = 0x2D804F8AF88
f08 = 0xBDE641C8
f18 = 0x3B101907
f20 = 0x43D90000
f28 = 0x42C80000 (100.0)
f58 = 0x3F345966
f68 = 0xBF5E2C54
f70 = 0x41EB2CD1
f78 = 0xBE09681B
rank_position = 73
base_score = 40
prescore_score = 40
final_score = 24
total adjustment = -16
score = 24
hard_pass = true
flags = target_match, strong_front_block, strong_tail_block, object_like, anchorless_partial_split_like, isolated_split_like, scalar_block_like, text_block_like, template_clone_family
score_breakdown = +10 target_match; +2 f08_nonzero; +2 f08_not_floatlike; +2 f18_nonzero; +2 f18_not_floatlike; +2 f20_nonzero; +2 f20_not_floatlike; +2 f68_nonzero; +2 f68_not_floatlike; +2 f70_nonzero; +2 f70_not_floatlike; +2 f78_nonzero; +2 f78_not_floatlike; +3 f58_nonzero; +2 f58_not_floatlike; +1 legacy_pointer_balanced_compat; -2 anchorless_partial_split_penalty; -2 isolated_split_penalty(no_anchor_no_non_singleton_split_support); -3 scalar_block_penalty; -3 text_block_penalty; -6 clone_penalty
code_blob_score = 0
code_blob_penalty = 0
scalar_block_score = 6
scalar_block_penalty = 3
text_block_score = 6
text_block_penalty = 3
template_family_id = cls:PXDXPXX|layout:front_tail_split|fptr:1|tptr:1|align:2|preg:2|dom:1|fns:0|tns:0|scalar:low|text:low|blob:0|mirror:0
clone_family_id = layout:front_tail_split|fptr:1|tptr:1|align:2|preg:2|dom:1|fns:0|tns:0|scalar:low|text:low|blob:0|mirror:0
template_family_size = 5
clone_penalty = 6
mirrored_penalty = 0
pointer_reward = 0
strong_structure_bonus = 0
sparse_anchor_tail_penalty = 0
anchored_fragmented_split_penalty = 0
one_sided_anchorless_split_penalty = 0
anchorless_partial_split_penalty = 2
isolated_split_penalty = 2
pointer_alignment_count = 2
pointer_region_count = 2
pointer_fields = f08, f68
pointer_cluster_count = 3
front_cluster_count = 2
tail_cluster_count = 1
front_non_singleton_cluster_count = 0
tail_non_singleton_cluster_count = 0
dominant_cluster_size = 1
cluster_layout = front_tail_split
has_valid_anchor = false
dominant_cluster_covers_majority = false
isolated_split_like = true
tie_break_vector = final=24|family=5|pointer=0|isolated=2|blob=0|scalar=3|text=3|clone=6|mirror=0|neg=0|addr=0x2D804F8AFB0
rank_reason = anchorless partial split penalty fired on one-sided split layout without valid anchor; isolated split penalty fired on fragmentary split layout with no valid anchor and no non-singleton split support; scalar penalty fired on float-like/scalar template; text penalty fired on little-endian ASCII/UTF16-like chunks; family size 5 raised clone penalty
positive = target value matches, f08 nonzero, f08 not float-like, f18 nonzero, f18 not float-like, f20 nonzero, f20 not float-like, f68 nonzero, f68 not float-like, f70 nonzero, f70 not float-like, f78 nonzero, f78 not float-like, f58 nonzero, f58 not float-like, front metadata present, tail reference block present
negative = none

--- Candidate #74 ---
value_addr = 0x2D806C33160
base_addr  = 0x2D806C33138
f08 = 0x3F772A3C
f18 = 0xBF7729B5
f20 = 0xBE649D72
f28 = 0x42C80000 (100.0)
f58 = 0x3F417DA8
f68 = 0x3E25EF1C
f70 = 0x3EF814F2
f78 = 0x3DE0B995
rank_position = 74
base_score = 40
prescore_score = 40
final_score = 24
total adjustment = -16
score = 24
hard_pass = true
flags = target_match, strong_front_block, strong_tail_block, object_like, anchorless_partial_split_like, isolated_split_like, scalar_block_like, text_block_like, template_clone_family
score_breakdown = +10 target_match; +2 f08_nonzero; +2 f08_not_floatlike; +2 f18_nonzero; +2 f18_not_floatlike; +2 f20_nonzero; +2 f20_not_floatlike; +2 f68_nonzero; +2 f68_not_floatlike; +2 f70_nonzero; +2 f70_not_floatlike; +2 f78_nonzero; +2 f78_not_floatlike; +3 f58_nonzero; +2 f58_not_floatlike; +1 legacy_pointer_balanced_compat; -2 anchorless_partial_split_penalty; -2 isolated_split_penalty(no_anchor_no_non_singleton_split_support); -3 scalar_block_penalty; -3 text_block_penalty; -6 clone_penalty
code_blob_score = 0
code_blob_penalty = 0
scalar_block_score = 8
scalar_block_penalty = 3
text_block_score = 6
text_block_penalty = 3
template_family_id = cls:PXXDPXX|layout:front_tail_split|fptr:1|tptr:1|align:2|preg:2|dom:1|fns:0|tns:0|scalar:low|text:low|blob:0|mirror:0
clone_family_id = layout:front_tail_split|fptr:1|tptr:1|align:2|preg:2|dom:1|fns:0|tns:0|scalar:low|text:low|blob:0|mirror:0
template_family_size = 5
clone_penalty = 6
mirrored_penalty = 0
pointer_reward = 0
strong_structure_bonus = 0
sparse_anchor_tail_penalty = 0
anchored_fragmented_split_penalty = 0
one_sided_anchorless_split_penalty = 0
anchorless_partial_split_penalty = 2
isolated_split_penalty = 2
pointer_alignment_count = 2
pointer_region_count = 2
pointer_fields = f08, f68
pointer_cluster_count = 2
front_cluster_count = 1
tail_cluster_count = 1
front_non_singleton_cluster_count = 0
tail_non_singleton_cluster_count = 0
dominant_cluster_size = 1
cluster_layout = front_tail_split
has_valid_anchor = false
dominant_cluster_covers_majority = false
isolated_split_like = true
tie_break_vector = final=24|family=5|pointer=0|isolated=2|blob=0|scalar=3|text=3|clone=6|mirror=0|neg=0|addr=0x2D806C33160
rank_reason = anchorless partial split penalty fired on one-sided split layout without valid anchor; isolated split penalty fired on fragmentary split layout with no valid anchor and no non-singleton split support; scalar penalty fired on float-like/scalar template; text penalty fired on little-endian ASCII/UTF16-like chunks; family size 5 raised clone penalty
positive = target value matches, f08 nonzero, f08 not float-like, f18 nonzero, f18 not float-like, f20 nonzero, f20 not float-like, f68 nonzero, f68 not float-like, f70 nonzero, f70 not float-like, f78 nonzero, f78 not float-like, f58 nonzero, f58 not float-like, front metadata present, tail reference block present
negative = none

--- Candidate #75 ---
value_addr = 0x2D806C33868
base_addr  = 0x2D806C33840
f08 = 0x3F772A3C
f18 = 0xBF7729B5
f20 = 0xBE649D72
f28 = 0x42C80000 (100.0)
f58 = 0x3F417CCC
f68 = 0x3E2676B8
f70 = 0x3EF824A5
f78 = 0x3DDFAA72
rank_position = 75
base_score = 40
prescore_score = 40
final_score = 24
total adjustment = -16
score = 24
hard_pass = true
flags = target_match, strong_front_block, strong_tail_block, object_like, anchorless_partial_split_like, isolated_split_like, scalar_block_like, text_block_like, template_clone_family
score_breakdown = +10 target_match; +2 f08_nonzero; +2 f08_not_floatlike; +2 f18_nonzero; +2 f18_not_floatlike; +2 f20_nonzero; +2 f20_not_floatlike; +2 f68_nonzero; +2 f68_not_floatlike; +2 f70_nonzero; +2 f70_not_floatlike; +2 f78_nonzero; +2 f78_not_floatlike; +3 f58_nonzero; +2 f58_not_floatlike; +1 legacy_pointer_balanced_compat; -2 anchorless_partial_split_penalty; -2 isolated_split_penalty(no_anchor_no_non_singleton_split_support); -3 scalar_block_penalty; -3 text_block_penalty; -6 clone_penalty
code_blob_score = 0
code_blob_penalty = 0
scalar_block_score = 8
scalar_block_penalty = 3
text_block_score = 9
text_block_penalty = 3
template_family_id = cls:PXXDPXX|layout:front_tail_split|fptr:1|tptr:1|align:2|preg:2|dom:1|fns:0|tns:0|scalar:low|text:low|blob:0|mirror:0
clone_family_id = layout:front_tail_split|fptr:1|tptr:1|align:2|preg:2|dom:1|fns:0|tns:0|scalar:low|text:low|blob:0|mirror:0
template_family_size = 5
clone_penalty = 6
mirrored_penalty = 0
pointer_reward = 0
strong_structure_bonus = 0
sparse_anchor_tail_penalty = 0
anchored_fragmented_split_penalty = 0
one_sided_anchorless_split_penalty = 0
anchorless_partial_split_penalty = 2
isolated_split_penalty = 2
pointer_alignment_count = 2
pointer_region_count = 2
pointer_fields = f08, f68
pointer_cluster_count = 2
front_cluster_count = 1
tail_cluster_count = 1
front_non_singleton_cluster_count = 0
tail_non_singleton_cluster_count = 0
dominant_cluster_size = 1
cluster_layout = front_tail_split
has_valid_anchor = false
dominant_cluster_covers_majority = false
isolated_split_like = true
tie_break_vector = final=24|family=5|pointer=0|isolated=2|blob=0|scalar=3|text=3|clone=6|mirror=0|neg=0|addr=0x2D806C33868
rank_reason = anchorless partial split penalty fired on one-sided split layout without valid anchor; isolated split penalty fired on fragmentary split layout with no valid anchor and no non-singleton split support; scalar penalty fired on float-like/scalar template; text penalty fired on little-endian ASCII/UTF16-like chunks; family size 5 raised clone penalty
positive = target value matches, f08 nonzero, f08 not float-like, f18 nonzero, f18 not float-like, f20 nonzero, f20 not float-like, f68 nonzero, f68 not float-like, f70 nonzero, f70 not float-like, f78 nonzero, f78 not float-like, f58 nonzero, f58 not float-like, front metadata present, tail reference block present
negative = none

--- Candidate #76 ---
value_addr = 0x2D806C338E4
base_addr  = 0x2D806C338BC
f08 = 0xBE09681D
f18 = 0x3E09669F
f20 = 0x41F1DAD4
f28 = 0x42C80000 (100.0)
f58 = 0x423B3EEB
f68 = 0x41F97334
f70 = 0xBF5E2C25
f78 = 0x41EB2D09
rank_position = 76
base_score = 40
prescore_score = 40
final_score = 24
total adjustment = -16
score = 24
hard_pass = true
flags = target_match, strong_front_block, strong_tail_block, object_like, anchorless_partial_split_like, isolated_split_like, scalar_block_like, text_block_like, template_clone_family
score_breakdown = +10 target_match; +2 f08_nonzero; +2 f08_not_floatlike; +2 f18_nonzero; +2 f18_not_floatlike; +2 f20_nonzero; +2 f20_not_floatlike; +2 f68_nonzero; +2 f68_not_floatlike; +2 f70_nonzero; +2 f70_not_floatlike; +2 f78_nonzero; +2 f78_not_floatlike; +3 f58_nonzero; +2 f58_not_floatlike; +1 legacy_pointer_balanced_compat; -2 anchorless_partial_split_penalty; -2 isolated_split_penalty(no_anchor_no_non_singleton_split_support); -3 scalar_block_penalty; -3 text_block_penalty; -6 clone_penalty
code_blob_score = 0
code_blob_penalty = 0
scalar_block_score = 8
scalar_block_penalty = 3
text_block_score = 9
text_block_penalty = 3
template_family_id = cls:XXPXPXX|layout:front_tail_split|fptr:1|tptr:1|align:2|preg:2|dom:1|fns:0|tns:0|scalar:low|text:low|blob:0|mirror:0
clone_family_id = layout:front_tail_split|fptr:1|tptr:1|align:2|preg:2|dom:1|fns:0|tns:0|scalar:low|text:low|blob:0|mirror:0
template_family_size = 5
clone_penalty = 6
mirrored_penalty = 0
pointer_reward = 0
strong_structure_bonus = 0
sparse_anchor_tail_penalty = 0
anchored_fragmented_split_penalty = 0
one_sided_anchorless_split_penalty = 0
anchorless_partial_split_penalty = 2
isolated_split_penalty = 2
pointer_alignment_count = 2
pointer_region_count = 2
pointer_fields = f20, f68
pointer_cluster_count = 2
front_cluster_count = 1
tail_cluster_count = 1
front_non_singleton_cluster_count = 0
tail_non_singleton_cluster_count = 0
dominant_cluster_size = 1
cluster_layout = front_tail_split
has_valid_anchor = false
dominant_cluster_covers_majority = false
isolated_split_like = true
tie_break_vector = final=24|family=5|pointer=0|isolated=2|blob=0|scalar=3|text=3|clone=6|mirror=0|neg=0|addr=0x2D806C338E4
rank_reason = anchorless partial split penalty fired on one-sided split layout without valid anchor; isolated split penalty fired on fragmentary split layout with no valid anchor and no non-singleton split support; scalar penalty fired on float-like/scalar template; text penalty fired on little-endian ASCII/UTF16-like chunks; family size 5 raised clone penalty
positive = target value matches, f08 nonzero, f08 not float-like, f18 nonzero, f18 not float-like, f20 nonzero, f20 not float-like, f68 nonzero, f68 not float-like, f70 nonzero, f70 not float-like, f78 nonzero, f78 not float-like, f58 nonzero, f58 not float-like, front metadata present, tail reference block present
negative = none

--- Candidate #77 ---
value_addr = 0x2D40931A4B8
base_addr  = 0x2D40931A490
f08 = 0x05204004
f18 = 0x01F5D1DC
f20 = 0x0043559D
f28 = 0x42C80000 (100.0)
f58 = 0x02413802
f68 = 0x41002271
f70 = 0x00410002
f78 = 0x70022820
rank_position = 77
base_score = 40
prescore_score = 40
final_score = 24
total adjustment = -16
score = 24
hard_pass = true
flags = target_match, strong_front_block, strong_tail_block, object_like, anchored_fragmented_split_like, text_block_like, template_clone_family
score_breakdown = +10 target_match; +2 f08_nonzero; +2 f08_not_floatlike; +2 f18_nonzero; +2 f18_not_floatlike; +2 f20_nonzero; +2 f20_not_floatlike; +2 f68_nonzero; +2 f68_not_floatlike; +2 f70_nonzero; +2 f70_not_floatlike; +2 f78_nonzero; +2 f78_not_floatlike; +3 f58_nonzero; +2 f58_not_floatlike; +1 legacy_pointer_balanced_compat; -3 anchored_fragmented_split_penalty; -3 text_block_penalty; -10 clone_penalty
code_blob_score = 0
code_blob_penalty = 0
scalar_block_score = 0
scalar_block_penalty = 0
text_block_score = 6
text_block_penalty = 3
template_family_id = cls:ADXXXXP|layout:front_tail_split|fptr:1|tptr:1|align:2|preg:2|dom:1|fns:0|tns:0|scalar:0|text:low|blob:0|mirror:0
clone_family_id = layout:front_tail_split|fptr:1|tptr:1|align:2|preg:2|dom:1|fns:0|tns:0|scalar:0|text:low|blob:0|mirror:0
template_family_size = 12
clone_penalty = 10
mirrored_penalty = 0
pointer_reward = 0
strong_structure_bonus = 0
sparse_anchor_tail_penalty = 0
anchored_fragmented_split_penalty = 3
one_sided_anchorless_split_penalty = 0
anchorless_partial_split_penalty = 0
isolated_split_penalty = 0
pointer_alignment_count = 2
pointer_region_count = 2
pointer_fields = f08, f78
pointer_cluster_count = 3
front_cluster_count = 2
tail_cluster_count = 1
front_non_singleton_cluster_count = 0
tail_non_singleton_cluster_count = 0
dominant_cluster_size = 1
cluster_layout = front_tail_split
has_valid_anchor = true
dominant_cluster_covers_majority = false
isolated_split_like = false
tie_break_vector = final=24|family=12|pointer=0|isolated=0|blob=0|scalar=0|text=3|clone=10|mirror=0|neg=0|addr=0x2D40931A4B8
rank_reason = anchored fragmented split penalty fired on singleton-only split layout despite valid anchor; text penalty fired on little-endian ASCII/UTF16-like chunks; family size 12 raised clone penalty
positive = target value matches, f08 nonzero, f08 not float-like, f18 nonzero, f18 not float-like, f20 nonzero, f20 not float-like, f68 nonzero, f68 not float-like, f70 nonzero, f70 not float-like, f78 nonzero, f78 not float-like, f58 nonzero, f58 not float-like, front metadata present, tail reference block present
negative = none

--- Candidate #78 ---
value_addr = 0x2D40959A2C8
base_addr  = 0x2D40959A2A0
f08 = 0x02410C20
f18 = 0x21955720
f20 = 0x56219557
f28 = 0x42C80000 (100.0)
f58 = 0x53200553
f68 = 0x7402410C
f70 = 0x02389366
f78 = 0x0C200002
rank_position = 78
base_score = 40
prescore_score = 40
final_score = 24
total adjustment = -16
score = 24
hard_pass = true
flags = target_match, strong_front_block, strong_tail_block, object_like, anchored_fragmented_split_like, text_block_like, template_clone_family
score_breakdown = +10 target_match; +2 f08_nonzero; +2 f08_not_floatlike; +2 f18_nonzero; +2 f18_not_floatlike; +2 f20_nonzero; +2 f20_not_floatlike; +2 f68_nonzero; +2 f68_not_floatlike; +2 f70_nonzero; +2 f70_not_floatlike; +2 f78_nonzero; +2 f78_not_floatlike; +3 f58_nonzero; +2 f58_not_floatlike; +1 legacy_pointer_balanced_compat; -3 anchored_fragmented_split_penalty; -3 text_block_penalty; -10 clone_penalty
code_blob_score = 0
code_blob_penalty = 0
scalar_block_score = 0
scalar_block_penalty = 0
text_block_score = 9
text_block_penalty = 3
template_family_id = cls:ADXXPXX|layout:front_tail_split|fptr:1|tptr:1|align:2|preg:2|dom:1|fns:0|tns:0|scalar:0|text:low|blob:0|mirror:0
clone_family_id = layout:front_tail_split|fptr:1|tptr:1|align:2|preg:2|dom:1|fns:0|tns:0|scalar:0|text:low|blob:0|mirror:0
template_family_size = 12
clone_penalty = 10
mirrored_penalty = 0
pointer_reward = 0
strong_structure_bonus = 0
sparse_anchor_tail_penalty = 0
anchored_fragmented_split_penalty = 3
one_sided_anchorless_split_penalty = 0
anchorless_partial_split_penalty = 0
isolated_split_penalty = 0
pointer_alignment_count = 2
pointer_region_count = 2
pointer_fields = f08, f68
pointer_cluster_count = 3
front_cluster_count = 2
tail_cluster_count = 1
front_non_singleton_cluster_count = 0
tail_non_singleton_cluster_count = 0
dominant_cluster_size = 1
cluster_layout = front_tail_split
has_valid_anchor = true
dominant_cluster_covers_majority = false
isolated_split_like = false
tie_break_vector = final=24|family=12|pointer=0|isolated=0|blob=0|scalar=0|text=3|clone=10|mirror=0|neg=0|addr=0x2D40959A2C8
rank_reason = anchored fragmented split penalty fired on singleton-only split layout despite valid anchor; text penalty fired on little-endian ASCII/UTF16-like chunks; family size 12 raised clone penalty
positive = target value matches, f08 nonzero, f08 not float-like, f18 nonzero, f18 not float-like, f20 nonzero, f20 not float-like, f68 nonzero, f68 not float-like, f70 nonzero, f70 not float-like, f78 nonzero, f78 not float-like, f58 nonzero, f58 not float-like, front metadata present, tail reference block present
negative = none

--- Candidate #79 ---
value_addr = 0x2D409CC3FDC
base_addr  = 0x2D409CC3FB4
f08 = 0x20040238
f18 = 0x200B0F07
f20 = 0x219242C8
f28 = 0x42C80000 (100.0)
f58 = 0x216A0841
f68 = 0x00000043
f70 = 0x20062040
f78 = 0x20000238
rank_position = 79
base_score = 40
prescore_score = 40
final_score = 24
total adjustment = -16
score = 24
hard_pass = true
flags = target_match, strong_front_block, strong_tail_block, object_like, anchored_fragmented_split_like, text_block_like, template_clone_family
score_breakdown = +10 target_match; +2 f08_nonzero; +2 f08_not_floatlike; +2 f18_nonzero; +2 f18_not_floatlike; +2 f20_nonzero; +2 f20_not_floatlike; +2 f68_nonzero; +2 f68_not_floatlike; +2 f70_nonzero; +2 f70_not_floatlike; +2 f78_nonzero; +2 f78_not_floatlike; +3 f58_nonzero; +2 f58_not_floatlike; +1 legacy_pointer_balanced_compat; -3 anchored_fragmented_split_penalty; -3 text_block_penalty; -10 clone_penalty
code_blob_score = 0
code_blob_penalty = 0
scalar_block_score = 0
scalar_block_penalty = 0
text_block_score = 6
text_block_penalty = 3
template_family_id = cls:AXDXSPD|layout:front_tail_split|fptr:1|tptr:1|align:2|preg:2|dom:1|fns:0|tns:0|scalar:0|text:low|blob:0|mirror:0
clone_family_id = layout:front_tail_split|fptr:1|tptr:1|align:2|preg:2|dom:1|fns:0|tns:0|scalar:0|text:low|blob:0|mirror:0
template_family_size = 12
clone_penalty = 10
mirrored_penalty = 0
pointer_reward = 0
strong_structure_bonus = 0
sparse_anchor_tail_penalty = 0
anchored_fragmented_split_penalty = 3
one_sided_anchorless_split_penalty = 0
anchorless_partial_split_penalty = 0
isolated_split_penalty = 0
pointer_alignment_count = 2
pointer_region_count = 2
pointer_fields = f08, f70
pointer_cluster_count = 4
front_cluster_count = 2
tail_cluster_count = 2
front_non_singleton_cluster_count = 0
tail_non_singleton_cluster_count = 0
dominant_cluster_size = 1
cluster_layout = front_tail_split
has_valid_anchor = true
dominant_cluster_covers_majority = false
isolated_split_like = false
tie_break_vector = final=24|family=12|pointer=0|isolated=0|blob=0|scalar=0|text=3|clone=10|mirror=0|neg=0|addr=0x2D409CC3FDC
rank_reason = anchored fragmented split penalty fired on singleton-only split layout despite valid anchor; text penalty fired on little-endian ASCII/UTF16-like chunks; family size 12 raised clone penalty
positive = target value matches, f08 nonzero, f08 not float-like, f18 nonzero, f18 not float-like, f20 nonzero, f20 not float-like, f68 nonzero, f68 not float-like, f70 nonzero, f70 not float-like, f78 nonzero, f78 not float-like, f58 nonzero, f58 not float-like, front metadata present, tail reference block present
negative = none

--- Candidate #80 ---
value_addr = 0x2D409CC4D1C
base_addr  = 0x2D409CC4CF4
f08 = 0x20040238
f18 = 0x200B0F07
f20 = 0x219242C8
f28 = 0x42C80000 (100.0)
f58 = 0x216A0841
f68 = 0x00000043
f70 = 0x20062040
f78 = 0x20000238
rank_position = 80
base_score = 40
prescore_score = 40
final_score = 24
total adjustment = -16
score = 24
hard_pass = true
flags = target_match, strong_front_block, strong_tail_block, object_like, anchored_fragmented_split_like, text_block_like, template_clone_family
score_breakdown = +10 target_match; +2 f08_nonzero; +2 f08_not_floatlike; +2 f18_nonzero; +2 f18_not_floatlike; +2 f20_nonzero; +2 f20_not_floatlike; +2 f68_nonzero; +2 f68_not_floatlike; +2 f70_nonzero; +2 f70_not_floatlike; +2 f78_nonzero; +2 f78_not_floatlike; +3 f58_nonzero; +2 f58_not_floatlike; +1 legacy_pointer_balanced_compat; -3 anchored_fragmented_split_penalty; -3 text_block_penalty; -10 clone_penalty
code_blob_score = 0
code_blob_penalty = 0
scalar_block_score = 0
scalar_block_penalty = 0
text_block_score = 6
text_block_penalty = 3
template_family_id = cls:AXDXSPD|layout:front_tail_split|fptr:1|tptr:1|align:2|preg:2|dom:1|fns:0|tns:0|scalar:0|text:low|blob:0|mirror:0
clone_family_id = layout:front_tail_split|fptr:1|tptr:1|align:2|preg:2|dom:1|fns:0|tns:0|scalar:0|text:low|blob:0|mirror:0
template_family_size = 12
clone_penalty = 10
mirrored_penalty = 0
pointer_reward = 0
strong_structure_bonus = 0
sparse_anchor_tail_penalty = 0
anchored_fragmented_split_penalty = 3
one_sided_anchorless_split_penalty = 0
anchorless_partial_split_penalty = 0
isolated_split_penalty = 0
pointer_alignment_count = 2
pointer_region_count = 2
pointer_fields = f08, f70
pointer_cluster_count = 4
front_cluster_count = 2
tail_cluster_count = 2
front_non_singleton_cluster_count = 0
tail_non_singleton_cluster_count = 0
dominant_cluster_size = 1
cluster_layout = front_tail_split
has_valid_anchor = true
dominant_cluster_covers_majority = false
isolated_split_like = false
tie_break_vector = final=24|family=12|pointer=0|isolated=0|blob=0|scalar=0|text=3|clone=10|mirror=0|neg=0|addr=0x2D409CC4D1C
rank_reason = anchored fragmented split penalty fired on singleton-only split layout despite valid anchor; text penalty fired on little-endian ASCII/UTF16-like chunks; family size 12 raised clone penalty
positive = target value matches, f08 nonzero, f08 not float-like, f18 nonzero, f18 not float-like, f20 nonzero, f20 not float-like, f68 nonzero, f68 not float-like, f70 nonzero, f70 not float-like, f78 nonzero, f78 not float-like, f58 nonzero, f58 not float-like, front metadata present, tail reference block present
negative = none

--- Candidate #81 ---
value_addr = 0x2D40A0AA638
base_addr  = 0x2D40A0AA610
f08 = 0x3A710141
f18 = 0x01F8E59C
f20 = 0xF4E51001
f28 = 0x42C80000 (100.0)
f58 = 0x45740228
f68 = 0x2801FFB6
f70 = 0x00410120
f78 = 0x00204004
rank_position = 81
base_score = 40
prescore_score = 40
final_score = 24
total adjustment = -16
score = 24
hard_pass = true
flags = target_match, strong_front_block, strong_tail_block, object_like, anchored_fragmented_split_like, text_block_like, template_clone_family
score_breakdown = +10 target_match; +2 f08_nonzero; +2 f08_not_floatlike; +2 f18_nonzero; +2 f18_not_floatlike; +2 f20_nonzero; +2 f20_not_floatlike; +2 f68_nonzero; +2 f68_not_floatlike; +2 f70_nonzero; +2 f70_not_floatlike; +2 f78_nonzero; +2 f78_not_floatlike; +3 f58_nonzero; +2 f58_not_floatlike; +1 legacy_pointer_balanced_compat; -3 anchored_fragmented_split_penalty; -3 text_block_penalty; -10 clone_penalty
code_blob_score = 0
code_blob_penalty = 0
scalar_block_score = 2
scalar_block_penalty = 0
text_block_score = 6
text_block_penalty = 3
template_family_id = cls:XAXDXPD|layout:front_tail_split|fptr:1|tptr:1|align:2|preg:2|dom:1|fns:0|tns:0|scalar:0|text:low|blob:0|mirror:0
clone_family_id = layout:front_tail_split|fptr:1|tptr:1|align:2|preg:2|dom:1|fns:0|tns:0|scalar:0|text:low|blob:0|mirror:0
template_family_size = 12
clone_penalty = 10
mirrored_penalty = 0
pointer_reward = 0
strong_structure_bonus = 0
sparse_anchor_tail_penalty = 0
anchored_fragmented_split_penalty = 3
one_sided_anchorless_split_penalty = 0
anchorless_partial_split_penalty = 0
isolated_split_penalty = 0
pointer_alignment_count = 2
pointer_region_count = 2
pointer_fields = f18, f70
pointer_cluster_count = 3
front_cluster_count = 1
tail_cluster_count = 2
front_non_singleton_cluster_count = 0
tail_non_singleton_cluster_count = 0
dominant_cluster_size = 1
cluster_layout = front_tail_split
has_valid_anchor = true
dominant_cluster_covers_majority = false
isolated_split_like = false
tie_break_vector = final=24|family=12|pointer=0|isolated=0|blob=0|scalar=0|text=3|clone=10|mirror=0|neg=0|addr=0x2D40A0AA638
rank_reason = anchored fragmented split penalty fired on singleton-only split layout despite valid anchor; text penalty fired on little-endian ASCII/UTF16-like chunks; family size 12 raised clone penalty
positive = target value matches, f08 nonzero, f08 not float-like, f18 nonzero, f18 not float-like, f20 nonzero, f20 not float-like, f68 nonzero, f68 not float-like, f70 nonzero, f70 not float-like, f78 nonzero, f78 not float-like, f58 nonzero, f58 not float-like, front metadata present, tail reference block present
negative = none

--- Candidate #82 ---
value_addr = 0x28E40271A4B8
base_addr  = 0x28E40271A490
f08 = 0x05204004
f18 = 0x01F5D1DC
f20 = 0x0043559D
f28 = 0x42C80000 (100.0)
f58 = 0x02413802
f68 = 0x41002271
f70 = 0x00410002
f78 = 0x70022820
rank_position = 82
base_score = 40
prescore_score = 40
final_score = 24
total adjustment = -16
score = 24
hard_pass = true
flags = target_match, strong_front_block, strong_tail_block, object_like, anchored_fragmented_split_like, text_block_like, template_clone_family
score_breakdown = +10 target_match; +2 f08_nonzero; +2 f08_not_floatlike; +2 f18_nonzero; +2 f18_not_floatlike; +2 f20_nonzero; +2 f20_not_floatlike; +2 f68_nonzero; +2 f68_not_floatlike; +2 f70_nonzero; +2 f70_not_floatlike; +2 f78_nonzero; +2 f78_not_floatlike; +3 f58_nonzero; +2 f58_not_floatlike; +1 legacy_pointer_balanced_compat; -3 anchored_fragmented_split_penalty; -3 text_block_penalty; -10 clone_penalty
code_blob_score = 0
code_blob_penalty = 0
scalar_block_score = 0
scalar_block_penalty = 0
text_block_score = 6
text_block_penalty = 3
template_family_id = cls:ADXXXXP|layout:front_tail_split|fptr:1|tptr:1|align:2|preg:2|dom:1|fns:0|tns:0|scalar:0|text:low|blob:0|mirror:0
clone_family_id = layout:front_tail_split|fptr:1|tptr:1|align:2|preg:2|dom:1|fns:0|tns:0|scalar:0|text:low|blob:0|mirror:0
template_family_size = 12
clone_penalty = 10
mirrored_penalty = 0
pointer_reward = 0
strong_structure_bonus = 0
sparse_anchor_tail_penalty = 0
anchored_fragmented_split_penalty = 3
one_sided_anchorless_split_penalty = 0
anchorless_partial_split_penalty = 0
isolated_split_penalty = 0
pointer_alignment_count = 2
pointer_region_count = 2
pointer_fields = f08, f78
pointer_cluster_count = 3
front_cluster_count = 2
tail_cluster_count = 1
front_non_singleton_cluster_count = 0
tail_non_singleton_cluster_count = 0
dominant_cluster_size = 1
cluster_layout = front_tail_split
has_valid_anchor = true
dominant_cluster_covers_majority = false
isolated_split_like = false
tie_break_vector = final=24|family=12|pointer=0|isolated=0|blob=0|scalar=0|text=3|clone=10|mirror=0|neg=0|addr=0x28E40271A4B8
rank_reason = anchored fragmented split penalty fired on singleton-only split layout despite valid anchor; text penalty fired on little-endian ASCII/UTF16-like chunks; family size 12 raised clone penalty
positive = target value matches, f08 nonzero, f08 not float-like, f18 nonzero, f18 not float-like, f20 nonzero, f20 not float-like, f68 nonzero, f68 not float-like, f70 nonzero, f70 not float-like, f78 nonzero, f78 not float-like, f58 nonzero, f58 not float-like, front metadata present, tail reference block present
negative = none

--- Candidate #83 ---
value_addr = 0x28E40299A2C8
base_addr  = 0x28E40299A2A0
f08 = 0x02410C20
f18 = 0x21955720
f20 = 0x56219557
f28 = 0x42C80000 (100.0)
f58 = 0x53200553
f68 = 0x7402410C
f70 = 0x02389366
f78 = 0x0C200002
rank_position = 83
base_score = 40
prescore_score = 40
final_score = 24
total adjustment = -16
score = 24
hard_pass = true
flags = target_match, strong_front_block, strong_tail_block, object_like, anchored_fragmented_split_like, text_block_like, template_clone_family
score_breakdown = +10 target_match; +2 f08_nonzero; +2 f08_not_floatlike; +2 f18_nonzero; +2 f18_not_floatlike; +2 f20_nonzero; +2 f20_not_floatlike; +2 f68_nonzero; +2 f68_not_floatlike; +2 f70_nonzero; +2 f70_not_floatlike; +2 f78_nonzero; +2 f78_not_floatlike; +3 f58_nonzero; +2 f58_not_floatlike; +1 legacy_pointer_balanced_compat; -3 anchored_fragmented_split_penalty; -3 text_block_penalty; -10 clone_penalty
code_blob_score = 0
code_blob_penalty = 0
scalar_block_score = 0
scalar_block_penalty = 0
text_block_score = 9
text_block_penalty = 3
template_family_id = cls:ADXXPXX|layout:front_tail_split|fptr:1|tptr:1|align:2|preg:2|dom:1|fns:0|tns:0|scalar:0|text:low|blob:0|mirror:0
clone_family_id = layout:front_tail_split|fptr:1|tptr:1|align:2|preg:2|dom:1|fns:0|tns:0|scalar:0|text:low|blob:0|mirror:0
template_family_size = 12
clone_penalty = 10
mirrored_penalty = 0
pointer_reward = 0
strong_structure_bonus = 0
sparse_anchor_tail_penalty = 0
anchored_fragmented_split_penalty = 3
one_sided_anchorless_split_penalty = 0
anchorless_partial_split_penalty = 0
isolated_split_penalty = 0
pointer_alignment_count = 2
pointer_region_count = 2
pointer_fields = f08, f68
pointer_cluster_count = 3
front_cluster_count = 2
tail_cluster_count = 1
front_non_singleton_cluster_count = 0
tail_non_singleton_cluster_count = 0
dominant_cluster_size = 1
cluster_layout = front_tail_split
has_valid_anchor = true
dominant_cluster_covers_majority = false
isolated_split_like = false
tie_break_vector = final=24|family=12|pointer=0|isolated=0|blob=0|scalar=0|text=3|clone=10|mirror=0|neg=0|addr=0x28E40299A2C8
rank_reason = anchored fragmented split penalty fired on singleton-only split layout despite valid anchor; text penalty fired on little-endian ASCII/UTF16-like chunks; family size 12 raised clone penalty
positive = target value matches, f08 nonzero, f08 not float-like, f18 nonzero, f18 not float-like, f20 nonzero, f20 not float-like, f68 nonzero, f68 not float-like, f70 nonzero, f70 not float-like, f78 nonzero, f78 not float-like, f58 nonzero, f58 not float-like, front metadata present, tail reference block present
negative = none

--- Candidate #84 ---
value_addr = 0x28E4030C3FDC
base_addr  = 0x28E4030C3FB4
f08 = 0x20040238
f18 = 0x200B0F07
f20 = 0x219242C8
f28 = 0x42C80000 (100.0)
f58 = 0x216A0841
f68 = 0x00000043
f70 = 0x20062040
f78 = 0x20000238
rank_position = 84
base_score = 40
prescore_score = 40
final_score = 24
total adjustment = -16
score = 24
hard_pass = true
flags = target_match, strong_front_block, strong_tail_block, object_like, anchored_fragmented_split_like, text_block_like, template_clone_family
score_breakdown = +10 target_match; +2 f08_nonzero; +2 f08_not_floatlike; +2 f18_nonzero; +2 f18_not_floatlike; +2 f20_nonzero; +2 f20_not_floatlike; +2 f68_nonzero; +2 f68_not_floatlike; +2 f70_nonzero; +2 f70_not_floatlike; +2 f78_nonzero; +2 f78_not_floatlike; +3 f58_nonzero; +2 f58_not_floatlike; +1 legacy_pointer_balanced_compat; -3 anchored_fragmented_split_penalty; -3 text_block_penalty; -10 clone_penalty
code_blob_score = 0
code_blob_penalty = 0
scalar_block_score = 0
scalar_block_penalty = 0
text_block_score = 6
text_block_penalty = 3
template_family_id = cls:AXDXSPD|layout:front_tail_split|fptr:1|tptr:1|align:2|preg:2|dom:1|fns:0|tns:0|scalar:0|text:low|blob:0|mirror:0
clone_family_id = layout:front_tail_split|fptr:1|tptr:1|align:2|preg:2|dom:1|fns:0|tns:0|scalar:0|text:low|blob:0|mirror:0
template_family_size = 12
clone_penalty = 10
mirrored_penalty = 0
pointer_reward = 0
strong_structure_bonus = 0
sparse_anchor_tail_penalty = 0
anchored_fragmented_split_penalty = 3
one_sided_anchorless_split_penalty = 0
anchorless_partial_split_penalty = 0
isolated_split_penalty = 0
pointer_alignment_count = 2
pointer_region_count = 2
pointer_fields = f08, f70
pointer_cluster_count = 4
front_cluster_count = 2
tail_cluster_count = 2
front_non_singleton_cluster_count = 0
tail_non_singleton_cluster_count = 0
dominant_cluster_size = 1
cluster_layout = front_tail_split
has_valid_anchor = true
dominant_cluster_covers_majority = false
isolated_split_like = false
tie_break_vector = final=24|family=12|pointer=0|isolated=0|blob=0|scalar=0|text=3|clone=10|mirror=0|neg=0|addr=0x28E4030C3FDC
rank_reason = anchored fragmented split penalty fired on singleton-only split layout despite valid anchor; text penalty fired on little-endian ASCII/UTF16-like chunks; family size 12 raised clone penalty
positive = target value matches, f08 nonzero, f08 not float-like, f18 nonzero, f18 not float-like, f20 nonzero, f20 not float-like, f68 nonzero, f68 not float-like, f70 nonzero, f70 not float-like, f78 nonzero, f78 not float-like, f58 nonzero, f58 not float-like, front metadata present, tail reference block present
negative = none

--- Candidate #85 ---
value_addr = 0x2D4096A58E8
base_addr  = 0x2D4096A58C0
f08 = 0x201A2160
f18 = 0x00004301
f20 = 0x019A2035
f28 = 0x42C80000 (100.0)
f58 = 0x21751F41
f68 = 0xEF207D04
f70 = 0xE8200B01
f78 = 0x01DF2001
rank_position = 85
base_score = 40
prescore_score = 40
final_score = 23
total adjustment = -17
score = 23
hard_pass = true
flags = target_match, strong_front_block, strong_tail_block, object_like, anchorless_partial_split_like, isolated_split_like, text_block_like, template_clone_family
score_breakdown = +10 target_match; +2 f08_nonzero; +2 f08_not_floatlike; +2 f18_nonzero; +2 f18_not_floatlike; +2 f20_nonzero; +2 f20_not_floatlike; +2 f68_nonzero; +2 f68_not_floatlike; +2 f70_nonzero; +2 f70_not_floatlike; +2 f78_nonzero; +2 f78_not_floatlike; +3 f58_nonzero; +2 f58_not_floatlike; +1 legacy_pointer_balanced_compat; -2 anchorless_partial_split_penalty; -2 isolated_split_penalty(no_anchor_no_non_singleton_split_support); -3 text_block_penalty; -10 clone_penalty
code_blob_score = 0
code_blob_penalty = 0
scalar_block_score = 0
scalar_block_penalty = 0
text_block_score = 6
text_block_penalty = 3
template_family_id = cls:PXXXPXX|layout:front_tail_split|fptr:1|tptr:1|align:2|preg:2|dom:1|fns:0|tns:0|scalar:0|text:low|blob:0|mirror:0
clone_family_id = layout:front_tail_split|fptr:1|tptr:1|align:2|preg:2|dom:1|fns:0|tns:0|scalar:0|text:low|blob:0|mirror:0
template_family_size = 12
clone_penalty = 10
mirrored_penalty = 0
pointer_reward = 0
strong_structure_bonus = 0
sparse_anchor_tail_penalty = 0
anchored_fragmented_split_penalty = 0
one_sided_anchorless_split_penalty = 0
anchorless_partial_split_penalty = 2
isolated_split_penalty = 2
pointer_alignment_count = 2
pointer_region_count = 2
pointer_fields = f08, f68
pointer_cluster_count = 2
front_cluster_count = 1
tail_cluster_count = 1
front_non_singleton_cluster_count = 0
tail_non_singleton_cluster_count = 0
dominant_cluster_size = 1
cluster_layout = front_tail_split
has_valid_anchor = false
dominant_cluster_covers_majority = false
isolated_split_like = true
tie_break_vector = final=23|family=12|pointer=0|isolated=2|blob=0|scalar=0|text=3|clone=10|mirror=0|neg=0|addr=0x2D4096A58E8
rank_reason = anchorless partial split penalty fired on one-sided split layout without valid anchor; isolated split penalty fired on fragmentary split layout with no valid anchor and no non-singleton split support; text penalty fired on little-endian ASCII/UTF16-like chunks; family size 12 raised clone penalty
positive = target value matches, f08 nonzero, f08 not float-like, f18 nonzero, f18 not float-like, f20 nonzero, f20 not float-like, f68 nonzero, f68 not float-like, f70 nonzero, f70 not float-like, f78 nonzero, f78 not float-like, f58 nonzero, f58 not float-like, front metadata present, tail reference block present
negative = none

--- Candidate #86 ---
value_addr = 0x2D804F8F290
base_addr  = 0x2D804F8F268
f08 = 0xBDBA047A
f18 = 0xBA52475B
f20 = 0x43D90000
f28 = 0x42C80000 (100.0)
f58 = 0x3F345982
f68 = 0xBF5E2C70
f70 = 0x41EB629D
f78 = 0xBE09681B
rank_position = 86
base_score = 40
prescore_score = 40
final_score = 23
total adjustment = -17
score = 23
hard_pass = true
flags = target_match, strong_front_block, strong_tail_block, object_like, anchorless_partial_split_like, isolated_split_like, text_block_like, template_clone_family
score_breakdown = +10 target_match; +2 f08_nonzero; +2 f08_not_floatlike; +2 f18_nonzero; +2 f18_not_floatlike; +2 f20_nonzero; +2 f20_not_floatlike; +2 f68_nonzero; +2 f68_not_floatlike; +2 f70_nonzero; +2 f70_not_floatlike; +2 f78_nonzero; +2 f78_not_floatlike; +3 f58_nonzero; +2 f58_not_floatlike; +1 legacy_pointer_balanced_compat; -2 anchorless_partial_split_penalty; -2 isolated_split_penalty(no_anchor_no_non_singleton_split_support); -3 text_block_penalty; -10 clone_penalty
code_blob_score = 0
code_blob_penalty = 0
scalar_block_score = 4
scalar_block_penalty = 0
text_block_score = 9
text_block_penalty = 3
template_family_id = cls:XXPXPXX|layout:front_tail_split|fptr:1|tptr:1|align:2|preg:2|dom:1|fns:0|tns:0|scalar:0|text:low|blob:0|mirror:0
clone_family_id = layout:front_tail_split|fptr:1|tptr:1|align:2|preg:2|dom:1|fns:0|tns:0|scalar:0|text:low|blob:0|mirror:0
template_family_size = 12
clone_penalty = 10
mirrored_penalty = 0
pointer_reward = 0
strong_structure_bonus = 0
sparse_anchor_tail_penalty = 0
anchored_fragmented_split_penalty = 0
one_sided_anchorless_split_penalty = 0
anchorless_partial_split_penalty = 2
isolated_split_penalty = 2
pointer_alignment_count = 2
pointer_region_count = 2
pointer_fields = f20, f68
pointer_cluster_count = 2
front_cluster_count = 1
tail_cluster_count = 1
front_non_singleton_cluster_count = 0
tail_non_singleton_cluster_count = 0
dominant_cluster_size = 1
cluster_layout = front_tail_split
has_valid_anchor = false
dominant_cluster_covers_majority = false
isolated_split_like = true
tie_break_vector = final=23|family=12|pointer=0|isolated=2|blob=0|scalar=0|text=3|clone=10|mirror=0|neg=0|addr=0x2D804F8F290
rank_reason = anchorless partial split penalty fired on one-sided split layout without valid anchor; isolated split penalty fired on fragmentary split layout with no valid anchor and no non-singleton split support; text penalty fired on little-endian ASCII/UTF16-like chunks; family size 12 raised clone penalty
positive = target value matches, f08 nonzero, f08 not float-like, f18 nonzero, f18 not float-like, f20 nonzero, f20 not float-like, f68 nonzero, f68 not float-like, f70 nonzero, f70 not float-like, f78 nonzero, f78 not float-like, f58 nonzero, f58 not float-like, front metadata present, tail reference block present
negative = none

--- Candidate #87 ---
value_addr = 0x2D806AA40E8
base_addr  = 0x2D806AA40C0
f08 = 0x3F772A3C
f18 = 0xBF7729B5
f20 = 0xBE649D72
f28 = 0x42C80000 (100.0)
f58 = 0x3F417E05
f68 = 0x3E25B4B4
f70 = 0x3EF80E2D
f78 = 0x3DE12E6D
rank_position = 87
base_score = 40
prescore_score = 40
final_score = 23
total adjustment = -17
score = 23
hard_pass = true
flags = target_match, strong_front_block, strong_tail_block, object_like, anchorless_partial_split_like, isolated_split_like, text_block_like, template_clone_family
score_breakdown = +10 target_match; +2 f08_nonzero; +2 f08_not_floatlike; +2 f18_nonzero; +2 f18_not_floatlike; +2 f20_nonzero; +2 f20_not_floatlike; +2 f68_nonzero; +2 f68_not_floatlike; +2 f70_nonzero; +2 f70_not_floatlike; +2 f78_nonzero; +2 f78_not_floatlike; +3 f58_nonzero; +2 f58_not_floatlike; +1 legacy_pointer_balanced_compat; -2 anchorless_partial_split_penalty; -2 isolated_split_penalty(no_anchor_no_non_singleton_split_support); -3 text_block_penalty; -10 clone_penalty
code_blob_score = 0
code_blob_penalty = 0
scalar_block_score = 4
scalar_block_penalty = 0
text_block_score = 9
text_block_penalty = 3
template_family_id = cls:PXXXPXX|layout:front_tail_split|fptr:1|tptr:1|align:2|preg:2|dom:1|fns:0|tns:0|scalar:0|text:low|blob:0|mirror:0
clone_family_id = layout:front_tail_split|fptr:1|tptr:1|align:2|preg:2|dom:1|fns:0|tns:0|scalar:0|text:low|blob:0|mirror:0
template_family_size = 12
clone_penalty = 10
mirrored_penalty = 0
pointer_reward = 0
strong_structure_bonus = 0
sparse_anchor_tail_penalty = 0
anchored_fragmented_split_penalty = 0
one_sided_anchorless_split_penalty = 0
anchorless_partial_split_penalty = 2
isolated_split_penalty = 2
pointer_alignment_count = 2
pointer_region_count = 2
pointer_fields = f08, f68
pointer_cluster_count = 2
front_cluster_count = 1
tail_cluster_count = 1
front_non_singleton_cluster_count = 0
tail_non_singleton_cluster_count = 0
dominant_cluster_size = 1
cluster_layout = front_tail_split
has_valid_anchor = false
dominant_cluster_covers_majority = false
isolated_split_like = true
tie_break_vector = final=23|family=12|pointer=0|isolated=2|blob=0|scalar=0|text=3|clone=10|mirror=0|neg=0|addr=0x2D806AA40E8
rank_reason = anchorless partial split penalty fired on one-sided split layout without valid anchor; isolated split penalty fired on fragmentary split layout with no valid anchor and no non-singleton split support; text penalty fired on little-endian ASCII/UTF16-like chunks; family size 12 raised clone penalty
positive = target value matches, f08 nonzero, f08 not float-like, f18 nonzero, f18 not float-like, f20 nonzero, f20 not float-like, f68 nonzero, f68 not float-like, f70 nonzero, f70 not float-like, f78 nonzero, f78 not float-like, f58 nonzero, f58 not float-like, front metadata present, tail reference block present
negative = none

--- Candidate #88 ---
value_addr = 0x28E402AA58E8
base_addr  = 0x28E402AA58C0
f08 = 0x201A2160
f18 = 0x00004301
f20 = 0x019A2035
f28 = 0x42C80000 (100.0)
f58 = 0x21751F41
f68 = 0xEF207D04
f70 = 0xE8200B01
f78 = 0x01DF2001
rank_position = 88
base_score = 40
prescore_score = 40
final_score = 23
total adjustment = -17
score = 23
hard_pass = true
flags = target_match, strong_front_block, strong_tail_block, object_like, anchorless_partial_split_like, isolated_split_like, text_block_like, template_clone_family
score_breakdown = +10 target_match; +2 f08_nonzero; +2 f08_not_floatlike; +2 f18_nonzero; +2 f18_not_floatlike; +2 f20_nonzero; +2 f20_not_floatlike; +2 f68_nonzero; +2 f68_not_floatlike; +2 f70_nonzero; +2 f70_not_floatlike; +2 f78_nonzero; +2 f78_not_floatlike; +3 f58_nonzero; +2 f58_not_floatlike; +1 legacy_pointer_balanced_compat; -2 anchorless_partial_split_penalty; -2 isolated_split_penalty(no_anchor_no_non_singleton_split_support); -3 text_block_penalty; -10 clone_penalty
code_blob_score = 0
code_blob_penalty = 0
scalar_block_score = 0
scalar_block_penalty = 0
text_block_score = 6
text_block_penalty = 3
template_family_id = cls:PXXXPXX|layout:front_tail_split|fptr:1|tptr:1|align:2|preg:2|dom:1|fns:0|tns:0|scalar:0|text:low|blob:0|mirror:0
clone_family_id = layout:front_tail_split|fptr:1|tptr:1|align:2|preg:2|dom:1|fns:0|tns:0|scalar:0|text:low|blob:0|mirror:0
template_family_size = 12
clone_penalty = 10
mirrored_penalty = 0
pointer_reward = 0
strong_structure_bonus = 0
sparse_anchor_tail_penalty = 0
anchored_fragmented_split_penalty = 0
one_sided_anchorless_split_penalty = 0
anchorless_partial_split_penalty = 2
isolated_split_penalty = 2
pointer_alignment_count = 2
pointer_region_count = 2
pointer_fields = f08, f68
pointer_cluster_count = 2
front_cluster_count = 1
tail_cluster_count = 1
front_non_singleton_cluster_count = 0
tail_non_singleton_cluster_count = 0
dominant_cluster_size = 1
cluster_layout = front_tail_split
has_valid_anchor = false
dominant_cluster_covers_majority = false
isolated_split_like = true
tie_break_vector = final=23|family=12|pointer=0|isolated=2|blob=0|scalar=0|text=3|clone=10|mirror=0|neg=0|addr=0x28E402AA58E8
rank_reason = anchorless partial split penalty fired on one-sided split layout without valid anchor; isolated split penalty fired on fragmentary split layout with no valid anchor and no non-singleton split support; text penalty fired on little-endian ASCII/UTF16-like chunks; family size 12 raised clone penalty
positive = target value matches, f08 nonzero, f08 not float-like, f18 nonzero, f18 not float-like, f20 nonzero, f20 not float-like, f68 nonzero, f68 not float-like, f70 nonzero, f70 not float-like, f78 nonzero, f78 not float-like, f58 nonzero, f58 not float-like, front metadata present, tail reference block present
negative = none

--- Candidate #89 ---
value_addr = 0x2D804D6029C
base_addr  = 0x2D804D60274
f08 = 0x3E000004
f18 = 0xBF3504F4
f20 = 0x80000000
f28 = 0x42C80000 (100.0)
f58 = 0x3D79DB23
f68 = 0x3F000001
f70 = 0x3F000000
f78 = 0x3D79DB31
rank_position = 89
base_score = 40
prescore_score = 40
final_score = 21
total adjustment = -19
score = 21
hard_pass = true
flags = target_match, strong_front_block, strong_tail_block, object_like, anchored_fragmented_split_like, scalar_block_like, text_block_like, template_clone_family
score_breakdown = +10 target_match; +2 f08_nonzero; +2 f08_not_floatlike; +2 f18_nonzero; +2 f18_not_floatlike; +2 f20_nonzero; +2 f20_not_floatlike; +2 f68_nonzero; +2 f68_not_floatlike; +2 f70_nonzero; +2 f70_not_floatlike; +2 f78_nonzero; +2 f78_not_floatlike; +3 f58_nonzero; +2 f58_not_floatlike; +1 legacy_pointer_balanced_compat; -3 anchored_fragmented_split_penalty; -3 scalar_block_penalty; -3 text_block_penalty; -10 clone_penalty
code_blob_score = 0
code_blob_penalty = 0
scalar_block_score = 6
scalar_block_penalty = 3
text_block_score = 8
text_block_penalty = 3
template_family_id = cls:PDAXXPX|layout:front_tail_split|fptr:2|tptr:1|align:3+|preg:3+|dom:1|fns:0|tns:0|scalar:low|text:low|blob:0|mirror:0
clone_family_id = layout:front_tail_split|fptr:2|tptr:1|align:3+|preg:3+|dom:1|fns:0|tns:0|scalar:low|text:low|blob:0|mirror:0
template_family_size = 6
clone_penalty = 10
mirrored_penalty = 0
pointer_reward = 0
strong_structure_bonus = 0
sparse_anchor_tail_penalty = 0
anchored_fragmented_split_penalty = 3
one_sided_anchorless_split_penalty = 0
anchorless_partial_split_penalty = 0
isolated_split_penalty = 0
pointer_alignment_count = 3
pointer_region_count = 3
pointer_fields = f08, f20, f70
pointer_cluster_count = 4
front_cluster_count = 3
tail_cluster_count = 1
front_non_singleton_cluster_count = 0
tail_non_singleton_cluster_count = 0
dominant_cluster_size = 1
cluster_layout = front_tail_split
has_valid_anchor = true
dominant_cluster_covers_majority = false
isolated_split_like = false
tie_break_vector = final=21|family=6|pointer=0|isolated=0|blob=0|scalar=3|text=3|clone=10|mirror=0|neg=0|addr=0x2D804D6029C
rank_reason = anchored fragmented split penalty fired on singleton-only split layout despite valid anchor; scalar penalty fired on float-like/scalar template; text penalty fired on little-endian ASCII/UTF16-like chunks; family size 6 raised clone penalty
positive = target value matches, f08 nonzero, f08 not float-like, f18 nonzero, f18 not float-like, f20 nonzero, f20 not float-like, f68 nonzero, f68 not float-like, f70 nonzero, f70 not float-like, f78 nonzero, f78 not float-like, f58 nonzero, f58 not float-like, front metadata present, tail reference block present
negative = none

--- Candidate #90 ---
value_addr = 0x2D806570BEC
base_addr  = 0x2D806570BC4
f08 = 0x3E000000
f18 = 0xBF3504F4
f20 = 0x80000000
f28 = 0x42C80000 (100.0)
f58 = 0x3D79DB23
f68 = 0x3F000001
f70 = 0x3F000000
f78 = 0x3D79DB31
rank_position = 90
base_score = 40
prescore_score = 40
final_score = 21
total adjustment = -19
score = 21
hard_pass = true
flags = target_match, strong_front_block, strong_tail_block, object_like, anchored_fragmented_split_like, scalar_block_like, text_block_like, template_clone_family
score_breakdown = +10 target_match; +2 f08_nonzero; +2 f08_not_floatlike; +2 f18_nonzero; +2 f18_not_floatlike; +2 f20_nonzero; +2 f20_not_floatlike; +2 f68_nonzero; +2 f68_not_floatlike; +2 f70_nonzero; +2 f70_not_floatlike; +2 f78_nonzero; +2 f78_not_floatlike; +3 f58_nonzero; +2 f58_not_floatlike; +1 legacy_pointer_balanced_compat; -3 anchored_fragmented_split_penalty; -3 scalar_block_penalty; -3 text_block_penalty; -10 clone_penalty
code_blob_score = 0
code_blob_penalty = 0
scalar_block_score = 6
scalar_block_penalty = 3
text_block_score = 8
text_block_penalty = 3
template_family_id = cls:PDAXXPX|layout:front_tail_split|fptr:2|tptr:1|align:3+|preg:3+|dom:1|fns:0|tns:0|scalar:low|text:low|blob:0|mirror:0
clone_family_id = layout:front_tail_split|fptr:2|tptr:1|align:3+|preg:3+|dom:1|fns:0|tns:0|scalar:low|text:low|blob:0|mirror:0
template_family_size = 6
clone_penalty = 10
mirrored_penalty = 0
pointer_reward = 0
strong_structure_bonus = 0
sparse_anchor_tail_penalty = 0
anchored_fragmented_split_penalty = 3
one_sided_anchorless_split_penalty = 0
anchorless_partial_split_penalty = 0
isolated_split_penalty = 0
pointer_alignment_count = 3
pointer_region_count = 3
pointer_fields = f08, f20, f70
pointer_cluster_count = 4
front_cluster_count = 3
tail_cluster_count = 1
front_non_singleton_cluster_count = 0
tail_non_singleton_cluster_count = 0
dominant_cluster_size = 1
cluster_layout = front_tail_split
has_valid_anchor = true
dominant_cluster_covers_majority = false
isolated_split_like = false
tie_break_vector = final=21|family=6|pointer=0|isolated=0|blob=0|scalar=3|text=3|clone=10|mirror=0|neg=0|addr=0x2D806570BEC
rank_reason = anchored fragmented split penalty fired on singleton-only split layout despite valid anchor; scalar penalty fired on float-like/scalar template; text penalty fired on little-endian ASCII/UTF16-like chunks; family size 6 raised clone penalty
positive = target value matches, f08 nonzero, f08 not float-like, f18 nonzero, f18 not float-like, f20 nonzero, f20 not float-like, f68 nonzero, f68 not float-like, f70 nonzero, f70 not float-like, f78 nonzero, f78 not float-like, f58 nonzero, f58 not float-like, front metadata present, tail reference block present
negative = none

--- Candidate #91 ---
value_addr = 0x2D8065BCBCC
base_addr  = 0x2D8065BCBA4
f08 = 0x3E000004
f18 = 0xBF3504F4
f20 = 0x80000000
f28 = 0x42C80000 (100.0)
f58 = 0x3D79DB23
f68 = 0x3F000001
f70 = 0x3F000000
f78 = 0x3D79DB31
rank_position = 91
base_score = 40
prescore_score = 40
final_score = 21
total adjustment = -19
score = 21
hard_pass = true
flags = target_match, strong_front_block, strong_tail_block, object_like, anchored_fragmented_split_like, scalar_block_like, text_block_like, template_clone_family
score_breakdown = +10 target_match; +2 f08_nonzero; +2 f08_not_floatlike; +2 f18_nonzero; +2 f18_not_floatlike; +2 f20_nonzero; +2 f20_not_floatlike; +2 f68_nonzero; +2 f68_not_floatlike; +2 f70_nonzero; +2 f70_not_floatlike; +2 f78_nonzero; +2 f78_not_floatlike; +3 f58_nonzero; +2 f58_not_floatlike; +1 legacy_pointer_balanced_compat; -3 anchored_fragmented_split_penalty; -3 scalar_block_penalty; -3 text_block_penalty; -10 clone_penalty
code_blob_score = 0
code_blob_penalty = 0
scalar_block_score = 6
scalar_block_penalty = 3
text_block_score = 8
text_block_penalty = 3
template_family_id = cls:PDAXXPX|layout:front_tail_split|fptr:2|tptr:1|align:3+|preg:3+|dom:1|fns:0|tns:0|scalar:low|text:low|blob:0|mirror:0
clone_family_id = layout:front_tail_split|fptr:2|tptr:1|align:3+|preg:3+|dom:1|fns:0|tns:0|scalar:low|text:low|blob:0|mirror:0
template_family_size = 6
clone_penalty = 10
mirrored_penalty = 0
pointer_reward = 0
strong_structure_bonus = 0
sparse_anchor_tail_penalty = 0
anchored_fragmented_split_penalty = 3
one_sided_anchorless_split_penalty = 0
anchorless_partial_split_penalty = 0
isolated_split_penalty = 0
pointer_alignment_count = 3
pointer_region_count = 3
pointer_fields = f08, f20, f70
pointer_cluster_count = 4
front_cluster_count = 3
tail_cluster_count = 1
front_non_singleton_cluster_count = 0
tail_non_singleton_cluster_count = 0
dominant_cluster_size = 1
cluster_layout = front_tail_split
has_valid_anchor = true
dominant_cluster_covers_majority = false
isolated_split_like = false
tie_break_vector = final=21|family=6|pointer=0|isolated=0|blob=0|scalar=3|text=3|clone=10|mirror=0|neg=0|addr=0x2D8065BCBCC
rank_reason = anchored fragmented split penalty fired on singleton-only split layout despite valid anchor; scalar penalty fired on float-like/scalar template; text penalty fired on little-endian ASCII/UTF16-like chunks; family size 6 raised clone penalty
positive = target value matches, f08 nonzero, f08 not float-like, f18 nonzero, f18 not float-like, f20 nonzero, f20 not float-like, f68 nonzero, f68 not float-like, f70 nonzero, f70 not float-like, f78 nonzero, f78 not float-like, f58 nonzero, f58 not float-like, front metadata present, tail reference block present
negative = none

--- Candidate #92 ---
value_addr = 0x2D8065C091C
base_addr  = 0x2D8065C08F4
f08 = 0x3E000004
f18 = 0xBF3504F4
f20 = 0x80000000
f28 = 0x42C80000 (100.0)
f58 = 0x3D79DB23
f68 = 0x3F000001
f70 = 0x3F000000
f78 = 0x3D79DB31
rank_position = 92
base_score = 40
prescore_score = 40
final_score = 21
total adjustment = -19
score = 21
hard_pass = true
flags = target_match, strong_front_block, strong_tail_block, object_like, anchored_fragmented_split_like, scalar_block_like, text_block_like, template_clone_family
score_breakdown = +10 target_match; +2 f08_nonzero; +2 f08_not_floatlike; +2 f18_nonzero; +2 f18_not_floatlike; +2 f20_nonzero; +2 f20_not_floatlike; +2 f68_nonzero; +2 f68_not_floatlike; +2 f70_nonzero; +2 f70_not_floatlike; +2 f78_nonzero; +2 f78_not_floatlike; +3 f58_nonzero; +2 f58_not_floatlike; +1 legacy_pointer_balanced_compat; -3 anchored_fragmented_split_penalty; -3 scalar_block_penalty; -3 text_block_penalty; -10 clone_penalty
code_blob_score = 0
code_blob_penalty = 0
scalar_block_score = 6
scalar_block_penalty = 3
text_block_score = 8
text_block_penalty = 3
template_family_id = cls:PDAXXPX|layout:front_tail_split|fptr:2|tptr:1|align:3+|preg:3+|dom:1|fns:0|tns:0|scalar:low|text:low|blob:0|mirror:0
clone_family_id = layout:front_tail_split|fptr:2|tptr:1|align:3+|preg:3+|dom:1|fns:0|tns:0|scalar:low|text:low|blob:0|mirror:0
template_family_size = 6
clone_penalty = 10
mirrored_penalty = 0
pointer_reward = 0
strong_structure_bonus = 0
sparse_anchor_tail_penalty = 0
anchored_fragmented_split_penalty = 3
one_sided_anchorless_split_penalty = 0
anchorless_partial_split_penalty = 0
isolated_split_penalty = 0
pointer_alignment_count = 3
pointer_region_count = 3
pointer_fields = f08, f20, f70
pointer_cluster_count = 4
front_cluster_count = 3
tail_cluster_count = 1
front_non_singleton_cluster_count = 0
tail_non_singleton_cluster_count = 0
dominant_cluster_size = 1
cluster_layout = front_tail_split
has_valid_anchor = true
dominant_cluster_covers_majority = false
isolated_split_like = false
tie_break_vector = final=21|family=6|pointer=0|isolated=0|blob=0|scalar=3|text=3|clone=10|mirror=0|neg=0|addr=0x2D8065C091C
rank_reason = anchored fragmented split penalty fired on singleton-only split layout despite valid anchor; scalar penalty fired on float-like/scalar template; text penalty fired on little-endian ASCII/UTF16-like chunks; family size 6 raised clone penalty
positive = target value matches, f08 nonzero, f08 not float-like, f18 nonzero, f18 not float-like, f20 nonzero, f20 not float-like, f68 nonzero, f68 not float-like, f70 nonzero, f70 not float-like, f78 nonzero, f78 not float-like, f58 nonzero, f58 not float-like, front metadata present, tail reference block present
negative = none

--- Candidate #93 ---
value_addr = 0x2D8068DCBC4
base_addr  = 0x2D8068DCB9C
f08 = 0x3E000004
f18 = 0xBF3504F4
f20 = 0x80000000
f28 = 0x42C80000 (100.0)
f58 = 0x3D79DB23
f68 = 0x3F000001
f70 = 0x3F000000
f78 = 0x3D79DB31
rank_position = 93
base_score = 40
prescore_score = 40
final_score = 21
total adjustment = -19
score = 21
hard_pass = true
flags = target_match, strong_front_block, strong_tail_block, object_like, anchored_fragmented_split_like, scalar_block_like, text_block_like, template_clone_family
score_breakdown = +10 target_match; +2 f08_nonzero; +2 f08_not_floatlike; +2 f18_nonzero; +2 f18_not_floatlike; +2 f20_nonzero; +2 f20_not_floatlike; +2 f68_nonzero; +2 f68_not_floatlike; +2 f70_nonzero; +2 f70_not_floatlike; +2 f78_nonzero; +2 f78_not_floatlike; +3 f58_nonzero; +2 f58_not_floatlike; +1 legacy_pointer_balanced_compat; -3 anchored_fragmented_split_penalty; -3 scalar_block_penalty; -3 text_block_penalty; -10 clone_penalty
code_blob_score = 0
code_blob_penalty = 0
scalar_block_score = 6
scalar_block_penalty = 3
text_block_score = 8
text_block_penalty = 3
template_family_id = cls:PDAXXPX|layout:front_tail_split|fptr:2|tptr:1|align:3+|preg:3+|dom:1|fns:0|tns:0|scalar:low|text:low|blob:0|mirror:0
clone_family_id = layout:front_tail_split|fptr:2|tptr:1|align:3+|preg:3+|dom:1|fns:0|tns:0|scalar:low|text:low|blob:0|mirror:0
template_family_size = 6
clone_penalty = 10
mirrored_penalty = 0
pointer_reward = 0
strong_structure_bonus = 0
sparse_anchor_tail_penalty = 0
anchored_fragmented_split_penalty = 3
one_sided_anchorless_split_penalty = 0
anchorless_partial_split_penalty = 0
isolated_split_penalty = 0
pointer_alignment_count = 3
pointer_region_count = 3
pointer_fields = f08, f20, f70
pointer_cluster_count = 4
front_cluster_count = 3
tail_cluster_count = 1
front_non_singleton_cluster_count = 0
tail_non_singleton_cluster_count = 0
dominant_cluster_size = 1
cluster_layout = front_tail_split
has_valid_anchor = true
dominant_cluster_covers_majority = false
isolated_split_like = false
tie_break_vector = final=21|family=6|pointer=0|isolated=0|blob=0|scalar=3|text=3|clone=10|mirror=0|neg=0|addr=0x2D8068DCBC4
rank_reason = anchored fragmented split penalty fired on singleton-only split layout despite valid anchor; scalar penalty fired on float-like/scalar template; text penalty fired on little-endian ASCII/UTF16-like chunks; family size 6 raised clone penalty
positive = target value matches, f08 nonzero, f08 not float-like, f18 nonzero, f18 not float-like, f20 nonzero, f20 not float-like, f68 nonzero, f68 not float-like, f70 nonzero, f70 not float-like, f78 nonzero, f78 not float-like, f58 nonzero, f58 not float-like, front metadata present, tail reference block present
negative = none

--- Candidate #94 ---
value_addr = 0x2D80697E34C
base_addr  = 0x2D80697E324
f08 = 0x3E000000
f18 = 0xBF3504F4
f20 = 0x80000000
f28 = 0x42C80000 (100.0)
f58 = 0x3D79DB23
f68 = 0x3F000001
f70 = 0x3F000000
f78 = 0x3D79DB31
rank_position = 94
base_score = 40
prescore_score = 40
final_score = 21
total adjustment = -19
score = 21
hard_pass = true
flags = target_match, strong_front_block, strong_tail_block, object_like, anchored_fragmented_split_like, scalar_block_like, text_block_like, template_clone_family
score_breakdown = +10 target_match; +2 f08_nonzero; +2 f08_not_floatlike; +2 f18_nonzero; +2 f18_not_floatlike; +2 f20_nonzero; +2 f20_not_floatlike; +2 f68_nonzero; +2 f68_not_floatlike; +2 f70_nonzero; +2 f70_not_floatlike; +2 f78_nonzero; +2 f78_not_floatlike; +3 f58_nonzero; +2 f58_not_floatlike; +1 legacy_pointer_balanced_compat; -3 anchored_fragmented_split_penalty; -3 scalar_block_penalty; -3 text_block_penalty; -10 clone_penalty
code_blob_score = 0
code_blob_penalty = 0
scalar_block_score = 6
scalar_block_penalty = 3
text_block_score = 8
text_block_penalty = 3
template_family_id = cls:PDAXXPX|layout:front_tail_split|fptr:2|tptr:1|align:3+|preg:3+|dom:1|fns:0|tns:0|scalar:low|text:low|blob:0|mirror:0
clone_family_id = layout:front_tail_split|fptr:2|tptr:1|align:3+|preg:3+|dom:1|fns:0|tns:0|scalar:low|text:low|blob:0|mirror:0
template_family_size = 6
clone_penalty = 10
mirrored_penalty = 0
pointer_reward = 0
strong_structure_bonus = 0
sparse_anchor_tail_penalty = 0
anchored_fragmented_split_penalty = 3
one_sided_anchorless_split_penalty = 0
anchorless_partial_split_penalty = 0
isolated_split_penalty = 0
pointer_alignment_count = 3
pointer_region_count = 3
pointer_fields = f08, f20, f70
pointer_cluster_count = 4
front_cluster_count = 3
tail_cluster_count = 1
front_non_singleton_cluster_count = 0
tail_non_singleton_cluster_count = 0
dominant_cluster_size = 1
cluster_layout = front_tail_split
has_valid_anchor = true
dominant_cluster_covers_majority = false
isolated_split_like = false
tie_break_vector = final=21|family=6|pointer=0|isolated=0|blob=0|scalar=3|text=3|clone=10|mirror=0|neg=0|addr=0x2D80697E34C
rank_reason = anchored fragmented split penalty fired on singleton-only split layout despite valid anchor; scalar penalty fired on float-like/scalar template; text penalty fired on little-endian ASCII/UTF16-like chunks; family size 6 raised clone penalty
positive = target value matches, f08 nonzero, f08 not float-like, f18 nonzero, f18 not float-like, f20 nonzero, f20 not float-like, f68 nonzero, f68 not float-like, f70 nonzero, f70 not float-like, f78 nonzero, f78 not float-like, f58 nonzero, f58 not float-like, front metadata present, tail reference block present
negative = none

--- Candidate #95 ---
value_addr = 0x2D806E4C868
base_addr  = 0x2D806E4C840
f08 = 0xFFFFFFFF
f18 = 0x00000000
f20 = 0x42C80000
f28 = 0x42C80000 (100.0)
f58 = 0x00000000
f68 = 0x00000001
f70 = 0x00000001
f78 = 0x06E7CE60
rank_position = 95
base_score = 13
prescore_score = 13
final_score = 1
total adjustment = -12
score = 1
hard_pass = true
flags = target_match, float_block_like, value_copy_like, strong_tail_block, template_clone_family
score_breakdown = +10 target_match; +2 f08_nonzero; +2 f08_not_floatlike; +2 f20_nonzero; +2 f68_nonzero; +2 f68_not_floatlike; +2 f70_nonzero; +2 f70_not_floatlike; +2 f78_nonzero; +2 f78_not_floatlike; -10 floatlike_3plus; -6 value_copy_like; +1 legacy_pointer_balanced_compat; -12 clone_penalty
code_blob_score = 0
code_blob_penalty = 0
scalar_block_score = 5
scalar_block_penalty = 0
text_block_score = 0
text_block_penalty = 0
template_family_id = cls:XZFZSSD|layout:scattered|fptr:0|tptr:0|align:0|preg:0|dom:1|fns:0|tns:0|scalar:0|text:0|blob:0|mirror:0
clone_family_id = layout:scattered|fptr:0|tptr:0|align:0|preg:0|dom:1|fns:0|tns:0|scalar:0|text:0|blob:0|mirror:0
template_family_size = 9
clone_penalty = 12
mirrored_penalty = 0
pointer_reward = 0
strong_structure_bonus = 0
sparse_anchor_tail_penalty = 0
anchored_fragmented_split_penalty = 0
one_sided_anchorless_split_penalty = 0
anchorless_partial_split_penalty = 0
isolated_split_penalty = 0
pointer_alignment_count = 0
pointer_region_count = 0
pointer_fields = none
pointer_cluster_count = 1
front_cluster_count = 0
tail_cluster_count = 1
front_non_singleton_cluster_count = 0
tail_non_singleton_cluster_count = 0
dominant_cluster_size = 1
cluster_layout = scattered
has_valid_anchor = false
dominant_cluster_covers_majority = false
isolated_split_like = false
tie_break_vector = final=1|family=9|pointer=0|isolated=0|blob=0|scalar=0|text=0|clone=12|mirror=0|neg=2|addr=0x2D806E4C868
rank_reason = family size 9 raised clone penalty on scattered pointer-poor family
positive = target value matches, f08 nonzero, f08 not float-like, f20 nonzero, f68 nonzero, f68 not float-like, f70 nonzero, f70 not float-like, f78 nonzero, f78 not float-like, tail reference block present
negative = too many float-like fields, candidate resembles value copy block

--- Candidate #96 ---
value_addr = 0x2D806F11868
base_addr  = 0x2D806F11840
f08 = 0xFFFFFFFF
f18 = 0x00000000
f20 = 0x42C80000
f28 = 0x42C80000 (100.0)
f58 = 0x00000000
f68 = 0x00000001
f70 = 0x00000001
f78 = 0x06EA2400
rank_position = 96
base_score = 13
prescore_score = 13
final_score = 1
total adjustment = -12
score = 1
hard_pass = true
flags = target_match, float_block_like, value_copy_like, strong_tail_block, template_clone_family
score_breakdown = +10 target_match; +2 f08_nonzero; +2 f08_not_floatlike; +2 f20_nonzero; +2 f68_nonzero; +2 f68_not_floatlike; +2 f70_nonzero; +2 f70_not_floatlike; +2 f78_nonzero; +2 f78_not_floatlike; -10 floatlike_3plus; -6 value_copy_like; +1 legacy_pointer_balanced_compat; -12 clone_penalty
code_blob_score = 0
code_blob_penalty = 0
scalar_block_score = 5
scalar_block_penalty = 0
text_block_score = 0
text_block_penalty = 0
template_family_id = cls:XZFZSSD|layout:scattered|fptr:0|tptr:0|align:0|preg:0|dom:1|fns:0|tns:0|scalar:0|text:0|blob:0|mirror:0
clone_family_id = layout:scattered|fptr:0|tptr:0|align:0|preg:0|dom:1|fns:0|tns:0|scalar:0|text:0|blob:0|mirror:0
template_family_size = 9
clone_penalty = 12
mirrored_penalty = 0
pointer_reward = 0
strong_structure_bonus = 0
sparse_anchor_tail_penalty = 0
anchored_fragmented_split_penalty = 0
one_sided_anchorless_split_penalty = 0
anchorless_partial_split_penalty = 0
isolated_split_penalty = 0
pointer_alignment_count = 0
pointer_region_count = 0
pointer_fields = none
pointer_cluster_count = 1
front_cluster_count = 0
tail_cluster_count = 1
front_non_singleton_cluster_count = 0
tail_non_singleton_cluster_count = 0
dominant_cluster_size = 1
cluster_layout = scattered
has_valid_anchor = false
dominant_cluster_covers_majority = false
isolated_split_like = false
tie_break_vector = final=1|family=9|pointer=0|isolated=0|blob=0|scalar=0|text=0|clone=12|mirror=0|neg=2|addr=0x2D806F11868
rank_reason = family size 9 raised clone penalty on scattered pointer-poor family
positive = target value matches, f08 nonzero, f08 not float-like, f20 nonzero, f68 nonzero, f68 not float-like, f70 nonzero, f70 not float-like, f78 nonzero, f78 not float-like, tail reference block present
negative = too many float-like fields, candidate resembles value copy block

--- Candidate #97 ---
value_addr = 0x2D806F118E0
base_addr  = 0x2D806F118B8
f08 = 0x00000000
f18 = 0x00000064
f20 = 0x00000000
f28 = 0x42C80000 (100.0)
f58 = 0x00000000
f68 = 0x00000000
f70 = 0x00000001
f78 = 0x00000001
rank_position = 97
base_score = 12
prescore_score = 12
final_score = 0
total adjustment = -12
score = 0
hard_pass = true
flags = target_match, float_block_like, template_clone_family
score_breakdown = +10 target_match; +2 f18_nonzero; +2 f18_not_floatlike; +2 f70_nonzero; +2 f70_not_floatlike; +2 f78_nonzero; +2 f78_not_floatlike; -10 floatlike_3plus; -12 clone_penalty
code_blob_score = 0
code_blob_penalty = 0
scalar_block_score = 3
scalar_block_penalty = 0
text_block_score = 0
text_block_penalty = 0
template_family_id = cls:ZSZZZSS|layout:scattered|fptr:0|tptr:0|align:0|preg:0|dom:1|fns:0|tns:0|scalar:0|text:0|blob:0|mirror:0
clone_family_id = layout:scattered|fptr:0|tptr:0|align:0|preg:0|dom:1|fns:0|tns:0|scalar:0|text:0|blob:0|mirror:0
template_family_size = 9
clone_penalty = 12
mirrored_penalty = 0
pointer_reward = 0
strong_structure_bonus = 0
sparse_anchor_tail_penalty = 0
anchored_fragmented_split_penalty = 0
one_sided_anchorless_split_penalty = 0
anchorless_partial_split_penalty = 0
isolated_split_penalty = 0
pointer_alignment_count = 0
pointer_region_count = 0
pointer_fields = none
pointer_cluster_count = 0
front_cluster_count = 0
tail_cluster_count = 0
front_non_singleton_cluster_count = 0
tail_non_singleton_cluster_count = 0
dominant_cluster_size = 0
cluster_layout = scattered
has_valid_anchor = false
dominant_cluster_covers_majority = false
isolated_split_like = false
tie_break_vector = final=0|family=9|pointer=0|isolated=0|blob=0|scalar=0|text=0|clone=12|mirror=0|neg=1|addr=0x2D806F118E0
rank_reason = family size 9 raised clone penalty on scattered pointer-poor family
positive = target value matches, f18 nonzero, f18 not float-like, f70 nonzero, f70 not float-like, f78 nonzero, f78 not float-like
negative = too many float-like fields

--- Candidate #98 ---
value_addr = 0x2D806E4C8E4
base_addr  = 0x2D806E4C8BC
f08 = 0x00000001
f18 = 0x00000064
f20 = 0x42C80000
f28 = 0x42C80000 (100.0)
f58 = 0x00000000
f68 = 0x00000000
f70 = 0x00000000
f78 = 0x06A62000
rank_position = 98
base_score = 8
prescore_score = 8
final_score = -4
total adjustment = -12
score = -4
hard_pass = true
flags = target_match, float_block_like, value_copy_like, strong_front_block, template_clone_family
score_breakdown = +10 target_match; +2 f08_nonzero; +2 f08_not_floatlike; +2 f18_nonzero; +2 f18_not_floatlike; +2 f20_nonzero; +2 f78_nonzero; +2 f78_not_floatlike; -10 floatlike_3plus; -6 value_copy_like; -12 clone_penalty
code_blob_score = 0
code_blob_penalty = 0
scalar_block_score = 5
scalar_block_penalty = 0
text_block_score = 0
text_block_penalty = 0
template_family_id = cls:SSFZZZD|layout:scattered|fptr:0|tptr:0|align:0|preg:0|dom:1|fns:0|tns:0|scalar:0|text:0|blob:0|mirror:0
clone_family_id = layout:scattered|fptr:0|tptr:0|align:0|preg:0|dom:1|fns:0|tns:0|scalar:0|text:0|blob:0|mirror:0
template_family_size = 9
clone_penalty = 12
mirrored_penalty = 0
pointer_reward = 0
strong_structure_bonus = 0
sparse_anchor_tail_penalty = 0
anchored_fragmented_split_penalty = 0
one_sided_anchorless_split_penalty = 0
anchorless_partial_split_penalty = 0
isolated_split_penalty = 0
pointer_alignment_count = 0
pointer_region_count = 0
pointer_fields = none
pointer_cluster_count = 1
front_cluster_count = 0
tail_cluster_count = 1
front_non_singleton_cluster_count = 0
tail_non_singleton_cluster_count = 0
dominant_cluster_size = 1
cluster_layout = scattered
has_valid_anchor = false
dominant_cluster_covers_majority = false
isolated_split_like = false
tie_break_vector = final=-4|family=9|pointer=0|isolated=0|blob=0|scalar=0|text=0|clone=12|mirror=0|neg=2|addr=0x2D806E4C8E4
rank_reason = family size 9 raised clone penalty on scattered pointer-poor family
positive = target value matches, f08 nonzero, f08 not float-like, f18 nonzero, f18 not float-like, f20 nonzero, f78 nonzero, f78 not float-like, front metadata present
negative = too many float-like fields, candidate resembles value copy block

--- Candidate #99 ---
value_addr = 0x2D806F11164
base_addr  = 0x2D806F1113C
f08 = 0x00000001
f18 = 0x00000064
f20 = 0x42C80000
f28 = 0x42C80000 (100.0)
f58 = 0x00000000
f68 = 0x00000000
f70 = 0x00000000
f78 = 0x06A62000
rank_position = 99
base_score = 8
prescore_score = 8
final_score = -4
total adjustment = -12
score = -4
hard_pass = true
flags = target_match, float_block_like, value_copy_like, strong_front_block, template_clone_family
score_breakdown = +10 target_match; +2 f08_nonzero; +2 f08_not_floatlike; +2 f18_nonzero; +2 f18_not_floatlike; +2 f20_nonzero; +2 f78_nonzero; +2 f78_not_floatlike; -10 floatlike_3plus; -6 value_copy_like; -12 clone_penalty
code_blob_score = 0
code_blob_penalty = 0
scalar_block_score = 5
scalar_block_penalty = 0
text_block_score = 0
text_block_penalty = 0
template_family_id = cls:SSFZZZD|layout:scattered|fptr:0|tptr:0|align:0|preg:0|dom:1|fns:0|tns:0|scalar:0|text:0|blob:0|mirror:0
clone_family_id = layout:scattered|fptr:0|tptr:0|align:0|preg:0|dom:1|fns:0|tns:0|scalar:0|text:0|blob:0|mirror:0
template_family_size = 9
clone_penalty = 12
mirrored_penalty = 0
pointer_reward = 0
strong_structure_bonus = 0
sparse_anchor_tail_penalty = 0
anchored_fragmented_split_penalty = 0
one_sided_anchorless_split_penalty = 0
anchorless_partial_split_penalty = 0
isolated_split_penalty = 0
pointer_alignment_count = 0
pointer_region_count = 0
pointer_fields = none
pointer_cluster_count = 1
front_cluster_count = 0
tail_cluster_count = 1
front_non_singleton_cluster_count = 0
tail_non_singleton_cluster_count = 0
dominant_cluster_size = 1
cluster_layout = scattered
has_valid_anchor = false
dominant_cluster_covers_majority = false
isolated_split_like = false
tie_break_vector = final=-4|family=9|pointer=0|isolated=0|blob=0|scalar=0|text=0|clone=12|mirror=0|neg=2|addr=0x2D806F11164
rank_reason = family size 9 raised clone penalty on scattered pointer-poor family
positive = target value matches, f08 nonzero, f08 not float-like, f18 nonzero, f18 not float-like, f20 nonzero, f78 nonzero, f78 not float-like, front metadata present
negative = too many float-like fields, candidate resembles value copy block

--- Candidate #100 ---
value_addr = 0x2D806E4C95C
base_addr  = 0x2D806E4C934
f08 = 0x00000001
f18 = 0x00000000
f20 = 0x00000064
f28 = 0x42C80000 (100.0)
f58 = 0x00000000
f68 = 0x00000000
f70 = 0x00000000
f78 = 0x00000000
rank_position = 100
base_score = -15
prescore_score = -15
final_score = -27
total adjustment = -12
score = -27
hard_pass = true
flags = target_match, float_block_like, template_clone_family
score_breakdown = +10 target_match; +2 f08_nonzero; +2 f08_not_floatlike; +2 f20_nonzero; +2 f20_not_floatlike; -8 empty_tail; -10 floatlike_3plus; -15 floatlike_5plus; -12 clone_penalty
code_blob_score = 0
code_blob_penalty = 0
scalar_block_score = 3
scalar_block_penalty = 0
text_block_score = 0
text_block_penalty = 0
template_family_id = cls:SZSZZZZ|layout:scattered|fptr:0|tptr:0|align:0|preg:0|dom:1|fns:0|tns:0|scalar:0|text:0|blob:0|mirror:0
clone_family_id = layout:scattered|fptr:0|tptr:0|align:0|preg:0|dom:1|fns:0|tns:0|scalar:0|text:0|blob:0|mirror:0
template_family_size = 9
clone_penalty = 12
mirrored_penalty = 0
pointer_reward = 0
strong_structure_bonus = 0
sparse_anchor_tail_penalty = 0
anchored_fragmented_split_penalty = 0
one_sided_anchorless_split_penalty = 0
anchorless_partial_split_penalty = 0
isolated_split_penalty = 0
pointer_alignment_count = 0
pointer_region_count = 0
pointer_fields = none
pointer_cluster_count = 0
front_cluster_count = 0
tail_cluster_count = 0
front_non_singleton_cluster_count = 0
tail_non_singleton_cluster_count = 0
dominant_cluster_size = 0
cluster_layout = scattered
has_valid_anchor = false
dominant_cluster_covers_majority = false
isolated_split_like = false
tie_break_vector = final=-27|family=9|pointer=0|isolated=0|blob=0|scalar=0|text=0|clone=12|mirror=0|neg=3|addr=0x2D806E4C95C
rank_reason = family size 9 raised clone penalty on scattered pointer-poor family
positive = target value matches, f08 nonzero, f08 not float-like, f20 nonzero, f20 not float-like
negative = tail block is empty, too many float-like fields, candidate resembles float block
 
