[MVP0] REPORT_BUILD_TAG = probe-20260321-v1 
[MVP0] REPORT_SOURCE = @D:\Lua Developer\mvp0_candidate_report.lua 
[FUNC] MVP0.score_base_candidate -> source=D:\Lua Developer\mvp0_candidate_report.lua line=1661 
[FUNC] MVP0.apply_rank_adjustments -> source=D:\Lua Developer\mvp0_candidate_report.lua line=2281 
[FUNC] MVP0.render_report -> source=D:\Lua Developer\mvp0_candidate_report.lua line=2758 
[FUNC] MVP0.compute_one_sided_anchorless_split_penalty -> source=D:\Lua Developer\mvp0_candidate_report.lua line=2263 
=== collector_stats === 
raw_count              = 14075 
scanned_count          = 8000 
unique_count           = 8000 
filtered_count         = 4760 
prescored_count        = 4760 
selected_count         = 100 
selection_strategy     = prescore_diverse_top_scored 
=== truth_probe_flags === 
true_in_full_foundlist_checked = false 
true_in_full_foundlist = nil 
true_in_full_foundlist_observed = skipped 
true_in_raw            = true 
true_in_unique         = true 
true_in_filtered       = true 
true_in_prescored      = true 
true_in_selected       = true 
=== extra_probe_debug === 
known_true_addr        = 0x3DA061C8D48 
true_foundlist_index   = nil 
probe_window_radius    = 256 
raw_probe_full_foundlist_enabled = false 
raw_probe_used         = 0 
known_true_raw_admission_path = even_spread 
=== truth_probe_logs === 
01: [full_foundlist] probe_full_foundlist disabled, full-foundlist truth probe skipped 
02: [raw_admission] probe window safety net disabled for this raw admission pass 
03: [raw_admission] strategy=hybrid even=5600/5600 structure=81/1200 neighborhood=468/1200 fill=1851/0 probe=0/0 total=8000/8000 
04: [raw_admission] source_counts even=5600 structure=81 neighborhood=468 fill=1851 probe=0 scout=4800 eligible=356 
05: [raw_admission] read_fail_count=0 neighbor_dedup_drops=676 last_read_fail_candidate=nil 
06: [raw_admission] reject_counts duplicate_heavy=3, insufficient_nonzero=1766, neighborhood_duplicate=676, not_target_match=2006, pointerless=10, structure_already_selected=60, structure_signature_cap=215, weak_pointer_regions=626, weak_structure_signal=33 
07: [raw] known_true_addr admitted into raw set 
08: [raw_admission] known_true_addr raw admission path = even_spread 
=== known_true_debug === 
known_true_rank_position = 1 
known_true_base_score  = 40 
known_true_final_score = 43 
known_true_tie_break_vector = final=43|family=1|pointer=5|isolated=0|blob=3|scalar=0|text=0|clone=0|mirror=0|neg=0|addr=0x3DA061C8D48 
=== report_text === 
=== Session Summary ===
Session: collector-retest-wide-2
Candidates: 100
Target value pattern: 0x42C80000
Target value float: 100.0
Best candidate: 0x3DA061C8D48
Best base: 0x3DA061C8D20
Best score: 43
Second score: 38
Score gap: 5
Confidence: MEDIUM
Manual review: true
=======================

=== Recommendation ===
Recommendation: REVIEW
Confidence: MEDIUM
Manual review required: true
Recommended value addr: 0x3DA061C8D48
Recommended base addr : 0x3DA061C8D20
Recommended score     : 43
Rationale: best candidate has object-like structure; best candidate has a coherent pointer layout; best candidate triggered code-blob penalty 3; score gap over second place is 5; manual review is recommended before acting on this candidate
======================

--- Candidate #1 ---
value_addr = 0x3DA061C8D48
base_addr  = 0x3DA061C8D20
f08 = 0x02BF1720
f18 = 0x06EAF480
f20 = 0x06EAF440
f28 = 0x42C80000 (100.0)
f58 = 0x2B88554F
f68 = 0x06E4A130
f70 = 0x06E4A120
f78 = 0x06E4A1D0
rank_position = 1
base_score = 40
prescore_score = 40
final_score = 43
total adjustment = 3
score = 43
hard_pass = true
flags = target_match, strong_front_block, strong_tail_block, object_like, pointer_balanced, pointer_diverse, coherent_pointer_layout, strong_structure_layout, code_blob_like
score_breakdown = +10 target_match; +2 f08_nonzero; +2 f08_not_floatlike; +2 f18_nonzero; +2 f18_not_floatlike; +2 f20_nonzero; +2 f20_not_floatlike; +2 f68_nonzero; +2 f68_not_floatlike; +2 f70_nonzero; +2 f70_not_floatlike; +2 f78_nonzero; +2 f78_not_floatlike; +3 f58_nonzero; +2 f58_not_floatlike; +1 legacy_pointer_balanced_compat; +5 pointer_reward; +1 strong_structure_bonus; -3 code_blob_penalty
code_blob_score = 40
code_blob_penalty = 3
scalar_block_score = 0
scalar_block_penalty = 0
text_block_score = 0
text_block_penalty = 0
template_family_id = cls:APPXPPP|layout:front_tail_split|fptr:3+|tptr:3+|align:3+|preg:3+|dom:3|fns:1|tns:1|scalar:0|text:0|blob:high|mirror:0
clone_family_id = layout:front_tail_split|fptr:3+|tptr:3+|align:3+|preg:3+|dom:3|fns:1|tns:1|scalar:0|text:0|blob:high|mirror:0
template_family_size = 1
clone_penalty = 0
mirrored_penalty = 0
pointer_reward = 5
strong_structure_bonus = 1
sparse_anchor_tail_penalty = 0
anchored_fragmented_split_penalty = 0
one_sided_anchorless_split_penalty = 0
anchorless_partial_split_penalty = 0
isolated_split_penalty = 0
pointer_alignment_count = 6
pointer_region_count = 3
pointer_fields = f08, f18, f20, f68, f70, f78
pointer_cluster_count = 3
front_cluster_count = 2
tail_cluster_count = 1
front_non_singleton_cluster_count = 1
tail_non_singleton_cluster_count = 1
dominant_cluster_size = 3
cluster_layout = front_tail_split
has_valid_anchor = true
dominant_cluster_covers_majority = false
isolated_split_like = false
tie_break_vector = final=43|family=1|pointer=5|isolated=0|blob=3|scalar=0|text=0|clone=0|mirror=0|neg=0|addr=0x3DA061C8D48
rank_reason = pointer reward favored front_tail_split cluster layout; strong structure bonus favored anchored two-sided split layout with dense pointer support; blob penalty capped at mild by split-cluster safeguard
positive = target value matches, f08 nonzero, f08 not float-like, f18 nonzero, f18 not float-like, f20 nonzero, f20 not float-like, f68 nonzero, f68 not float-like, f70 nonzero, f70 not float-like, f78 nonzero, f78 not float-like, f58 nonzero, f58 not float-like, front metadata present, tail reference block present
negative = none

--- Candidate #2 ---
value_addr = 0x7544029B59B4
base_addr  = 0x7544029B598C
f08 = 0x2A672001
f18 = 0x9242C800
f20 = 0x39200002
f28 = 0x42C80000 (100.0)
f58 = 0x023801A0
f68 = 0x023801A3
f70 = 0x023801A4
f78 = 0x9C2001AB
rank_position = 2
base_score = 40
prescore_score = 40
final_score = 38
total adjustment = -2
score = 38
hard_pass = true
flags = target_match, strong_front_block, strong_tail_block, object_like, pointer_balanced, pointer_diverse, coherent_pointer_layout, code_blob_like
score_breakdown = +10 target_match; +2 f08_nonzero; +2 f08_not_floatlike; +2 f18_nonzero; +2 f18_not_floatlike; +2 f20_nonzero; +2 f20_not_floatlike; +2 f68_nonzero; +2 f68_not_floatlike; +2 f70_nonzero; +2 f70_not_floatlike; +2 f78_nonzero; +2 f78_not_floatlike; +3 f58_nonzero; +2 f58_not_floatlike; +1 legacy_pointer_balanced_compat; +1 pointer_reward; -3 code_blob_penalty
code_blob_score = 22
code_blob_penalty = 3
scalar_block_score = 0
scalar_block_penalty = 0
text_block_score = 0
text_block_penalty = 0
template_family_id = cls:XAXPXPX|layout:front_tail_split|fptr:1|tptr:1|align:3+|preg:2|dom:2|fns:0|tns:1|scalar:0|text:0|blob:high|mirror:0
clone_family_id = layout:front_tail_split|fptr:1|tptr:1|align:3+|preg:2|dom:2|fns:0|tns:1|scalar:0|text:0|blob:high|mirror:0
template_family_size = 1
clone_penalty = 0
mirrored_penalty = 0
pointer_reward = 1
strong_structure_bonus = 0
sparse_anchor_tail_penalty = 0
anchored_fragmented_split_penalty = 0
one_sided_anchorless_split_penalty = 0
anchorless_partial_split_penalty = 0
isolated_split_penalty = 0
pointer_alignment_count = 3
pointer_region_count = 2
pointer_fields = f18, f58, f70
pointer_cluster_count = 2
front_cluster_count = 1
tail_cluster_count = 1
front_non_singleton_cluster_count = 0
tail_non_singleton_cluster_count = 1
dominant_cluster_size = 2
cluster_layout = front_tail_split
has_valid_anchor = true
dominant_cluster_covers_majority = false
isolated_split_like = false
tie_break_vector = final=38|family=1|pointer=1|isolated=0|blob=3|scalar=0|text=0|clone=0|mirror=0|neg=0|addr=0x7544029B59B4
rank_reason = pointer reward favored front_tail_split cluster layout; blob penalty capped at mild by split-cluster safeguard
positive = target value matches, f08 nonzero, f08 not float-like, f18 nonzero, f18 not float-like, f20 nonzero, f20 not float-like, f68 nonzero, f68 not float-like, f70 nonzero, f70 not float-like, f78 nonzero, f78 not float-like, f58 nonzero, f58 not float-like, front metadata present, tail reference block present
negative = none

--- Candidate #3 ---
value_addr = 0x3DC0A2C44C8
base_addr  = 0x3DC0A2C44A0
f08 = 0x43012008
f18 = 0x02380000
f20 = 0x0238B208
f28 = 0x42C80000 (100.0)
f58 = 0x02370802
f68 = 0x41000228
f70 = 0x41002003
f78 = 0x00004300
rank_position = 3
base_score = 40
prescore_score = 40
final_score = 37
total adjustment = -3
score = 37
hard_pass = true
flags = target_match, strong_front_block, strong_tail_block, object_like, pointer_balanced, pointer_diverse, coherent_pointer_layout, one_sided_anchorless_split_like, anchorless_partial_split_like
score_breakdown = +10 target_match; +2 f08_nonzero; +2 f08_not_floatlike; +2 f18_nonzero; +2 f18_not_floatlike; +2 f20_nonzero; +2 f20_not_floatlike; +2 f68_nonzero; +2 f68_not_floatlike; +2 f70_nonzero; +2 f70_not_floatlike; +2 f78_nonzero; +2 f78_not_floatlike; +3 f58_nonzero; +2 f58_not_floatlike; +1 legacy_pointer_balanced_compat; +1 pointer_reward; -2 one_sided_anchorless_split_penalty; -2 anchorless_partial_split_penalty
code_blob_score = 2
code_blob_penalty = 0
scalar_block_score = 4
scalar_block_penalty = 0
text_block_score = 0
text_block_penalty = 0
template_family_id = cls:DPPXPXX|layout:front_tail_split|fptr:2|tptr:1|align:3+|preg:2|dom:2|fns:1|tns:0|scalar:0|text:0|blob:0|mirror:0
clone_family_id = layout:front_tail_split|fptr:2|tptr:1|align:3+|preg:2|dom:2|fns:1|tns:0|scalar:0|text:0|blob:0|mirror:0
template_family_size = 1
clone_penalty = 0
mirrored_penalty = 0
pointer_reward = 1
strong_structure_bonus = 0
sparse_anchor_tail_penalty = 0
anchored_fragmented_split_penalty = 0
one_sided_anchorless_split_penalty = 2
anchorless_partial_split_penalty = 2
isolated_split_penalty = 0
pointer_alignment_count = 3
pointer_region_count = 2
pointer_fields = f18, f20, f68
pointer_cluster_count = 3
front_cluster_count = 2
tail_cluster_count = 1
front_non_singleton_cluster_count = 1
tail_non_singleton_cluster_count = 0
dominant_cluster_size = 2
cluster_layout = front_tail_split
has_valid_anchor = false
dominant_cluster_covers_majority = false
isolated_split_like = false
tie_break_vector = final=37|family=1|pointer=1|isolated=0|blob=0|scalar=0|text=0|clone=0|mirror=0|neg=0|addr=0x3DC0A2C44C8
rank_reason = pointer reward favored front_tail_split cluster layout; one-sided anchorless split penalty fired on weak front-tail split with only one-sided support; anchorless partial split penalty fired on one-sided split layout without valid anchor
positive = target value matches, f08 nonzero, f08 not float-like, f18 nonzero, f18 not float-like, f20 nonzero, f20 not float-like, f68 nonzero, f68 not float-like, f70 nonzero, f70 not float-like, f78 nonzero, f78 not float-like, f58 nonzero, f58 not float-like, front metadata present, tail reference block present
negative = none

--- Candidate #4 ---
value_addr = 0x75440240B5E8
base_addr  = 0x75440240B5C0
f08 = 0x00004300
f18 = 0x204C0238
f20 = 0x023842C8
f28 = 0x42C80000 (100.0)
f58 = 0x361B4100
f68 = 0x20002000
f70 = 0x2000090B
f78 = 0x240B24B3
rank_position = 4
base_score = 40
prescore_score = 40
final_score = 37
total adjustment = -3
score = 37
hard_pass = true
flags = target_match, strong_front_block, strong_tail_block, object_like, anchored_fragmented_split_like
score_breakdown = +10 target_match; +2 f08_nonzero; +2 f08_not_floatlike; +2 f18_nonzero; +2 f18_not_floatlike; +2 f20_nonzero; +2 f20_not_floatlike; +2 f68_nonzero; +2 f68_not_floatlike; +2 f70_nonzero; +2 f70_not_floatlike; +2 f78_nonzero; +2 f78_not_floatlike; +3 f58_nonzero; +2 f58_not_floatlike; +1 legacy_pointer_balanced_compat; -3 anchored_fragmented_split_penalty
code_blob_score = 0
code_blob_penalty = 0
scalar_block_score = 2
scalar_block_penalty = 0
text_block_score = 0
text_block_penalty = 0
template_family_id = cls:XPADPXX|layout:front_tail_split|fptr:2|tptr:1|align:3+|preg:3+|dom:1|fns:0|tns:0|scalar:0|text:0|blob:0|mirror:0
clone_family_id = layout:front_tail_split|fptr:2|tptr:1|align:3+|preg:3+|dom:1|fns:0|tns:0|scalar:0|text:0|blob:0|mirror:0
template_family_size = 1
clone_penalty = 0
mirrored_penalty = 0
pointer_reward = 0
strong_structure_bonus = 0
sparse_anchor_tail_penalty = 0
anchored_fragmented_split_penalty = 3
one_sided_anchorless_split_penalty = 0
anchorless_partial_split_penalty = 0
isolated_split_penalty = 0
pointer_alignment_count = 3
pointer_region_count = 3
pointer_fields = f18, f20, f68
pointer_cluster_count = 3
front_cluster_count = 2
tail_cluster_count = 1
front_non_singleton_cluster_count = 0
tail_non_singleton_cluster_count = 0
dominant_cluster_size = 1
cluster_layout = front_tail_split
has_valid_anchor = true
dominant_cluster_covers_majority = false
isolated_split_like = false
tie_break_vector = final=37|family=1|pointer=0|isolated=0|blob=0|scalar=0|text=0|clone=0|mirror=0|neg=0|addr=0x75440240B5E8
rank_reason = anchored fragmented split penalty fired on singleton-only split layout despite valid anchor
positive = target value matches, f08 nonzero, f08 not float-like, f18 nonzero, f18 not float-like, f20 nonzero, f20 not float-like, f68 nonzero, f68 not float-like, f70 nonzero, f70 not float-like, f78 nonzero, f78 not float-like, f58 nonzero, f58 not float-like, front metadata present, tail reference block present
negative = none

--- Candidate #5 ---
value_addr = 0x3DC09723340
base_addr  = 0x3DC09723318
f08 = 0x93132092
f18 = 0x13201322
f20 = 0x00439293
f28 = 0x42C80000 (100.0)
f58 = 0x02200002
f68 = 0x37100229
f70 = 0x02290320
f78 = 0x03200220
rank_position = 5
base_score = 40
prescore_score = 40
final_score = 37
total adjustment = -3
score = 37
hard_pass = true
flags = target_match, strong_front_block, strong_tail_block, object_like, template_clone_family
score_breakdown = +10 target_match; +2 f08_nonzero; +2 f08_not_floatlike; +2 f18_nonzero; +2 f18_not_floatlike; +2 f20_nonzero; +2 f20_not_floatlike; +2 f68_nonzero; +2 f68_not_floatlike; +2 f70_nonzero; +2 f70_not_floatlike; +2 f78_nonzero; +2 f78_not_floatlike; +3 f58_nonzero; +2 f58_not_floatlike; +1 legacy_pointer_balanced_compat; -3 clone_penalty
code_blob_score = 0
code_blob_penalty = 0
scalar_block_score = 3
scalar_block_penalty = 0
text_block_score = 0
text_block_penalty = 0
template_family_id = cls:XXXXXDA|layout:scattered|fptr:0|tptr:1|align:1|preg:1|dom:1|fns:0|tns:0|scalar:0|text:0|blob:0|mirror:0
clone_family_id = layout:scattered|fptr:0|tptr:1|align:1|preg:1|dom:1|fns:0|tns:0|scalar:0|text:0|blob:0|mirror:0
template_family_size = 2
clone_penalty = 3
mirrored_penalty = 0
pointer_reward = 0
strong_structure_bonus = 0
sparse_anchor_tail_penalty = 0
anchored_fragmented_split_penalty = 0
one_sided_anchorless_split_penalty = 0
anchorless_partial_split_penalty = 0
isolated_split_penalty = 0
pointer_alignment_count = 1
pointer_region_count = 1
pointer_fields = f78
pointer_cluster_count = 2
front_cluster_count = 0
tail_cluster_count = 2
front_non_singleton_cluster_count = 0
tail_non_singleton_cluster_count = 0
dominant_cluster_size = 1
cluster_layout = scattered
has_valid_anchor = true
dominant_cluster_covers_majority = false
isolated_split_like = false
tie_break_vector = final=37|family=2|pointer=0|isolated=0|blob=0|scalar=0|text=0|clone=3|mirror=0|neg=0|addr=0x3DC09723340
rank_reason = family size 2 raised clone penalty on scattered pointer-poor family
positive = target value matches, f08 nonzero, f08 not float-like, f18 nonzero, f18 not float-like, f20 nonzero, f20 not float-like, f68 nonzero, f68 not float-like, f70 nonzero, f70 not float-like, f78 nonzero, f78 not float-like, f58 nonzero, f58 not float-like, front metadata present, tail reference block present
negative = none

--- Candidate #6 ---
value_addr = 0xB3A0B9CC7EC
base_addr  = 0xB3A0B9CC7C4
f08 = 0x79C1C442
f18 = 0x0FC1970F
f20 = 0x0010840F
f28 = 0x42C80000 (100.0)
f58 = 0x8D0E0411
f68 = 0x8D453E24
f70 = 0x8B42DC45
f78 = 0x12830FC0
rank_position = 6
base_score = 40
prescore_score = 40
final_score = 37
total adjustment = -3
score = 37
hard_pass = true
flags = target_match, strong_front_block, strong_tail_block, object_like, template_clone_family
score_breakdown = +10 target_match; +2 f08_nonzero; +2 f08_not_floatlike; +2 f18_nonzero; +2 f18_not_floatlike; +2 f20_nonzero; +2 f20_not_floatlike; +2 f68_nonzero; +2 f68_not_floatlike; +2 f70_nonzero; +2 f70_not_floatlike; +2 f78_nonzero; +2 f78_not_floatlike; +3 f58_nonzero; +2 f58_not_floatlike; +1 legacy_pointer_balanced_compat; -3 clone_penalty
code_blob_score = 0
code_blob_penalty = 0
scalar_block_score = 3
scalar_block_penalty = 0
text_block_score = 0
text_block_penalty = 0
template_family_id = cls:XXXXDXA|layout:scattered|fptr:0|tptr:1|align:1|preg:1|dom:1|fns:0|tns:0|scalar:0|text:0|blob:0|mirror:0
clone_family_id = layout:scattered|fptr:0|tptr:1|align:1|preg:1|dom:1|fns:0|tns:0|scalar:0|text:0|blob:0|mirror:0
template_family_size = 2
clone_penalty = 3
mirrored_penalty = 0
pointer_reward = 0
strong_structure_bonus = 0
sparse_anchor_tail_penalty = 0
anchored_fragmented_split_penalty = 0
one_sided_anchorless_split_penalty = 0
anchorless_partial_split_penalty = 0
isolated_split_penalty = 0
pointer_alignment_count = 1
pointer_region_count = 1
pointer_fields = f78
pointer_cluster_count = 2
front_cluster_count = 0
tail_cluster_count = 2
front_non_singleton_cluster_count = 0
tail_non_singleton_cluster_count = 0
dominant_cluster_size = 1
cluster_layout = scattered
has_valid_anchor = true
dominant_cluster_covers_majority = false
isolated_split_like = false
tie_break_vector = final=37|family=2|pointer=0|isolated=0|blob=0|scalar=0|text=0|clone=3|mirror=0|neg=0|addr=0xB3A0B9CC7EC
rank_reason = family size 2 raised clone penalty on scattered pointer-poor family
positive = target value matches, f08 nonzero, f08 not float-like, f18 nonzero, f18 not float-like, f20 nonzero, f20 not float-like, f68 nonzero, f68 not float-like, f70 nonzero, f70 not float-like, f78 nonzero, f78 not float-like, f58 nonzero, f58 not float-like, front metadata present, tail reference block present
negative = none

--- Candidate #7 ---
value_addr = 0x3DC0A4EEF60
base_addr  = 0x3DC0A4EEF38
f08 = 0x20000237
f18 = 0x38B26A00
f20 = 0x02381020
f28 = 0x42C80000 (100.0)
f58 = 0x206A00F0
f68 = 0x00420720
f70 = 0x37004207
f78 = 0x02380F20
rank_position = 7
base_score = 40
prescore_score = 40
final_score = 36
total adjustment = -4
score = 36
hard_pass = true
flags = target_match, strong_front_block, strong_tail_block, object_like, pointer_balanced, pointer_diverse, coherent_pointer_layout, sparse_anchor_tail_like, code_blob_like
score_breakdown = +10 target_match; +2 f08_nonzero; +2 f08_not_floatlike; +2 f18_nonzero; +2 f18_not_floatlike; +2 f20_nonzero; +2 f20_not_floatlike; +2 f68_nonzero; +2 f68_not_floatlike; +2 f70_nonzero; +2 f70_not_floatlike; +2 f78_nonzero; +2 f78_not_floatlike; +3 f58_nonzero; +2 f58_not_floatlike; +1 legacy_pointer_balanced_compat; +2 pointer_reward; -3 sparse_anchor_tail_penalty; -3 code_blob_penalty
code_blob_score = 7
code_blob_penalty = 3
scalar_block_score = 2
scalar_block_penalty = 0
text_block_score = 0
text_block_penalty = 0
template_family_id = cls:XDPADXP|layout:anchor_plus_tail_cluster|fptr:1|tptr:1|align:3+|preg:2|dom:2|fns:1|tns:1|scalar:0|text:0|blob:low|mirror:0
clone_family_id = layout:anchor_plus_tail_cluster|fptr:1|tptr:1|align:3+|preg:2|dom:2|fns:1|tns:1|scalar:0|text:0|blob:low|mirror:0
template_family_size = 1
clone_penalty = 0
mirrored_penalty = 0
pointer_reward = 2
strong_structure_bonus = 0
sparse_anchor_tail_penalty = 3
anchored_fragmented_split_penalty = 0
one_sided_anchorless_split_penalty = 0
anchorless_partial_split_penalty = 0
isolated_split_penalty = 0
pointer_alignment_count = 3
pointer_region_count = 2
pointer_fields = f20, f58, f78
pointer_cluster_count = 3
front_cluster_count = 2
tail_cluster_count = 2
front_non_singleton_cluster_count = 1
tail_non_singleton_cluster_count = 1
dominant_cluster_size = 2
cluster_layout = anchor_plus_tail_cluster
has_valid_anchor = true
dominant_cluster_covers_majority = false
isolated_split_like = false
tie_break_vector = final=36|family=1|pointer=2|isolated=0|blob=3|scalar=0|text=0|clone=0|mirror=0|neg=0|addr=0x3DC0A4EEF60
rank_reason = pointer reward favored anchor_plus_tail_cluster cluster layout; sparse anchor-plus-tail penalty fired on weak anchor-plus-tail layout with only sparse pointer support; blob penalty capped at mild by split-cluster safeguard
positive = target value matches, f08 nonzero, f08 not float-like, f18 nonzero, f18 not float-like, f20 nonzero, f20 not float-like, f68 nonzero, f68 not float-like, f70 nonzero, f70 not float-like, f78 nonzero, f78 not float-like, f58 nonzero, f58 not float-like, front metadata present, tail reference block present
negative = none

--- Candidate #8 ---
value_addr = 0x3DC0A640C3C
base_addr  = 0x3DC0A640C14
f08 = 0x00022801
f18 = 0x02280020
f20 = 0x02280520
f28 = 0x42C80000 (100.0)
f58 = 0x03200002
f68 = 0x18410320
f70 = 0x022801FF
f78 = 0xFAB78041
rank_position = 8
base_score = 40
prescore_score = 40
final_score = 34
total adjustment = -6
score = 34
hard_pass = true
flags = target_match, strong_front_block, strong_tail_block, object_like, pointer_balanced, pointer_diverse, coherent_pointer_layout, one_sided_anchorless_split_like, anchorless_partial_split_like, code_blob_like
score_breakdown = +10 target_match; +2 f08_nonzero; +2 f08_not_floatlike; +2 f18_nonzero; +2 f18_not_floatlike; +2 f20_nonzero; +2 f20_not_floatlike; +2 f68_nonzero; +2 f68_not_floatlike; +2 f70_nonzero; +2 f70_not_floatlike; +2 f78_nonzero; +2 f78_not_floatlike; +3 f58_nonzero; +2 f58_not_floatlike; +1 legacy_pointer_balanced_compat; +1 pointer_reward; -2 one_sided_anchorless_split_penalty; -2 anchorless_partial_split_penalty; -3 code_blob_penalty
code_blob_score = 8
code_blob_penalty = 3
scalar_block_score = 0
scalar_block_penalty = 0
text_block_score = 0
text_block_penalty = 0
template_family_id = cls:XPPXPXX|layout:front_tail_split|fptr:2|tptr:1|align:3+|preg:2|dom:2|fns:1|tns:0|scalar:0|text:0|blob:low|mirror:0
clone_family_id = layout:front_tail_split|fptr:2|tptr:1|align:3+|preg:2|dom:2|fns:1|tns:0|scalar:0|text:0|blob:low|mirror:0
template_family_size = 1
clone_penalty = 0
mirrored_penalty = 0
pointer_reward = 1
strong_structure_bonus = 0
sparse_anchor_tail_penalty = 0
anchored_fragmented_split_penalty = 0
one_sided_anchorless_split_penalty = 2
anchorless_partial_split_penalty = 2
isolated_split_penalty = 0
pointer_alignment_count = 3
pointer_region_count = 2
pointer_fields = f18, f20, f68
pointer_cluster_count = 2
front_cluster_count = 1
tail_cluster_count = 1
front_non_singleton_cluster_count = 1
tail_non_singleton_cluster_count = 0
dominant_cluster_size = 2
cluster_layout = front_tail_split
has_valid_anchor = false
dominant_cluster_covers_majority = false
isolated_split_like = false
tie_break_vector = final=34|family=1|pointer=1|isolated=0|blob=3|scalar=0|text=0|clone=0|mirror=0|neg=0|addr=0x3DC0A640C3C
rank_reason = pointer reward favored front_tail_split cluster layout; one-sided anchorless split penalty fired on weak front-tail split with only one-sided support; anchorless partial split penalty fired on one-sided split layout without valid anchor; blob penalty capped at mild by split-cluster safeguard
positive = target value matches, f08 nonzero, f08 not float-like, f18 nonzero, f18 not float-like, f20 nonzero, f20 not float-like, f68 nonzero, f68 not float-like, f70 nonzero, f70 not float-like, f78 nonzero, f78 not float-like, f58 nonzero, f58 not float-like, front metadata present, tail reference block present
negative = none

--- Candidate #9 ---
value_addr = 0x3DA00BBF280
base_addr  = 0x3DA00BBF258
f08 = 0x3DCD7D6C
f18 = 0xBB444BCA
f20 = 0x43D90000
f28 = 0x42C80000 (100.0)
f58 = 0x3F34388F
f68 = 0xBF5E431D
f70 = 0xC0963315
f78 = 0xBE0A1EE1
rank_position = 9
base_score = 40
prescore_score = 40
final_score = 34
total adjustment = -6
score = 34
hard_pass = true
flags = target_match, strong_front_block, strong_tail_block, object_like, scalar_block_like, text_block_like
score_breakdown = +10 target_match; +2 f08_nonzero; +2 f08_not_floatlike; +2 f18_nonzero; +2 f18_not_floatlike; +2 f20_nonzero; +2 f20_not_floatlike; +2 f68_nonzero; +2 f68_not_floatlike; +2 f70_nonzero; +2 f70_not_floatlike; +2 f78_nonzero; +2 f78_not_floatlike; +3 f58_nonzero; +2 f58_not_floatlike; +1 legacy_pointer_balanced_compat; -3 scalar_block_penalty; -3 text_block_penalty
code_blob_score = 0
code_blob_penalty = 0
scalar_block_score = 7
scalar_block_penalty = 3
text_block_score = 9
text_block_penalty = 3
template_family_id = cls:DXDXXXX|layout:scattered|fptr:0|tptr:0|align:0|preg:0|dom:1|fns:0|tns:0|scalar:low|text:low|blob:0|mirror:0
clone_family_id = layout:scattered|fptr:0|tptr:0|align:0|preg:0|dom:1|fns:0|tns:0|scalar:low|text:low|blob:0|mirror:0
template_family_size = 1
clone_penalty = 0
mirrored_penalty = 0
pointer_reward = 0
strong_structure_bonus = 0
sparse_anchor_tail_penalty = 0
anchored_fragmented_split_penalty = 0
one_sided_anchorless_split_penalty = 0
anchorless_partial_split_penalty = 0
isolated_split_penalty = 0
pointer_alignment_count = 0
pointer_region_count = 0
pointer_fields = none
pointer_cluster_count = 2
front_cluster_count = 2
tail_cluster_count = 0
front_non_singleton_cluster_count = 0
tail_non_singleton_cluster_count = 0
dominant_cluster_size = 1
cluster_layout = scattered
has_valid_anchor = false
dominant_cluster_covers_majority = false
isolated_split_like = false
tie_break_vector = final=34|family=1|pointer=0|isolated=0|blob=0|scalar=3|text=3|clone=0|mirror=0|neg=0|addr=0x3DA00BBF280
rank_reason = scalar penalty fired on float-like/scalar template; text penalty fired on little-endian ASCII/UTF16-like chunks
positive = target value matches, f08 nonzero, f08 not float-like, f18 nonzero, f18 not float-like, f20 nonzero, f20 not float-like, f68 nonzero, f68 not float-like, f70 nonzero, f70 not float-like, f78 nonzero, f78 not float-like, f58 nonzero, f58 not float-like, front metadata present, tail reference block present
negative = none

--- Candidate #10 ---
value_addr = 0x3DC0A99A2C8
base_addr  = 0x3DC0A99A2A0
f08 = 0xFFFFFD8E
f18 = 0x3E800000
f20 = 0x459C4000
f28 = 0x42C80000 (100.0)
f58 = 0x20000000
f68 = 0x41006F69
f70 = 0x41002501
f78 = 0x30771429
rank_position = 10
base_score = 40
prescore_score = 40
final_score = 34
total adjustment = -6
score = 34
hard_pass = true
flags = target_match, strong_front_block, strong_tail_block, object_like, scalar_block_like, text_block_like
score_breakdown = +10 target_match; +2 f08_nonzero; +2 f08_not_floatlike; +2 f18_nonzero; +2 f18_not_floatlike; +2 f20_nonzero; +2 f20_not_floatlike; +2 f68_nonzero; +2 f68_not_floatlike; +2 f70_nonzero; +2 f70_not_floatlike; +2 f78_nonzero; +2 f78_not_floatlike; +3 f58_nonzero; +2 f58_not_floatlike; +1 legacy_pointer_balanced_compat; -3 scalar_block_penalty; -3 text_block_penalty
code_blob_score = 0
code_blob_penalty = 0
scalar_block_score = 7
scalar_block_penalty = 3
text_block_score = 6
text_block_penalty = 3
template_family_id = cls:XDDAXXX|layout:scattered|fptr:0|tptr:0|align:1|preg:1|dom:1|fns:0|tns:0|scalar:low|text:low|blob:0|mirror:0
clone_family_id = layout:scattered|fptr:0|tptr:0|align:1|preg:1|dom:1|fns:0|tns:0|scalar:low|text:low|blob:0|mirror:0
template_family_size = 1
clone_penalty = 0
mirrored_penalty = 0
pointer_reward = 0
strong_structure_bonus = 0
sparse_anchor_tail_penalty = 0
anchored_fragmented_split_penalty = 0
one_sided_anchorless_split_penalty = 0
anchorless_partial_split_penalty = 0
isolated_split_penalty = 0
pointer_alignment_count = 1
pointer_region_count = 1
pointer_fields = f58
pointer_cluster_count = 2
front_cluster_count = 2
tail_cluster_count = 0
front_non_singleton_cluster_count = 0
tail_non_singleton_cluster_count = 0
dominant_cluster_size = 1
cluster_layout = scattered
has_valid_anchor = true
dominant_cluster_covers_majority = false
isolated_split_like = false
tie_break_vector = final=34|family=1|pointer=0|isolated=0|blob=0|scalar=3|text=3|clone=0|mirror=0|neg=0|addr=0x3DC0A99A2C8
rank_reason = scalar penalty fired on float-like/scalar template; text penalty fired on little-endian ASCII/UTF16-like chunks
positive = target value matches, f08 nonzero, f08 not float-like, f18 nonzero, f18 not float-like, f20 nonzero, f20 not float-like, f68 nonzero, f68 not float-like, f70 nonzero, f70 not float-like, f78 nonzero, f78 not float-like, f58 nonzero, f58 not float-like, front metadata present, tail reference block present
negative = none

--- Candidate #11 ---
value_addr = 0x3DA07F322E8
base_addr  = 0x3DA07F322C0
f08 = 0xFFFFFFFF
f18 = 0x3C66A79F
f20 = 0x405758D7
f28 = 0x42C80000 (100.0)
f58 = 0x3C23D70A
f68 = 0x41C80000
f70 = 0x42340000
f78 = 0x42A00000
rank_position = 11
base_score = 40
prescore_score = 40
final_score = 34
total adjustment = -6
score = 34
hard_pass = true
flags = target_match, strong_front_block, strong_tail_block, object_like, scalar_block_like
score_breakdown = +10 target_match; +2 f08_nonzero; +2 f08_not_floatlike; +2 f18_nonzero; +2 f18_not_floatlike; +2 f20_nonzero; +2 f20_not_floatlike; +2 f68_nonzero; +2 f68_not_floatlike; +2 f70_nonzero; +2 f70_not_floatlike; +2 f78_nonzero; +2 f78_not_floatlike; +3 f58_nonzero; +2 f58_not_floatlike; +1 legacy_pointer_balanced_compat; -6 scalar_block_penalty
code_blob_score = 0
code_blob_penalty = 0
scalar_block_score = 11
scalar_block_penalty = 6
text_block_score = 0
text_block_penalty = 0
template_family_id = cls:XXXXDDD|layout:scattered|fptr:0|tptr:0|align:0|preg:0|dom:1|fns:0|tns:0|scalar:medium|text:0|blob:0|mirror:0
clone_family_id = layout:scattered|fptr:0|tptr:0|align:0|preg:0|dom:1|fns:0|tns:0|scalar:medium|text:0|blob:0|mirror:0
template_family_size = 1
clone_penalty = 0
mirrored_penalty = 0
pointer_reward = 0
strong_structure_bonus = 0
sparse_anchor_tail_penalty = 0
anchored_fragmented_split_penalty = 0
one_sided_anchorless_split_penalty = 0
anchorless_partial_split_penalty = 0
isolated_split_penalty = 0
pointer_alignment_count = 0
pointer_region_count = 0
pointer_fields = none
pointer_cluster_count = 3
front_cluster_count = 0
tail_cluster_count = 3
front_non_singleton_cluster_count = 0
tail_non_singleton_cluster_count = 0
dominant_cluster_size = 1
cluster_layout = scattered
has_valid_anchor = false
dominant_cluster_covers_majority = false
isolated_split_like = false
tie_break_vector = final=34|family=1|pointer=0|isolated=0|blob=0|scalar=6|text=0|clone=0|mirror=0|neg=0|addr=0x3DA07F322E8
rank_reason = scalar penalty fired on float-like/scalar template
positive = target value matches, f08 nonzero, f08 not float-like, f18 nonzero, f18 not float-like, f20 nonzero, f20 not float-like, f68 nonzero, f68 not float-like, f70 nonzero, f70 not float-like, f78 nonzero, f78 not float-like, f58 nonzero, f58 not float-like, front metadata present, tail reference block present
negative = none

--- Candidate #12 ---
value_addr = 0x3DC0999A268
base_addr  = 0x3DC0999A240
f08 = 0x00004300
f18 = 0x20340238
f20 = 0x02384100
f28 = 0x42C80000 (100.0)
f58 = 0x00204C02
f68 = 0x383C23D7
f70 = 0x00000043
f78 = 0x85A69041
rank_position = 12
base_score = 40
prescore_score = 40
final_score = 32
total adjustment = -8
score = 32
hard_pass = true
flags = target_match, strong_front_block, strong_tail_block, object_like, text_block_like, template_clone_family
score_breakdown = +10 target_match; +2 f08_nonzero; +2 f08_not_floatlike; +2 f18_nonzero; +2 f18_not_floatlike; +2 f20_nonzero; +2 f20_not_floatlike; +2 f68_nonzero; +2 f68_not_floatlike; +2 f70_nonzero; +2 f70_not_floatlike; +2 f78_nonzero; +2 f78_not_floatlike; +3 f58_nonzero; +2 f58_not_floatlike; +1 legacy_pointer_balanced_compat; -3 text_block_penalty; -5 clone_penalty
code_blob_score = 0
code_blob_penalty = 0
scalar_block_score = 3
scalar_block_penalty = 0
text_block_score = 6
text_block_penalty = 3
template_family_id = cls:XDAXXSX|layout:scattered|fptr:1|tptr:0|align:1|preg:1|dom:1|fns:0|tns:0|scalar:0|text:low|blob:0|mirror:0
clone_family_id = layout:scattered|fptr:1|tptr:0|align:1|preg:1|dom:1|fns:0|tns:0|scalar:0|text:low|blob:0|mirror:0
template_family_size = 2
clone_penalty = 5
mirrored_penalty = 0
pointer_reward = 0
strong_structure_bonus = 0
sparse_anchor_tail_penalty = 0
anchored_fragmented_split_penalty = 0
one_sided_anchorless_split_penalty = 0
anchorless_partial_split_penalty = 0
isolated_split_penalty = 0
pointer_alignment_count = 1
pointer_region_count = 1
pointer_fields = f20
pointer_cluster_count = 2
front_cluster_count = 2
tail_cluster_count = 0
front_non_singleton_cluster_count = 0
tail_non_singleton_cluster_count = 0
dominant_cluster_size = 1
cluster_layout = scattered
has_valid_anchor = true
dominant_cluster_covers_majority = false
isolated_split_like = false
tie_break_vector = final=32|family=2|pointer=0|isolated=0|blob=0|scalar=0|text=3|clone=5|mirror=0|neg=0|addr=0x3DC0999A268
rank_reason = text penalty fired on little-endian ASCII/UTF16-like chunks; family size 2 raised clone penalty on scattered pointer-poor family
positive = target value matches, f08 nonzero, f08 not float-like, f18 nonzero, f18 not float-like, f20 nonzero, f20 not float-like, f68 nonzero, f68 not float-like, f70 nonzero, f70 not float-like, f78 nonzero, f78 not float-like, f58 nonzero, f58 not float-like, front metadata present, tail reference block present
negative = none

--- Candidate #13 ---
value_addr = 0x754402B9A268
base_addr  = 0x754402B9A240
f08 = 0x00004300
f18 = 0x20340238
f20 = 0x02384100
f28 = 0x42C80000 (100.0)
f58 = 0x00204C02
f68 = 0x383C23D7
f70 = 0x00000043
f78 = 0x85A69041
rank_position = 13
base_score = 40
prescore_score = 40
final_score = 32
total adjustment = -8
score = 32
hard_pass = true
flags = target_match, strong_front_block, strong_tail_block, object_like, text_block_like, template_clone_family
score_breakdown = +10 target_match; +2 f08_nonzero; +2 f08_not_floatlike; +2 f18_nonzero; +2 f18_not_floatlike; +2 f20_nonzero; +2 f20_not_floatlike; +2 f68_nonzero; +2 f68_not_floatlike; +2 f70_nonzero; +2 f70_not_floatlike; +2 f78_nonzero; +2 f78_not_floatlike; +3 f58_nonzero; +2 f58_not_floatlike; +1 legacy_pointer_balanced_compat; -3 text_block_penalty; -5 clone_penalty
code_blob_score = 0
code_blob_penalty = 0
scalar_block_score = 3
scalar_block_penalty = 0
text_block_score = 6
text_block_penalty = 3
template_family_id = cls:XDAXXSX|layout:scattered|fptr:1|tptr:0|align:1|preg:1|dom:1|fns:0|tns:0|scalar:0|text:low|blob:0|mirror:0
clone_family_id = layout:scattered|fptr:1|tptr:0|align:1|preg:1|dom:1|fns:0|tns:0|scalar:0|text:low|blob:0|mirror:0
template_family_size = 2
clone_penalty = 5
mirrored_penalty = 0
pointer_reward = 0
strong_structure_bonus = 0
sparse_anchor_tail_penalty = 0
anchored_fragmented_split_penalty = 0
one_sided_anchorless_split_penalty = 0
anchorless_partial_split_penalty = 0
isolated_split_penalty = 0
pointer_alignment_count = 1
pointer_region_count = 1
pointer_fields = f20
pointer_cluster_count = 2
front_cluster_count = 2
tail_cluster_count = 0
front_non_singleton_cluster_count = 0
tail_non_singleton_cluster_count = 0
dominant_cluster_size = 1
cluster_layout = scattered
has_valid_anchor = true
dominant_cluster_covers_majority = false
isolated_split_like = false
tie_break_vector = final=32|family=2|pointer=0|isolated=0|blob=0|scalar=0|text=3|clone=5|mirror=0|neg=0|addr=0x754402B9A268
rank_reason = text penalty fired on little-endian ASCII/UTF16-like chunks; family size 2 raised clone penalty on scattered pointer-poor family
positive = target value matches, f08 nonzero, f08 not float-like, f18 nonzero, f18 not float-like, f20 nonzero, f20 not float-like, f68 nonzero, f68 not float-like, f70 nonzero, f70 not float-like, f78 nonzero, f78 not float-like, f58 nonzero, f58 not float-like, front metadata present, tail reference block present
negative = none

--- Candidate #14 ---
value_addr = 0x3DA06D2B1DC
base_addr  = 0x3DA06D2B1B4
f08 = 0xBE0A1EE1
f18 = 0x3E0A1DA8
f20 = 0x42BC970E
f28 = 0x42C80000 (100.0)
f58 = 0xC2834E48
f68 = 0xC14BA99A
f70 = 0xBF5E4311
f78 = 0xC096C14F
rank_position = 14
base_score = 40
prescore_score = 40
final_score = 32
total adjustment = -8
score = 32
hard_pass = true
flags = target_match, strong_front_block, strong_tail_block, object_like, scalar_block_like, template_clone_family
score_breakdown = +10 target_match; +2 f08_nonzero; +2 f08_not_floatlike; +2 f18_nonzero; +2 f18_not_floatlike; +2 f20_nonzero; +2 f20_not_floatlike; +2 f68_nonzero; +2 f68_not_floatlike; +2 f70_nonzero; +2 f70_not_floatlike; +2 f78_nonzero; +2 f78_not_floatlike; +3 f58_nonzero; +2 f58_not_floatlike; +1 legacy_pointer_balanced_compat; -3 scalar_block_penalty; -5 clone_penalty
code_blob_score = 0
code_blob_penalty = 0
scalar_block_score = 7
scalar_block_penalty = 3
text_block_score = 0
text_block_penalty = 0
template_family_id = cls:XDXDXXX|layout:scattered|fptr:0|tptr:0|align:0|preg:0|dom:1|fns:0|tns:0|scalar:low|text:0|blob:0|mirror:0
clone_family_id = layout:scattered|fptr:0|tptr:0|align:0|preg:0|dom:1|fns:0|tns:0|scalar:low|text:0|blob:0|mirror:0
template_family_size = 2
clone_penalty = 5
mirrored_penalty = 0
pointer_reward = 0
strong_structure_bonus = 0
sparse_anchor_tail_penalty = 0
anchored_fragmented_split_penalty = 0
one_sided_anchorless_split_penalty = 0
anchorless_partial_split_penalty = 0
isolated_split_penalty = 0
pointer_alignment_count = 0
pointer_region_count = 0
pointer_fields = none
pointer_cluster_count = 1
front_cluster_count = 1
tail_cluster_count = 0
front_non_singleton_cluster_count = 0
tail_non_singleton_cluster_count = 0
dominant_cluster_size = 1
cluster_layout = scattered
has_valid_anchor = false
dominant_cluster_covers_majority = false
isolated_split_like = false
tie_break_vector = final=32|family=2|pointer=0|isolated=0|blob=0|scalar=3|text=0|clone=5|mirror=0|neg=0|addr=0x3DA06D2B1DC
rank_reason = scalar penalty fired on float-like/scalar template; family size 2 raised clone penalty on scattered pointer-poor family
positive = target value matches, f08 nonzero, f08 not float-like, f18 nonzero, f18 not float-like, f20 nonzero, f20 not float-like, f68 nonzero, f68 not float-like, f70 nonzero, f70 not float-like, f78 nonzero, f78 not float-like, f58 nonzero, f58 not float-like, front metadata present, tail reference block present
negative = none

--- Candidate #15 ---
value_addr = 0x3DA07599870
base_addr  = 0x3DA07599848
f08 = 0x3DE6442B
f18 = 0xBB004244
f20 = 0x43D90000
f28 = 0x42C80000 (100.0)
f58 = 0x3F3612A3
f68 = 0xBF5CF372
f70 = 0xC094D3CA
f78 = 0xBDFF751D
rank_position = 15
base_score = 40
prescore_score = 40
final_score = 32
total adjustment = -8
score = 32
hard_pass = true
flags = target_match, strong_front_block, strong_tail_block, object_like, scalar_block_like, template_clone_family
score_breakdown = +10 target_match; +2 f08_nonzero; +2 f08_not_floatlike; +2 f18_nonzero; +2 f18_not_floatlike; +2 f20_nonzero; +2 f20_not_floatlike; +2 f68_nonzero; +2 f68_not_floatlike; +2 f70_nonzero; +2 f70_not_floatlike; +2 f78_nonzero; +2 f78_not_floatlike; +3 f58_nonzero; +2 f58_not_floatlike; +1 legacy_pointer_balanced_compat; -3 scalar_block_penalty; -5 clone_penalty
code_blob_score = 0
code_blob_penalty = 0
scalar_block_score = 7
scalar_block_penalty = 3
text_block_score = 0
text_block_penalty = 0
template_family_id = cls:XDDXXXX|layout:scattered|fptr:0|tptr:0|align:0|preg:0|dom:1|fns:0|tns:0|scalar:low|text:0|blob:0|mirror:0
clone_family_id = layout:scattered|fptr:0|tptr:0|align:0|preg:0|dom:1|fns:0|tns:0|scalar:low|text:0|blob:0|mirror:0
template_family_size = 2
clone_penalty = 5
mirrored_penalty = 0
pointer_reward = 0
strong_structure_bonus = 0
sparse_anchor_tail_penalty = 0
anchored_fragmented_split_penalty = 0
one_sided_anchorless_split_penalty = 0
anchorless_partial_split_penalty = 0
isolated_split_penalty = 0
pointer_alignment_count = 0
pointer_region_count = 0
pointer_fields = none
pointer_cluster_count = 2
front_cluster_count = 2
tail_cluster_count = 0
front_non_singleton_cluster_count = 0
tail_non_singleton_cluster_count = 0
dominant_cluster_size = 1
cluster_layout = scattered
has_valid_anchor = false
dominant_cluster_covers_majority = false
isolated_split_like = false
tie_break_vector = final=32|family=2|pointer=0|isolated=0|blob=0|scalar=3|text=0|clone=5|mirror=0|neg=0|addr=0x3DA07599870
rank_reason = scalar penalty fired on float-like/scalar template; family size 2 raised clone penalty on scattered pointer-poor family
positive = target value matches, f08 nonzero, f08 not float-like, f18 nonzero, f18 not float-like, f20 nonzero, f20 not float-like, f68 nonzero, f68 not float-like, f70 nonzero, f70 not float-like, f78 nonzero, f78 not float-like, f58 nonzero, f58 not float-like, front metadata present, tail reference block present
negative = none

--- Candidate #16 ---
value_addr = 0x3DA06CD6160
base_addr  = 0x3DA06CD6138
f08 = 0x3B323367
f18 = 0xBB323240
f20 = 0x3F7DA8E6
f28 = 0x42C80000 (100.0)
f58 = 0xBF4C33B9
f68 = 0xBF35D006
f70 = 0x3AA5833B
f78 = 0xBEFE0C25
rank_position = 16
base_score = 40
prescore_score = 40
final_score = 32
total adjustment = -8
score = 32
hard_pass = true
flags = target_match, strong_front_block, strong_tail_block, object_like, text_block_like, template_clone_family
score_breakdown = +10 target_match; +2 f08_nonzero; +2 f08_not_floatlike; +2 f18_nonzero; +2 f18_not_floatlike; +2 f20_nonzero; +2 f20_not_floatlike; +2 f68_nonzero; +2 f68_not_floatlike; +2 f70_nonzero; +2 f70_not_floatlike; +2 f78_nonzero; +2 f78_not_floatlike; +3 f58_nonzero; +2 f58_not_floatlike; +1 legacy_pointer_balanced_compat; -3 text_block_penalty; -5 clone_penalty
code_blob_score = 0
code_blob_penalty = 0
scalar_block_score = 5
scalar_block_penalty = 0
text_block_score = 9
text_block_penalty = 3
template_family_id = cls:XDXXXXX|layout:scattered|fptr:0|tptr:0|align:0|preg:0|dom:1|fns:0|tns:0|scalar:0|text:low|blob:0|mirror:0
clone_family_id = layout:scattered|fptr:0|tptr:0|align:0|preg:0|dom:1|fns:0|tns:0|scalar:0|text:low|blob:0|mirror:0
template_family_size = 3
clone_penalty = 5
mirrored_penalty = 0
pointer_reward = 0
strong_structure_bonus = 0
sparse_anchor_tail_penalty = 0
anchored_fragmented_split_penalty = 0
one_sided_anchorless_split_penalty = 0
anchorless_partial_split_penalty = 0
isolated_split_penalty = 0
pointer_alignment_count = 0
pointer_region_count = 0
pointer_fields = none
pointer_cluster_count = 1
front_cluster_count = 1
tail_cluster_count = 0
front_non_singleton_cluster_count = 0
tail_non_singleton_cluster_count = 0
dominant_cluster_size = 1
cluster_layout = scattered
has_valid_anchor = false
dominant_cluster_covers_majority = false
isolated_split_like = false
tie_break_vector = final=32|family=3|pointer=0|isolated=0|blob=0|scalar=0|text=3|clone=5|mirror=0|neg=0|addr=0x3DA06CD6160
rank_reason = text penalty fired on little-endian ASCII/UTF16-like chunks; family size 3 raised clone penalty on scattered pointer-poor family
positive = target value matches, f08 nonzero, f08 not float-like, f18 nonzero, f18 not float-like, f20 nonzero, f20 not float-like, f68 nonzero, f68 not float-like, f70 nonzero, f70 not float-like, f78 nonzero, f78 not float-like, f58 nonzero, f58 not float-like, front metadata present, tail reference block present
negative = none

--- Candidate #17 ---
value_addr = 0x3DC098A5910
base_addr  = 0x3DC098A58E8
f08 = 0x21751F41
f18 = 0x741F415D
f20 = 0x019C2002
f28 = 0x42C80000 (100.0)
f58 = 0x4300022A
f68 = 0x367101DB
f70 = 0x041A2001
f78 = 0x01E12005
rank_position = 17
base_score = 40
prescore_score = 40
final_score = 32
total adjustment = -8
score = 32
hard_pass = true
flags = target_match, strong_front_block, strong_tail_block, object_like, text_block_like, template_clone_family
score_breakdown = +10 target_match; +2 f08_nonzero; +2 f08_not_floatlike; +2 f18_nonzero; +2 f18_not_floatlike; +2 f20_nonzero; +2 f20_not_floatlike; +2 f68_nonzero; +2 f68_not_floatlike; +2 f70_nonzero; +2 f70_not_floatlike; +2 f78_nonzero; +2 f78_not_floatlike; +3 f58_nonzero; +2 f58_not_floatlike; +1 legacy_pointer_balanced_compat; -3 text_block_penalty; -5 clone_penalty
code_blob_score = 0
code_blob_penalty = 0
scalar_block_score = 3
scalar_block_penalty = 0
text_block_score = 9
text_block_penalty = 3
template_family_id = cls:XXXXXXX|layout:scattered|fptr:0|tptr:0|align:0|preg:0|dom:1|fns:0|tns:0|scalar:0|text:low|blob:0|mirror:0
clone_family_id = layout:scattered|fptr:0|tptr:0|align:0|preg:0|dom:1|fns:0|tns:0|scalar:0|text:low|blob:0|mirror:0
template_family_size = 3
clone_penalty = 5
mirrored_penalty = 0
pointer_reward = 0
strong_structure_bonus = 0
sparse_anchor_tail_penalty = 0
anchored_fragmented_split_penalty = 0
one_sided_anchorless_split_penalty = 0
anchorless_partial_split_penalty = 0
isolated_split_penalty = 0
pointer_alignment_count = 0
pointer_region_count = 0
pointer_fields = none
pointer_cluster_count = 0
front_cluster_count = 0
tail_cluster_count = 0
front_non_singleton_cluster_count = 0
tail_non_singleton_cluster_count = 0
dominant_cluster_size = 0
cluster_layout = scattered
has_valid_anchor = false
dominant_cluster_covers_majority = false
isolated_split_like = false
tie_break_vector = final=32|family=3|pointer=0|isolated=0|blob=0|scalar=0|text=3|clone=5|mirror=0|neg=0|addr=0x3DC098A5910
rank_reason = text penalty fired on little-endian ASCII/UTF16-like chunks; family size 3 raised clone penalty on scattered pointer-poor family
positive = target value matches, f08 nonzero, f08 not float-like, f18 nonzero, f18 not float-like, f20 nonzero, f20 not float-like, f68 nonzero, f68 not float-like, f70 nonzero, f70 not float-like, f78 nonzero, f78 not float-like, f58 nonzero, f58 not float-like, front metadata present, tail reference block present
negative = none

--- Candidate #18 ---
value_addr = 0x754402AA5910
base_addr  = 0x754402AA58E8
f08 = 0x21751F41
f18 = 0x741F415D
f20 = 0x019C2002
f28 = 0x42C80000 (100.0)
f58 = 0x4300022A
f68 = 0x367101DB
f70 = 0x041A2001
f78 = 0x01E12005
rank_position = 18
base_score = 40
prescore_score = 40
final_score = 32
total adjustment = -8
score = 32
hard_pass = true
flags = target_match, strong_front_block, strong_tail_block, object_like, text_block_like, template_clone_family
score_breakdown = +10 target_match; +2 f08_nonzero; +2 f08_not_floatlike; +2 f18_nonzero; +2 f18_not_floatlike; +2 f20_nonzero; +2 f20_not_floatlike; +2 f68_nonzero; +2 f68_not_floatlike; +2 f70_nonzero; +2 f70_not_floatlike; +2 f78_nonzero; +2 f78_not_floatlike; +3 f58_nonzero; +2 f58_not_floatlike; +1 legacy_pointer_balanced_compat; -3 text_block_penalty; -5 clone_penalty
code_blob_score = 0
code_blob_penalty = 0
scalar_block_score = 3
scalar_block_penalty = 0
text_block_score = 9
text_block_penalty = 3
template_family_id = cls:XXXXXXX|layout:scattered|fptr:0|tptr:0|align:0|preg:0|dom:1|fns:0|tns:0|scalar:0|text:low|blob:0|mirror:0
clone_family_id = layout:scattered|fptr:0|tptr:0|align:0|preg:0|dom:1|fns:0|tns:0|scalar:0|text:low|blob:0|mirror:0
template_family_size = 3
clone_penalty = 5
mirrored_penalty = 0
pointer_reward = 0
strong_structure_bonus = 0
sparse_anchor_tail_penalty = 0
anchored_fragmented_split_penalty = 0
one_sided_anchorless_split_penalty = 0
anchorless_partial_split_penalty = 0
isolated_split_penalty = 0
pointer_alignment_count = 0
pointer_region_count = 0
pointer_fields = none
pointer_cluster_count = 0
front_cluster_count = 0
tail_cluster_count = 0
front_non_singleton_cluster_count = 0
tail_non_singleton_cluster_count = 0
dominant_cluster_size = 0
cluster_layout = scattered
has_valid_anchor = false
dominant_cluster_covers_majority = false
isolated_split_like = false
tie_break_vector = final=32|family=3|pointer=0|isolated=0|blob=0|scalar=0|text=3|clone=5|mirror=0|neg=0|addr=0x754402AA5910
rank_reason = text penalty fired on little-endian ASCII/UTF16-like chunks; family size 3 raised clone penalty on scattered pointer-poor family
positive = target value matches, f08 nonzero, f08 not float-like, f18 nonzero, f18 not float-like, f20 nonzero, f20 not float-like, f68 nonzero, f68 not float-like, f70 nonzero, f70 not float-like, f78 nonzero, f78 not float-like, f58 nonzero, f58 not float-like, front metadata present, tail reference block present
negative = none

--- Candidate #19 ---
value_addr = 0x3DA00C67848
base_addr  = 0x3DA00C67820
f08 = 0x43C7FFFF
f18 = 0x4261E821
f20 = 0xC261E821
f28 = 0x42C80000 (100.0)
f58 = 0xC2C7FFFF
f68 = 0x42C7FFFF
f70 = 0xC2C7FFFF
f78 = 0xC287FFFF
rank_position = 19
base_score = 40
prescore_score = 40
final_score = 32
total adjustment = -8
score = 32
hard_pass = true
flags = target_match, strong_front_block, strong_tail_block, object_like, template_clone_family
score_breakdown = +10 target_match; +2 f08_nonzero; +2 f08_not_floatlike; +2 f18_nonzero; +2 f18_not_floatlike; +2 f20_nonzero; +2 f20_not_floatlike; +2 f68_nonzero; +2 f68_not_floatlike; +2 f70_nonzero; +2 f70_not_floatlike; +2 f78_nonzero; +2 f78_not_floatlike; +3 f58_nonzero; +2 f58_not_floatlike; +1 legacy_pointer_balanced_compat; -8 clone_penalty
code_blob_score = 0
code_blob_penalty = 0
scalar_block_score = 3
scalar_block_penalty = 0
text_block_score = 0
text_block_penalty = 0
template_family_id = cls:XXXXXXX|layout:scattered|fptr:0|tptr:0|align:0|preg:0|dom:1|fns:0|tns:0|scalar:0|text:0|blob:0|mirror:0
clone_family_id = layout:scattered|fptr:0|tptr:0|align:0|preg:0|dom:1|fns:0|tns:0|scalar:0|text:0|blob:0|mirror:0
template_family_size = 5
clone_penalty = 8
mirrored_penalty = 0
pointer_reward = 0
strong_structure_bonus = 0
sparse_anchor_tail_penalty = 0
anchored_fragmented_split_penalty = 0
one_sided_anchorless_split_penalty = 0
anchorless_partial_split_penalty = 0
isolated_split_penalty = 0
pointer_alignment_count = 0
pointer_region_count = 0
pointer_fields = none
pointer_cluster_count = 0
front_cluster_count = 0
tail_cluster_count = 0
front_non_singleton_cluster_count = 0
tail_non_singleton_cluster_count = 0
dominant_cluster_size = 0
cluster_layout = scattered
has_valid_anchor = false
dominant_cluster_covers_majority = false
isolated_split_like = false
tie_break_vector = final=32|family=5|pointer=0|isolated=0|blob=0|scalar=0|text=0|clone=8|mirror=0|neg=0|addr=0x3DA00C67848
rank_reason = family size 5 raised clone penalty on scattered pointer-poor family
positive = target value matches, f08 nonzero, f08 not float-like, f18 nonzero, f18 not float-like, f20 nonzero, f20 not float-like, f68 nonzero, f68 not float-like, f70 nonzero, f70 not float-like, f78 nonzero, f78 not float-like, f58 nonzero, f58 not float-like, front metadata present, tail reference block present
negative = none

--- Candidate #20 ---
value_addr = 0x3DA06BD095C
base_addr  = 0x3DA06BD0934
f08 = 0xBE0A1EE1
f18 = 0x3E0A1DA8
f20 = 0x42BC970E
f28 = 0x42C80000 (100.0)
f58 = 0xC2834A31
f68 = 0xC14E803B
f70 = 0xBF5E4355
f78 = 0xC0911411
rank_position = 20
base_score = 40
prescore_score = 40
final_score = 32
total adjustment = -8
score = 32
hard_pass = true
flags = target_match, strong_front_block, strong_tail_block, object_like, template_clone_family
score_breakdown = +10 target_match; +2 f08_nonzero; +2 f08_not_floatlike; +2 f18_nonzero; +2 f18_not_floatlike; +2 f20_nonzero; +2 f20_not_floatlike; +2 f68_nonzero; +2 f68_not_floatlike; +2 f70_nonzero; +2 f70_not_floatlike; +2 f78_nonzero; +2 f78_not_floatlike; +3 f58_nonzero; +2 f58_not_floatlike; +1 legacy_pointer_balanced_compat; -8 clone_penalty
code_blob_score = 0
code_blob_penalty = 0
scalar_block_score = 5
scalar_block_penalty = 0
text_block_score = 0
text_block_penalty = 0
template_family_id = cls:XDXXXXX|layout:scattered|fptr:0|tptr:0|align:0|preg:0|dom:1|fns:0|tns:0|scalar:0|text:0|blob:0|mirror:0
clone_family_id = layout:scattered|fptr:0|tptr:0|align:0|preg:0|dom:1|fns:0|tns:0|scalar:0|text:0|blob:0|mirror:0
template_family_size = 5
clone_penalty = 8
mirrored_penalty = 0
pointer_reward = 0
strong_structure_bonus = 0
sparse_anchor_tail_penalty = 0
anchored_fragmented_split_penalty = 0
one_sided_anchorless_split_penalty = 0
anchorless_partial_split_penalty = 0
isolated_split_penalty = 0
pointer_alignment_count = 0
pointer_region_count = 0
pointer_fields = none
pointer_cluster_count = 1
front_cluster_count = 1
tail_cluster_count = 0
front_non_singleton_cluster_count = 0
tail_non_singleton_cluster_count = 0
dominant_cluster_size = 1
cluster_layout = scattered
has_valid_anchor = false
dominant_cluster_covers_majority = false
isolated_split_like = false
tie_break_vector = final=32|family=5|pointer=0|isolated=0|blob=0|scalar=0|text=0|clone=8|mirror=0|neg=0|addr=0x3DA06BD095C
rank_reason = family size 5 raised clone penalty on scattered pointer-poor family
positive = target value matches, f08 nonzero, f08 not float-like, f18 nonzero, f18 not float-like, f20 nonzero, f20 not float-like, f68 nonzero, f68 not float-like, f70 nonzero, f70 not float-like, f78 nonzero, f78 not float-like, f58 nonzero, f58 not float-like, front metadata present, tail reference block present
negative = none

--- Candidate #21 ---
value_addr = 0x3DA06D2B8E4
base_addr  = 0x3DA06D2B8BC
f08 = 0xBE0A1EE2
f18 = 0x3E0A1DA8
f20 = 0x42BC970E
f28 = 0x42C80000 (100.0)
f58 = 0xC2834BE6
f68 = 0xC14D5292
f70 = 0xBF5E4346
f78 = 0xC0936F5F
rank_position = 21
base_score = 40
prescore_score = 40
final_score = 32
total adjustment = -8
score = 32
hard_pass = true
flags = target_match, strong_front_block, strong_tail_block, object_like, template_clone_family
score_breakdown = +10 target_match; +2 f08_nonzero; +2 f08_not_floatlike; +2 f18_nonzero; +2 f18_not_floatlike; +2 f20_nonzero; +2 f20_not_floatlike; +2 f68_nonzero; +2 f68_not_floatlike; +2 f70_nonzero; +2 f70_not_floatlike; +2 f78_nonzero; +2 f78_not_floatlike; +3 f58_nonzero; +2 f58_not_floatlike; +1 legacy_pointer_balanced_compat; -8 clone_penalty
code_blob_score = 0
code_blob_penalty = 0
scalar_block_score = 5
scalar_block_penalty = 0
text_block_score = 0
text_block_penalty = 0
template_family_id = cls:XDXXXXX|layout:scattered|fptr:0|tptr:0|align:0|preg:0|dom:1|fns:0|tns:0|scalar:0|text:0|blob:0|mirror:0
clone_family_id = layout:scattered|fptr:0|tptr:0|align:0|preg:0|dom:1|fns:0|tns:0|scalar:0|text:0|blob:0|mirror:0
template_family_size = 5
clone_penalty = 8
mirrored_penalty = 0
pointer_reward = 0
strong_structure_bonus = 0
sparse_anchor_tail_penalty = 0
anchored_fragmented_split_penalty = 0
one_sided_anchorless_split_penalty = 0
anchorless_partial_split_penalty = 0
isolated_split_penalty = 0
pointer_alignment_count = 0
pointer_region_count = 0
pointer_fields = none
pointer_cluster_count = 1
front_cluster_count = 1
tail_cluster_count = 0
front_non_singleton_cluster_count = 0
tail_non_singleton_cluster_count = 0
dominant_cluster_size = 1
cluster_layout = scattered
has_valid_anchor = false
dominant_cluster_covers_majority = false
isolated_split_like = false
tie_break_vector = final=32|family=5|pointer=0|isolated=0|blob=0|scalar=0|text=0|clone=8|mirror=0|neg=0|addr=0x3DA06D2B8E4
rank_reason = family size 5 raised clone penalty on scattered pointer-poor family
positive = target value matches, f08 nonzero, f08 not float-like, f18 nonzero, f18 not float-like, f20 nonzero, f20 not float-like, f68 nonzero, f68 not float-like, f70 nonzero, f70 not float-like, f78 nonzero, f78 not float-like, f58 nonzero, f58 not float-like, front metadata present, tail reference block present
negative = none

--- Candidate #22 ---
value_addr = 0x3DC0A46E904
base_addr  = 0x3DC0A46E8DC
f08 = 0x8A100002
f18 = 0x4101200B
f20 = 0x03370042
f28 = 0x42C80000 (100.0)
f58 = 0x6B404100
f68 = 0x00022801
f70 = 0x804101BA
f78 = 0x02280320
rank_position = 22
base_score = 40
prescore_score = 40
final_score = 32
total adjustment = -8
score = 32
hard_pass = true
flags = target_match, strong_front_block, strong_tail_block, object_like, template_clone_family
score_breakdown = +10 target_match; +2 f08_nonzero; +2 f08_not_floatlike; +2 f18_nonzero; +2 f18_not_floatlike; +2 f20_nonzero; +2 f20_not_floatlike; +2 f68_nonzero; +2 f68_not_floatlike; +2 f70_nonzero; +2 f70_not_floatlike; +2 f78_nonzero; +2 f78_not_floatlike; +3 f58_nonzero; +2 f58_not_floatlike; +1 legacy_pointer_balanced_compat; -8 clone_penalty
code_blob_score = 0
code_blob_penalty = 0
scalar_block_score = 3
scalar_block_penalty = 0
text_block_score = 0
text_block_penalty = 0
template_family_id = cls:XXXDXXD|layout:scattered|fptr:0|tptr:0|align:0|preg:0|dom:1|fns:0|tns:0|scalar:0|text:0|blob:0|mirror:0
clone_family_id = layout:scattered|fptr:0|tptr:0|align:0|preg:0|dom:1|fns:0|tns:0|scalar:0|text:0|blob:0|mirror:0
template_family_size = 5
clone_penalty = 8
mirrored_penalty = 0
pointer_reward = 0
strong_structure_bonus = 0
sparse_anchor_tail_penalty = 0
anchored_fragmented_split_penalty = 0
one_sided_anchorless_split_penalty = 0
anchorless_partial_split_penalty = 0
isolated_split_penalty = 0
pointer_alignment_count = 0
pointer_region_count = 0
pointer_fields = none
pointer_cluster_count = 1
front_cluster_count = 0
tail_cluster_count = 1
front_non_singleton_cluster_count = 0
tail_non_singleton_cluster_count = 0
dominant_cluster_size = 1
cluster_layout = scattered
has_valid_anchor = false
dominant_cluster_covers_majority = false
isolated_split_like = false
tie_break_vector = final=32|family=5|pointer=0|isolated=0|blob=0|scalar=0|text=0|clone=8|mirror=0|neg=0|addr=0x3DC0A46E904
rank_reason = family size 5 raised clone penalty on scattered pointer-poor family
positive = target value matches, f08 nonzero, f08 not float-like, f18 nonzero, f18 not float-like, f20 nonzero, f20 not float-like, f68 nonzero, f68 not float-like, f70 nonzero, f70 not float-like, f78 nonzero, f78 not float-like, f58 nonzero, f58 not float-like, front metadata present, tail reference block present
negative = none

--- Candidate #23 ---
value_addr = 0xB3A0B5EE998
base_addr  = 0xB3A0B5EE970
f08 = 0xC80000BA
f18 = 0xFAC5FFFF
f20 = 0xF2C5FFFF
f28 = 0x42C80000 (100.0)
f58 = 0xC5FFFFFD
f68 = 0x11FAC502
f70 = 0x35BA41FF
f78 = 0xC26E79C1
rank_position = 23
base_score = 40
prescore_score = 40
final_score = 32
total adjustment = -8
score = 32
hard_pass = true
flags = target_match, strong_front_block, strong_tail_block, object_like, template_clone_family
score_breakdown = +10 target_match; +2 f08_nonzero; +2 f08_not_floatlike; +2 f18_nonzero; +2 f18_not_floatlike; +2 f20_nonzero; +2 f20_not_floatlike; +2 f68_nonzero; +2 f68_not_floatlike; +2 f70_nonzero; +2 f70_not_floatlike; +2 f78_nonzero; +2 f78_not_floatlike; +3 f58_nonzero; +2 f58_not_floatlike; +1 legacy_pointer_balanced_compat; -8 clone_penalty
code_blob_score = 0
code_blob_penalty = 0
scalar_block_score = 3
scalar_block_penalty = 0
text_block_score = 0
text_block_penalty = 0
template_family_id = cls:XXXXXXX|layout:scattered|fptr:0|tptr:0|align:0|preg:0|dom:1|fns:0|tns:0|scalar:0|text:0|blob:0|mirror:0
clone_family_id = layout:scattered|fptr:0|tptr:0|align:0|preg:0|dom:1|fns:0|tns:0|scalar:0|text:0|blob:0|mirror:0
template_family_size = 5
clone_penalty = 8
mirrored_penalty = 0
pointer_reward = 0
strong_structure_bonus = 0
sparse_anchor_tail_penalty = 0
anchored_fragmented_split_penalty = 0
one_sided_anchorless_split_penalty = 0
anchorless_partial_split_penalty = 0
isolated_split_penalty = 0
pointer_alignment_count = 0
pointer_region_count = 0
pointer_fields = none
pointer_cluster_count = 0
front_cluster_count = 0
tail_cluster_count = 0
front_non_singleton_cluster_count = 0
tail_non_singleton_cluster_count = 0
dominant_cluster_size = 0
cluster_layout = scattered
has_valid_anchor = false
dominant_cluster_covers_majority = false
isolated_split_like = false
tie_break_vector = final=32|family=5|pointer=0|isolated=0|blob=0|scalar=0|text=0|clone=8|mirror=0|neg=0|addr=0xB3A0B5EE998
rank_reason = family size 5 raised clone penalty on scattered pointer-poor family
positive = target value matches, f08 nonzero, f08 not float-like, f18 nonzero, f18 not float-like, f20 nonzero, f20 not float-like, f68 nonzero, f68 not float-like, f70 nonzero, f70 not float-like, f78 nonzero, f78 not float-like, f58 nonzero, f58 not float-like, front metadata present, tail reference block present
negative = none

--- Candidate #24 ---
value_addr = 0x3DA068DE1FC
base_addr  = 0x3DA068DE1D4
f08 = 0x3DE0000E
f18 = 0xBF3504F4
f20 = 0x80000000
f28 = 0x42C80000 (100.0)
f58 = 0x3D79DB23
f68 = 0x3F000001
f70 = 0x3F000000
f78 = 0x3D79DB31
rank_position = 24
base_score = 40
prescore_score = 40
final_score = 31
total adjustment = -9
score = 31
hard_pass = true
flags = target_match, strong_front_block, strong_tail_block, object_like, anchored_fragmented_split_like, text_block_like, template_clone_family
score_breakdown = +10 target_match; +2 f08_nonzero; +2 f08_not_floatlike; +2 f18_nonzero; +2 f18_not_floatlike; +2 f20_nonzero; +2 f20_not_floatlike; +2 f68_nonzero; +2 f68_not_floatlike; +2 f70_nonzero; +2 f70_not_floatlike; +2 f78_nonzero; +2 f78_not_floatlike; +3 f58_nonzero; +2 f58_not_floatlike; +1 legacy_pointer_balanced_compat; -3 anchored_fragmented_split_penalty; -3 text_block_penalty; -3 clone_penalty
code_blob_score = 0
code_blob_penalty = 0
scalar_block_score = 4
scalar_block_penalty = 0
text_block_score = 8
text_block_penalty = 3
template_family_id = cls:XPAXXPX|layout:front_tail_split|fptr:2|tptr:1|align:3+|preg:3+|dom:1|fns:0|tns:0|scalar:0|text:low|blob:0|mirror:0
clone_family_id = layout:front_tail_split|fptr:2|tptr:1|align:3+|preg:3+|dom:1|fns:0|tns:0|scalar:0|text:low|blob:0|mirror:0
template_family_size = 2
clone_penalty = 3
mirrored_penalty = 0
pointer_reward = 0
strong_structure_bonus = 0
sparse_anchor_tail_penalty = 0
anchored_fragmented_split_penalty = 3
one_sided_anchorless_split_penalty = 0
anchorless_partial_split_penalty = 0
isolated_split_penalty = 0
pointer_alignment_count = 3
pointer_region_count = 3
pointer_fields = f18, f20, f70
pointer_cluster_count = 3
front_cluster_count = 2
tail_cluster_count = 1
front_non_singleton_cluster_count = 0
tail_non_singleton_cluster_count = 0
dominant_cluster_size = 1
cluster_layout = front_tail_split
has_valid_anchor = true
dominant_cluster_covers_majority = false
isolated_split_like = false
tie_break_vector = final=31|family=2|pointer=0|isolated=0|blob=0|scalar=0|text=3|clone=3|mirror=0|neg=0|addr=0x3DA068DE1FC
rank_reason = anchored fragmented split penalty fired on singleton-only split layout despite valid anchor; text penalty fired on little-endian ASCII/UTF16-like chunks; family size 2 raised clone penalty
positive = target value matches, f08 nonzero, f08 not float-like, f18 nonzero, f18 not float-like, f20 nonzero, f20 not float-like, f68 nonzero, f68 not float-like, f70 nonzero, f70 not float-like, f78 nonzero, f78 not float-like, f58 nonzero, f58 not float-like, front metadata present, tail reference block present
negative = none

--- Candidate #25 ---
value_addr = 0x3DC0924037C
base_addr  = 0x3DC09240354
f08 = 0x00004300
f18 = 0x204C0238
f20 = 0x023842C8
f28 = 0x42C80000 (100.0)
f58 = 0x20240236
f68 = 0x23022107
f70 = 0x02200724
f78 = 0x36042200
rank_position = 25
base_score = 40
prescore_score = 40
final_score = 31
total adjustment = -9
score = 31
hard_pass = true
flags = target_match, strong_front_block, strong_tail_block, object_like, anchored_fragmented_split_like, text_block_like, template_clone_family
score_breakdown = +10 target_match; +2 f08_nonzero; +2 f08_not_floatlike; +2 f18_nonzero; +2 f18_not_floatlike; +2 f20_nonzero; +2 f20_not_floatlike; +2 f68_nonzero; +2 f68_not_floatlike; +2 f70_nonzero; +2 f70_not_floatlike; +2 f78_nonzero; +2 f78_not_floatlike; +3 f58_nonzero; +2 f58_not_floatlike; +1 legacy_pointer_balanced_compat; -3 anchored_fragmented_split_penalty; -3 text_block_penalty; -3 clone_penalty
code_blob_score = 0
code_blob_penalty = 0
scalar_block_score = 2
scalar_block_penalty = 0
text_block_score = 6
text_block_penalty = 3
template_family_id = cls:XPAXXPD|layout:front_tail_split|fptr:2|tptr:1|align:3+|preg:3+|dom:1|fns:0|tns:0|scalar:0|text:low|blob:0|mirror:0
clone_family_id = layout:front_tail_split|fptr:2|tptr:1|align:3+|preg:3+|dom:1|fns:0|tns:0|scalar:0|text:low|blob:0|mirror:0
template_family_size = 2
clone_penalty = 3
mirrored_penalty = 0
pointer_reward = 0
strong_structure_bonus = 0
sparse_anchor_tail_penalty = 0
anchored_fragmented_split_penalty = 3
one_sided_anchorless_split_penalty = 0
anchorless_partial_split_penalty = 0
isolated_split_penalty = 0
pointer_alignment_count = 3
pointer_region_count = 3
pointer_fields = f18, f20, f70
pointer_cluster_count = 4
front_cluster_count = 2
tail_cluster_count = 2
front_non_singleton_cluster_count = 0
tail_non_singleton_cluster_count = 0
dominant_cluster_size = 1
cluster_layout = front_tail_split
has_valid_anchor = true
dominant_cluster_covers_majority = false
isolated_split_like = false
tie_break_vector = final=31|family=2|pointer=0|isolated=0|blob=0|scalar=0|text=3|clone=3|mirror=0|neg=0|addr=0x3DC0924037C
rank_reason = anchored fragmented split penalty fired on singleton-only split layout despite valid anchor; text penalty fired on little-endian ASCII/UTF16-like chunks; family size 2 raised clone penalty
positive = target value matches, f08 nonzero, f08 not float-like, f18 nonzero, f18 not float-like, f20 nonzero, f20 not float-like, f68 nonzero, f68 not float-like, f70 nonzero, f70 not float-like, f78 nonzero, f78 not float-like, f58 nonzero, f58 not float-like, front metadata present, tail reference block present
negative = none

--- Candidate #26 ---
value_addr = 0x3DA06FFA868
base_addr  = 0x3DA06FFA840
f08 = 0x3B323365
f18 = 0xBB323240
f20 = 0x3F7DA8E6
f28 = 0x42C80000 (100.0)
f58 = 0xBF4C2A26
f68 = 0xBF35CFC0
f70 = 0xB949246F
f78 = 0xBEFE0CB0
rank_position = 26
base_score = 40
prescore_score = 40
final_score = 30
total adjustment = -10
score = 30
hard_pass = true
flags = target_match, strong_front_block, strong_tail_block, object_like, anchorless_partial_split_like, isolated_split_like, scalar_block_like, text_block_like
score_breakdown = +10 target_match; +2 f08_nonzero; +2 f08_not_floatlike; +2 f18_nonzero; +2 f18_not_floatlike; +2 f20_nonzero; +2 f20_not_floatlike; +2 f68_nonzero; +2 f68_not_floatlike; +2 f70_nonzero; +2 f70_not_floatlike; +2 f78_nonzero; +2 f78_not_floatlike; +3 f58_nonzero; +2 f58_not_floatlike; +1 legacy_pointer_balanced_compat; -2 anchorless_partial_split_penalty; -2 isolated_split_penalty(no_anchor_no_non_singleton_split_support); -3 scalar_block_penalty; -3 text_block_penalty
code_blob_score = 0
code_blob_penalty = 0
scalar_block_score = 6
scalar_block_penalty = 3
text_block_score = 12
text_block_penalty = 3
template_family_id = cls:XPXXPXD|layout:front_tail_split|fptr:1|tptr:1|align:2|preg:2|dom:1|fns:0|tns:0|scalar:low|text:medium|blob:0|mirror:0
clone_family_id = layout:front_tail_split|fptr:1|tptr:1|align:2|preg:2|dom:1|fns:0|tns:0|scalar:low|text:medium|blob:0|mirror:0
template_family_size = 1
clone_penalty = 0
mirrored_penalty = 0
pointer_reward = 0
strong_structure_bonus = 0
sparse_anchor_tail_penalty = 0
anchored_fragmented_split_penalty = 0
one_sided_anchorless_split_penalty = 0
anchorless_partial_split_penalty = 2
isolated_split_penalty = 2
pointer_alignment_count = 2
pointer_region_count = 2
pointer_fields = f18, f68
pointer_cluster_count = 3
front_cluster_count = 1
tail_cluster_count = 2
front_non_singleton_cluster_count = 0
tail_non_singleton_cluster_count = 0
dominant_cluster_size = 1
cluster_layout = front_tail_split
has_valid_anchor = false
dominant_cluster_covers_majority = false
isolated_split_like = true
tie_break_vector = final=30|family=1|pointer=0|isolated=2|blob=0|scalar=3|text=3|clone=0|mirror=0|neg=0|addr=0x3DA06FFA868
rank_reason = anchorless partial split penalty fired on one-sided split layout without valid anchor; isolated split penalty fired on fragmentary split layout with no valid anchor and no non-singleton split support; scalar penalty fired on float-like/scalar template; text penalty fired on little-endian ASCII/UTF16-like chunks
positive = target value matches, f08 nonzero, f08 not float-like, f18 nonzero, f18 not float-like, f20 nonzero, f20 not float-like, f68 nonzero, f68 not float-like, f70 nonzero, f70 not float-like, f78 nonzero, f78 not float-like, f58 nonzero, f58 not float-like, front metadata present, tail reference block present
negative = none

--- Candidate #27 ---
value_addr = 0x3DA06FFA8E0
base_addr  = 0x3DA06FFA8B8
f08 = 0x3B323368
f18 = 0xBB323240
f20 = 0x3F7DA8E6
f28 = 0x42C80000 (100.0)
f58 = 0xBF4C2981
f68 = 0xBF35CFBB
f70 = 0xB997B014
f78 = 0xBEFE0CB9
rank_position = 27
base_score = 40
prescore_score = 40
final_score = 30
total adjustment = -10
score = 30
hard_pass = true
flags = target_match, strong_front_block, strong_tail_block, object_like, anchorless_partial_split_like, isolated_split_like, scalar_block_like, text_block_like
score_breakdown = +10 target_match; +2 f08_nonzero; +2 f08_not_floatlike; +2 f18_nonzero; +2 f18_not_floatlike; +2 f20_nonzero; +2 f20_not_floatlike; +2 f68_nonzero; +2 f68_not_floatlike; +2 f70_nonzero; +2 f70_not_floatlike; +2 f78_nonzero; +2 f78_not_floatlike; +3 f58_nonzero; +2 f58_not_floatlike; +1 legacy_pointer_balanced_compat; -2 anchorless_partial_split_penalty; -2 isolated_split_penalty(no_anchor_no_non_singleton_split_support); -3 scalar_block_penalty; -3 text_block_penalty
code_blob_score = 0
code_blob_penalty = 0
scalar_block_score = 18
scalar_block_penalty = 3
text_block_score = 6
text_block_penalty = 3
template_family_id = cls:PDXXXPX|layout:front_tail_split|fptr:1|tptr:1|align:2|preg:2|dom:1|fns:0|tns:0|scalar:high|text:low|blob:0|mirror:0
clone_family_id = layout:front_tail_split|fptr:1|tptr:1|align:2|preg:2|dom:1|fns:0|tns:0|scalar:high|text:low|blob:0|mirror:0
template_family_size = 1
clone_penalty = 0
mirrored_penalty = 0
pointer_reward = 0
strong_structure_bonus = 0
sparse_anchor_tail_penalty = 0
anchored_fragmented_split_penalty = 0
one_sided_anchorless_split_penalty = 0
anchorless_partial_split_penalty = 2
isolated_split_penalty = 2
pointer_alignment_count = 2
pointer_region_count = 2
pointer_fields = f08, f70
pointer_cluster_count = 3
front_cluster_count = 2
tail_cluster_count = 1
front_non_singleton_cluster_count = 0
tail_non_singleton_cluster_count = 0
dominant_cluster_size = 1
cluster_layout = front_tail_split
has_valid_anchor = false
dominant_cluster_covers_majority = false
isolated_split_like = true
tie_break_vector = final=30|family=1|pointer=0|isolated=2|blob=0|scalar=3|text=3|clone=0|mirror=0|neg=0|addr=0x3DA06FFA8E0
rank_reason = anchorless partial split penalty fired on one-sided split layout without valid anchor; isolated split penalty fired on fragmentary split layout with no valid anchor and no non-singleton split support; scalar penalty fired on float-like/scalar template; text penalty fired on little-endian ASCII/UTF16-like chunks
positive = target value matches, f08 nonzero, f08 not float-like, f18 nonzero, f18 not float-like, f20 nonzero, f20 not float-like, f68 nonzero, f68 not float-like, f70 nonzero, f70 not float-like, f78 nonzero, f78 not float-like, f58 nonzero, f58 not float-like, front metadata present, tail reference block present
negative = none

--- Candidate #28 ---
value_addr = 0x3DA06CD6164
base_addr  = 0x3DA06CD613C
f08 = 0xBE0A1EE2
f18 = 0x3E0A1DA8
f20 = 0x42BC970E
f28 = 0x42C80000 (100.0)
f58 = 0xC28348F5
f68 = 0xC14F5CA4
f70 = 0xBF5E4358
f78 = 0xC08F5B38
rank_position = 28
base_score = 40
prescore_score = 40
final_score = 30
total adjustment = -10
score = 30
hard_pass = true
flags = target_match, strong_front_block, strong_tail_block, object_like, anchorless_partial_split_like, isolated_split_like, scalar_block_like, template_clone_family
score_breakdown = +10 target_match; +2 f08_nonzero; +2 f08_not_floatlike; +2 f18_nonzero; +2 f18_not_floatlike; +2 f20_nonzero; +2 f20_not_floatlike; +2 f68_nonzero; +2 f68_not_floatlike; +2 f70_nonzero; +2 f70_not_floatlike; +2 f78_nonzero; +2 f78_not_floatlike; +3 f58_nonzero; +2 f58_not_floatlike; +1 legacy_pointer_balanced_compat; -2 anchorless_partial_split_penalty; -2 isolated_split_penalty(no_anchor_no_non_singleton_split_support); -3 scalar_block_penalty; -3 clone_penalty
code_blob_score = 0
code_blob_penalty = 0
scalar_block_score = 8
scalar_block_penalty = 3
text_block_score = 0
text_block_penalty = 0
template_family_id = cls:XPXXPDD|layout:front_tail_split|fptr:1|tptr:1|align:2|preg:2|dom:1|fns:0|tns:0|scalar:low|text:0|blob:0|mirror:0
clone_family_id = layout:front_tail_split|fptr:1|tptr:1|align:2|preg:2|dom:1|fns:0|tns:0|scalar:low|text:0|blob:0|mirror:0
template_family_size = 2
clone_penalty = 3
mirrored_penalty = 0
pointer_reward = 0
strong_structure_bonus = 0
sparse_anchor_tail_penalty = 0
anchored_fragmented_split_penalty = 0
one_sided_anchorless_split_penalty = 0
anchorless_partial_split_penalty = 2
isolated_split_penalty = 2
pointer_alignment_count = 2
pointer_region_count = 2
pointer_fields = f18, f68
pointer_cluster_count = 4
front_cluster_count = 1
tail_cluster_count = 3
front_non_singleton_cluster_count = 0
tail_non_singleton_cluster_count = 0
dominant_cluster_size = 1
cluster_layout = front_tail_split
has_valid_anchor = false
dominant_cluster_covers_majority = false
isolated_split_like = true
tie_break_vector = final=30|family=2|pointer=0|isolated=2|blob=0|scalar=3|text=0|clone=3|mirror=0|neg=0|addr=0x3DA06CD6164
rank_reason = anchorless partial split penalty fired on one-sided split layout without valid anchor; isolated split penalty fired on fragmentary split layout with no valid anchor and no non-singleton split support; scalar penalty fired on float-like/scalar template; family size 2 raised clone penalty
positive = target value matches, f08 nonzero, f08 not float-like, f18 nonzero, f18 not float-like, f20 nonzero, f20 not float-like, f68 nonzero, f68 not float-like, f70 nonzero, f70 not float-like, f78 nonzero, f78 not float-like, f58 nonzero, f58 not float-like, front metadata present, tail reference block present
negative = none

--- Candidate #29 ---
value_addr = 0x3DA06CD61DC
base_addr  = 0x3DA06CD61B4
f08 = 0xBE0A1EE3
f18 = 0x3E0A1DA8
f20 = 0x42BC970E
f28 = 0x42C80000 (100.0)
f58 = 0xC28348B4
f68 = 0xC14F89A2
f70 = 0xBF5E4358
f78 = 0xC08F013F
rank_position = 29
base_score = 40
prescore_score = 40
final_score = 30
total adjustment = -10
score = 30
hard_pass = true
flags = target_match, strong_front_block, strong_tail_block, object_like, anchorless_partial_split_like, isolated_split_like, scalar_block_like, template_clone_family
score_breakdown = +10 target_match; +2 f08_nonzero; +2 f08_not_floatlike; +2 f18_nonzero; +2 f18_not_floatlike; +2 f20_nonzero; +2 f20_not_floatlike; +2 f68_nonzero; +2 f68_not_floatlike; +2 f70_nonzero; +2 f70_not_floatlike; +2 f78_nonzero; +2 f78_not_floatlike; +3 f58_nonzero; +2 f58_not_floatlike; +1 legacy_pointer_balanced_compat; -2 anchorless_partial_split_penalty; -2 isolated_split_penalty(no_anchor_no_non_singleton_split_support); -3 scalar_block_penalty; -3 clone_penalty
code_blob_score = 0
code_blob_penalty = 0
scalar_block_score = 6
scalar_block_penalty = 3
text_block_score = 0
text_block_penalty = 0
template_family_id = cls:XPXDXPX|layout:front_tail_split|fptr:1|tptr:1|align:2|preg:2|dom:1|fns:0|tns:0|scalar:low|text:0|blob:0|mirror:0
clone_family_id = layout:front_tail_split|fptr:1|tptr:1|align:2|preg:2|dom:1|fns:0|tns:0|scalar:low|text:0|blob:0|mirror:0
template_family_size = 2
clone_penalty = 3
mirrored_penalty = 0
pointer_reward = 0
strong_structure_bonus = 0
sparse_anchor_tail_penalty = 0
anchored_fragmented_split_penalty = 0
one_sided_anchorless_split_penalty = 0
anchorless_partial_split_penalty = 2
isolated_split_penalty = 2
pointer_alignment_count = 2
pointer_region_count = 2
pointer_fields = f18, f70
pointer_cluster_count = 2
front_cluster_count = 1
tail_cluster_count = 1
front_non_singleton_cluster_count = 0
tail_non_singleton_cluster_count = 0
dominant_cluster_size = 1
cluster_layout = front_tail_split
has_valid_anchor = false
dominant_cluster_covers_majority = false
isolated_split_like = true
tie_break_vector = final=30|family=2|pointer=0|isolated=2|blob=0|scalar=3|text=0|clone=3|mirror=0|neg=0|addr=0x3DA06CD61DC
rank_reason = anchorless partial split penalty fired on one-sided split layout without valid anchor; isolated split penalty fired on fragmentary split layout with no valid anchor and no non-singleton split support; scalar penalty fired on float-like/scalar template; family size 2 raised clone penalty
positive = target value matches, f08 nonzero, f08 not float-like, f18 nonzero, f18 not float-like, f20 nonzero, f20 not float-like, f68 nonzero, f68 not float-like, f70 nonzero, f70 not float-like, f78 nonzero, f78 not float-like, f58 nonzero, f58 not float-like, front metadata present, tail reference block present
negative = none

--- Candidate #30 ---
value_addr = 0x3DA00C67148
base_addr  = 0x3DA00C67120
f08 = 0x43C7FFFF
f18 = 0x4261E821
f20 = 0xC261E821
f28 = 0x42C80000 (100.0)
f58 = 0x00C670F0
f68 = 0xFFFFFFA6
f70 = 0x3BCCCCCD
f78 = 0x43200000
rank_position = 30
base_score = 40
prescore_score = 40
final_score = 28
total adjustment = -12
score = 28
hard_pass = true
flags = target_match, strong_front_block, strong_tail_block, object_like, template_clone_family
score_breakdown = +10 target_match; +2 f08_nonzero; +2 f08_not_floatlike; +2 f18_nonzero; +2 f18_not_floatlike; +2 f20_nonzero; +2 f20_not_floatlike; +2 f68_nonzero; +2 f68_not_floatlike; +2 f70_nonzero; +2 f70_not_floatlike; +2 f78_nonzero; +2 f78_not_floatlike; +3 f58_nonzero; +2 f58_not_floatlike; +1 legacy_pointer_balanced_compat; -12 clone_penalty
code_blob_score = 0
code_blob_penalty = 0
scalar_block_score = 5
scalar_block_penalty = 0
text_block_score = 0
text_block_penalty = 0
template_family_id = cls:XXXAXXD|layout:scattered|fptr:0|tptr:0|align:1|preg:1|dom:1|fns:0|tns:0|scalar:0|text:0|blob:0|mirror:0
clone_family_id = layout:scattered|fptr:0|tptr:0|align:1|preg:1|dom:1|fns:0|tns:0|scalar:0|text:0|blob:0|mirror:0
template_family_size = 8
clone_penalty = 12
mirrored_penalty = 0
pointer_reward = 0
strong_structure_bonus = 0
sparse_anchor_tail_penalty = 0
anchored_fragmented_split_penalty = 0
one_sided_anchorless_split_penalty = 0
anchorless_partial_split_penalty = 0
isolated_split_penalty = 0
pointer_alignment_count = 1
pointer_region_count = 1
pointer_fields = f58
pointer_cluster_count = 1
front_cluster_count = 0
tail_cluster_count = 1
front_non_singleton_cluster_count = 0
tail_non_singleton_cluster_count = 0
dominant_cluster_size = 1
cluster_layout = scattered
has_valid_anchor = true
dominant_cluster_covers_majority = false
isolated_split_like = false
tie_break_vector = final=28|family=8|pointer=0|isolated=0|blob=0|scalar=0|text=0|clone=12|mirror=0|neg=0|addr=0x3DA00C67148
rank_reason = family size 8 raised clone penalty on scattered pointer-poor family
positive = target value matches, f08 nonzero, f08 not float-like, f18 nonzero, f18 not float-like, f20 nonzero, f20 not float-like, f68 nonzero, f68 not float-like, f70 nonzero, f70 not float-like, f78 nonzero, f78 not float-like, f58 nonzero, f58 not float-like, front metadata present, tail reference block present
negative = none

--- Candidate #31 ---
value_addr = 0x3DA00C67268
base_addr  = 0x3DA00C67240
f08 = 0x43C7FFFF
f18 = 0x4261E821
f20 = 0xC261E821
f28 = 0x42C80000 (100.0)
f58 = 0x00C67210
f68 = 0xFFFFFFA6
f70 = 0x3BCCCCCD
f78 = 0x43200000
rank_position = 31
base_score = 40
prescore_score = 40
final_score = 28
total adjustment = -12
score = 28
hard_pass = true
flags = target_match, strong_front_block, strong_tail_block, object_like, template_clone_family
score_breakdown = +10 target_match; +2 f08_nonzero; +2 f08_not_floatlike; +2 f18_nonzero; +2 f18_not_floatlike; +2 f20_nonzero; +2 f20_not_floatlike; +2 f68_nonzero; +2 f68_not_floatlike; +2 f70_nonzero; +2 f70_not_floatlike; +2 f78_nonzero; +2 f78_not_floatlike; +3 f58_nonzero; +2 f58_not_floatlike; +1 legacy_pointer_balanced_compat; -12 clone_penalty
code_blob_score = 0
code_blob_penalty = 0
scalar_block_score = 5
scalar_block_penalty = 0
text_block_score = 0
text_block_penalty = 0
template_family_id = cls:XXXAXXD|layout:scattered|fptr:0|tptr:0|align:1|preg:1|dom:1|fns:0|tns:0|scalar:0|text:0|blob:0|mirror:0
clone_family_id = layout:scattered|fptr:0|tptr:0|align:1|preg:1|dom:1|fns:0|tns:0|scalar:0|text:0|blob:0|mirror:0
template_family_size = 8
clone_penalty = 12
mirrored_penalty = 0
pointer_reward = 0
strong_structure_bonus = 0
sparse_anchor_tail_penalty = 0
anchored_fragmented_split_penalty = 0
one_sided_anchorless_split_penalty = 0
anchorless_partial_split_penalty = 0
isolated_split_penalty = 0
pointer_alignment_count = 1
pointer_region_count = 1
pointer_fields = f58
pointer_cluster_count = 1
front_cluster_count = 0
tail_cluster_count = 1
front_non_singleton_cluster_count = 0
tail_non_singleton_cluster_count = 0
dominant_cluster_size = 1
cluster_layout = scattered
has_valid_anchor = true
dominant_cluster_covers_majority = false
isolated_split_like = false
tie_break_vector = final=28|family=8|pointer=0|isolated=0|blob=0|scalar=0|text=0|clone=12|mirror=0|neg=0|addr=0x3DA00C67268
rank_reason = family size 8 raised clone penalty on scattered pointer-poor family
positive = target value matches, f08 nonzero, f08 not float-like, f18 nonzero, f18 not float-like, f20 nonzero, f20 not float-like, f68 nonzero, f68 not float-like, f70 nonzero, f70 not float-like, f78 nonzero, f78 not float-like, f58 nonzero, f58 not float-like, front metadata present, tail reference block present
negative = none

--- Candidate #32 ---
value_addr = 0x3DA026D42DC
base_addr  = 0x3DA026D42B4
f08 = 0x00000004
f18 = 0x026D4260
f20 = 0xC2480000
f28 = 0x42C80000 (100.0)
f58 = 0xE8970000
f68 = 0x00000032
f70 = 0xABABABAB
f78 = 0x00000025
rank_position = 32
base_score = 40
prescore_score = 40
final_score = 28
total adjustment = -12
score = 28
hard_pass = true
flags = target_match, strong_front_block, strong_tail_block, object_like, template_clone_family
score_breakdown = +10 target_match; +2 f08_nonzero; +2 f08_not_floatlike; +2 f18_nonzero; +2 f18_not_floatlike; +2 f20_nonzero; +2 f20_not_floatlike; +2 f68_nonzero; +2 f68_not_floatlike; +2 f70_nonzero; +2 f70_not_floatlike; +2 f78_nonzero; +2 f78_not_floatlike; +3 f58_nonzero; +2 f58_not_floatlike; +1 legacy_pointer_balanced_compat; -12 clone_penalty
code_blob_score = 0
code_blob_penalty = 0
scalar_block_score = 5
scalar_block_penalty = 0
text_block_score = 0
text_block_penalty = 0
template_family_id = cls:SDDASXS|layout:scattered|fptr:0|tptr:0|align:1|preg:1|dom:1|fns:0|tns:0|scalar:0|text:0|blob:0|mirror:0
clone_family_id = layout:scattered|fptr:0|tptr:0|align:1|preg:1|dom:1|fns:0|tns:0|scalar:0|text:0|blob:0|mirror:0
template_family_size = 8
clone_penalty = 12
mirrored_penalty = 0
pointer_reward = 0
strong_structure_bonus = 0
sparse_anchor_tail_penalty = 0
anchored_fragmented_split_penalty = 0
one_sided_anchorless_split_penalty = 0
anchorless_partial_split_penalty = 0
isolated_split_penalty = 0
pointer_alignment_count = 1
pointer_region_count = 1
pointer_fields = f58
pointer_cluster_count = 2
front_cluster_count = 2
tail_cluster_count = 0
front_non_singleton_cluster_count = 0
tail_non_singleton_cluster_count = 0
dominant_cluster_size = 1
cluster_layout = scattered
has_valid_anchor = true
dominant_cluster_covers_majority = false
isolated_split_like = false
tie_break_vector = final=28|family=8|pointer=0|isolated=0|blob=0|scalar=0|text=0|clone=12|mirror=0|neg=0|addr=0x3DA026D42DC
rank_reason = family size 8 raised clone penalty on scattered pointer-poor family
positive = target value matches, f08 nonzero, f08 not float-like, f18 nonzero, f18 not float-like, f20 nonzero, f20 not float-like, f68 nonzero, f68 not float-like, f70 nonzero, f70 not float-like, f78 nonzero, f78 not float-like, f58 nonzero, f58 not float-like, front metadata present, tail reference block present
negative = none

--- Candidate #33 ---
value_addr = 0x3DA02753E4C
base_addr  = 0x3DA02753E24
f08 = 0x00000002
f18 = 0x02753DD0
f20 = 0xC2C80000
f28 = 0x42C80000 (100.0)
f58 = 0xAAAA0000
f68 = 0x000000F2
f70 = 0xABABABAB
f78 = 0x000001B1
rank_position = 33
base_score = 40
prescore_score = 40
final_score = 28
total adjustment = -12
score = 28
hard_pass = true
flags = target_match, strong_front_block, strong_tail_block, object_like, template_clone_family
score_breakdown = +10 target_match; +2 f08_nonzero; +2 f08_not_floatlike; +2 f18_nonzero; +2 f18_not_floatlike; +2 f20_nonzero; +2 f20_not_floatlike; +2 f68_nonzero; +2 f68_not_floatlike; +2 f70_nonzero; +2 f70_not_floatlike; +2 f78_nonzero; +2 f78_not_floatlike; +3 f58_nonzero; +2 f58_not_floatlike; +1 legacy_pointer_balanced_compat; -12 clone_penalty
code_blob_score = 0
code_blob_penalty = 0
scalar_block_score = 5
scalar_block_penalty = 0
text_block_score = 0
text_block_penalty = 0
template_family_id = cls:SDDASXS|layout:scattered|fptr:0|tptr:0|align:1|preg:1|dom:1|fns:0|tns:0|scalar:0|text:0|blob:0|mirror:0
clone_family_id = layout:scattered|fptr:0|tptr:0|align:1|preg:1|dom:1|fns:0|tns:0|scalar:0|text:0|blob:0|mirror:0
template_family_size = 8
clone_penalty = 12
mirrored_penalty = 0
pointer_reward = 0
strong_structure_bonus = 0
sparse_anchor_tail_penalty = 0
anchored_fragmented_split_penalty = 0
one_sided_anchorless_split_penalty = 0
anchorless_partial_split_penalty = 0
isolated_split_penalty = 0
pointer_alignment_count = 1
pointer_region_count = 1
pointer_fields = f58
pointer_cluster_count = 2
front_cluster_count = 2
tail_cluster_count = 0
front_non_singleton_cluster_count = 0
tail_non_singleton_cluster_count = 0
dominant_cluster_size = 1
cluster_layout = scattered
has_valid_anchor = true
dominant_cluster_covers_majority = false
isolated_split_like = false
tie_break_vector = final=28|family=8|pointer=0|isolated=0|blob=0|scalar=0|text=0|clone=12|mirror=0|neg=0|addr=0x3DA02753E4C
rank_reason = family size 8 raised clone penalty on scattered pointer-poor family
positive = target value matches, f08 nonzero, f08 not float-like, f18 nonzero, f18 not float-like, f20 nonzero, f20 not float-like, f68 nonzero, f68 not float-like, f70 nonzero, f70 not float-like, f78 nonzero, f78 not float-like, f58 nonzero, f58 not float-like, front metadata present, tail reference block present
negative = none

--- Candidate #34 ---
value_addr = 0x3DA0275550C
base_addr  = 0x3DA027554E4
f08 = 0x00000004
f18 = 0x02755490
f20 = 0xC2480000
f28 = 0x42C80000 (100.0)
f58 = 0xAAAA0000
f68 = 0x000000F2
f70 = 0xABABABAB
f78 = 0x000001B1
rank_position = 34
base_score = 40
prescore_score = 40
final_score = 28
total adjustment = -12
score = 28
hard_pass = true
flags = target_match, strong_front_block, strong_tail_block, object_like, template_clone_family
score_breakdown = +10 target_match; +2 f08_nonzero; +2 f08_not_floatlike; +2 f18_nonzero; +2 f18_not_floatlike; +2 f20_nonzero; +2 f20_not_floatlike; +2 f68_nonzero; +2 f68_not_floatlike; +2 f70_nonzero; +2 f70_not_floatlike; +2 f78_nonzero; +2 f78_not_floatlike; +3 f58_nonzero; +2 f58_not_floatlike; +1 legacy_pointer_balanced_compat; -12 clone_penalty
code_blob_score = 0
code_blob_penalty = 0
scalar_block_score = 5
scalar_block_penalty = 0
text_block_score = 0
text_block_penalty = 0
template_family_id = cls:SDDASXS|layout:scattered|fptr:0|tptr:0|align:1|preg:1|dom:1|fns:0|tns:0|scalar:0|text:0|blob:0|mirror:0
clone_family_id = layout:scattered|fptr:0|tptr:0|align:1|preg:1|dom:1|fns:0|tns:0|scalar:0|text:0|blob:0|mirror:0
template_family_size = 8
clone_penalty = 12
mirrored_penalty = 0
pointer_reward = 0
strong_structure_bonus = 0
sparse_anchor_tail_penalty = 0
anchored_fragmented_split_penalty = 0
one_sided_anchorless_split_penalty = 0
anchorless_partial_split_penalty = 0
isolated_split_penalty = 0
pointer_alignment_count = 1
pointer_region_count = 1
pointer_fields = f58
pointer_cluster_count = 2
front_cluster_count = 2
tail_cluster_count = 0
front_non_singleton_cluster_count = 0
tail_non_singleton_cluster_count = 0
dominant_cluster_size = 1
cluster_layout = scattered
has_valid_anchor = true
dominant_cluster_covers_majority = false
isolated_split_like = false
tie_break_vector = final=28|family=8|pointer=0|isolated=0|blob=0|scalar=0|text=0|clone=12|mirror=0|neg=0|addr=0x3DA0275550C
rank_reason = family size 8 raised clone penalty on scattered pointer-poor family
positive = target value matches, f08 nonzero, f08 not float-like, f18 nonzero, f18 not float-like, f20 nonzero, f20 not float-like, f68 nonzero, f68 not float-like, f70 nonzero, f70 not float-like, f78 nonzero, f78 not float-like, f58 nonzero, f58 not float-like, front metadata present, tail reference block present
negative = none

--- Candidate #35 ---
value_addr = 0x3DA02D56FCC
base_addr  = 0x3DA02D56FA4
f08 = 0x00000004
f18 = 0x02D56F50
f20 = 0xC2480000
f28 = 0x42C80000 (100.0)
f58 = 0xF73F0000
f68 = 0x000000F2
f70 = 0xABABABAB
f78 = 0x000001B1
rank_position = 35
base_score = 40
prescore_score = 40
final_score = 28
total adjustment = -12
score = 28
hard_pass = true
flags = target_match, strong_front_block, strong_tail_block, object_like, template_clone_family
score_breakdown = +10 target_match; +2 f08_nonzero; +2 f08_not_floatlike; +2 f18_nonzero; +2 f18_not_floatlike; +2 f20_nonzero; +2 f20_not_floatlike; +2 f68_nonzero; +2 f68_not_floatlike; +2 f70_nonzero; +2 f70_not_floatlike; +2 f78_nonzero; +2 f78_not_floatlike; +3 f58_nonzero; +2 f58_not_floatlike; +1 legacy_pointer_balanced_compat; -12 clone_penalty
code_blob_score = 0
code_blob_penalty = 0
scalar_block_score = 5
scalar_block_penalty = 0
text_block_score = 0
text_block_penalty = 0
template_family_id = cls:SDDASXS|layout:scattered|fptr:0|tptr:0|align:1|preg:1|dom:1|fns:0|tns:0|scalar:0|text:0|blob:0|mirror:0
clone_family_id = layout:scattered|fptr:0|tptr:0|align:1|preg:1|dom:1|fns:0|tns:0|scalar:0|text:0|blob:0|mirror:0
template_family_size = 8
clone_penalty = 12
mirrored_penalty = 0
pointer_reward = 0
strong_structure_bonus = 0
sparse_anchor_tail_penalty = 0
anchored_fragmented_split_penalty = 0
one_sided_anchorless_split_penalty = 0
anchorless_partial_split_penalty = 0
isolated_split_penalty = 0
pointer_alignment_count = 1
pointer_region_count = 1
pointer_fields = f58
pointer_cluster_count = 2
front_cluster_count = 2
tail_cluster_count = 0
front_non_singleton_cluster_count = 0
tail_non_singleton_cluster_count = 0
dominant_cluster_size = 1
cluster_layout = scattered
has_valid_anchor = true
dominant_cluster_covers_majority = false
isolated_split_like = false
tie_break_vector = final=28|family=8|pointer=0|isolated=0|blob=0|scalar=0|text=0|clone=12|mirror=0|neg=0|addr=0x3DA02D56FCC
rank_reason = family size 8 raised clone penalty on scattered pointer-poor family
positive = target value matches, f08 nonzero, f08 not float-like, f18 nonzero, f18 not float-like, f20 nonzero, f20 not float-like, f68 nonzero, f68 not float-like, f70 nonzero, f70 not float-like, f78 nonzero, f78 not float-like, f58 nonzero, f58 not float-like, front metadata present, tail reference block present
negative = none

--- Candidate #36 ---
value_addr = 0x3DA02D576FC
base_addr  = 0x3DA02D576D4
f08 = 0x00000004
f18 = 0x02D57680
f20 = 0xC2480000
f28 = 0x42C80000 (100.0)
f58 = 0x2F2D0000
f68 = 0x00000025
f70 = 0x00000048
f78 = 0x20676E69
rank_position = 36
base_score = 40
prescore_score = 40
final_score = 28
total adjustment = -12
score = 28
hard_pass = true
flags = target_match, strong_front_block, strong_tail_block, object_like, template_clone_family
score_breakdown = +10 target_match; +2 f08_nonzero; +2 f08_not_floatlike; +2 f18_nonzero; +2 f18_not_floatlike; +2 f20_nonzero; +2 f20_not_floatlike; +2 f68_nonzero; +2 f68_not_floatlike; +2 f70_nonzero; +2 f70_not_floatlike; +2 f78_nonzero; +2 f78_not_floatlike; +3 f58_nonzero; +2 f58_not_floatlike; +1 legacy_pointer_balanced_compat; -12 clone_penalty
code_blob_score = 0
code_blob_penalty = 0
scalar_block_score = 5
scalar_block_penalty = 0
text_block_score = 0
text_block_penalty = 0
template_family_id = cls:SDDASSX|layout:scattered|fptr:0|tptr:0|align:1|preg:1|dom:1|fns:0|tns:0|scalar:0|text:0|blob:0|mirror:0
clone_family_id = layout:scattered|fptr:0|tptr:0|align:1|preg:1|dom:1|fns:0|tns:0|scalar:0|text:0|blob:0|mirror:0
template_family_size = 8
clone_penalty = 12
mirrored_penalty = 0
pointer_reward = 0
strong_structure_bonus = 0
sparse_anchor_tail_penalty = 0
anchored_fragmented_split_penalty = 0
one_sided_anchorless_split_penalty = 0
anchorless_partial_split_penalty = 0
isolated_split_penalty = 0
pointer_alignment_count = 1
pointer_region_count = 1
pointer_fields = f58
pointer_cluster_count = 2
front_cluster_count = 2
tail_cluster_count = 0
front_non_singleton_cluster_count = 0
tail_non_singleton_cluster_count = 0
dominant_cluster_size = 1
cluster_layout = scattered
has_valid_anchor = true
dominant_cluster_covers_majority = false
isolated_split_like = false
tie_break_vector = final=28|family=8|pointer=0|isolated=0|blob=0|scalar=0|text=0|clone=12|mirror=0|neg=0|addr=0x3DA02D576FC
rank_reason = family size 8 raised clone penalty on scattered pointer-poor family
positive = target value matches, f08 nonzero, f08 not float-like, f18 nonzero, f18 not float-like, f20 nonzero, f20 not float-like, f68 nonzero, f68 not float-like, f70 nonzero, f70 not float-like, f78 nonzero, f78 not float-like, f58 nonzero, f58 not float-like, front metadata present, tail reference block present
negative = none

--- Candidate #37 ---
value_addr = 0x3DC098A5944
base_addr  = 0x3DC098A591C
f08 = 0x60000000
f18 = 0xE0229501
f20 = 0x2020BC94
f28 = 0x42C80000 (100.0)
f58 = 0x20000236
f68 = 0xEA200B01
f70 = 0x01DD2001
f78 = 0x00023671
rank_position = 37
base_score = 40
prescore_score = 40
final_score = 28
total adjustment = -12
score = 28
hard_pass = true
flags = target_match, strong_front_block, strong_tail_block, object_like, template_clone_family
score_breakdown = +10 target_match; +2 f08_nonzero; +2 f08_not_floatlike; +2 f18_nonzero; +2 f18_not_floatlike; +2 f20_nonzero; +2 f20_not_floatlike; +2 f68_nonzero; +2 f68_not_floatlike; +2 f70_nonzero; +2 f70_not_floatlike; +2 f78_nonzero; +2 f78_not_floatlike; +3 f58_nonzero; +2 f58_not_floatlike; +1 legacy_pointer_balanced_compat; -12 clone_penalty
code_blob_score = 0
code_blob_penalty = 0
scalar_block_score = 3
scalar_block_penalty = 0
text_block_score = 0
text_block_penalty = 0
template_family_id = cls:AXDXXXX|layout:scattered|fptr:1|tptr:0|align:1|preg:1|dom:1|fns:0|tns:0|scalar:0|text:0|blob:0|mirror:0
clone_family_id = layout:scattered|fptr:1|tptr:0|align:1|preg:1|dom:1|fns:0|tns:0|scalar:0|text:0|blob:0|mirror:0
template_family_size = 8
clone_penalty = 12
mirrored_penalty = 0
pointer_reward = 0
strong_structure_bonus = 0
sparse_anchor_tail_penalty = 0
anchored_fragmented_split_penalty = 0
one_sided_anchorless_split_penalty = 0
anchorless_partial_split_penalty = 0
isolated_split_penalty = 0
pointer_alignment_count = 1
pointer_region_count = 1
pointer_fields = f08
pointer_cluster_count = 2
front_cluster_count = 2
tail_cluster_count = 0
front_non_singleton_cluster_count = 0
tail_non_singleton_cluster_count = 0
dominant_cluster_size = 1
cluster_layout = scattered
has_valid_anchor = true
dominant_cluster_covers_majority = false
isolated_split_like = false
tie_break_vector = final=28|family=8|pointer=0|isolated=0|blob=0|scalar=0|text=0|clone=12|mirror=0|neg=0|addr=0x3DC098A5944
rank_reason = family size 8 raised clone penalty on scattered pointer-poor family
positive = target value matches, f08 nonzero, f08 not float-like, f18 nonzero, f18 not float-like, f20 nonzero, f20 not float-like, f68 nonzero, f68 not float-like, f70 nonzero, f70 not float-like, f78 nonzero, f78 not float-like, f58 nonzero, f58 not float-like, front metadata present, tail reference block present
negative = none

--- Candidate #38 ---
value_addr = 0x3DC09B95D90
base_addr  = 0x3DC09B95D68
f08 = 0x19200002
f18 = 0x01C3D110
f20 = 0x023600E4
f28 = 0x42C80000 (100.0)
f58 = 0x20000236
f68 = 0xC3D11006
f70 = 0x3600E441
f78 = 0x80000043
rank_position = 38
base_score = 40
prescore_score = 40
final_score = 28
total adjustment = -12
score = 28
hard_pass = true
flags = target_match, strong_front_block, strong_tail_block, object_like, template_clone_family
score_breakdown = +10 target_match; +2 f08_nonzero; +2 f08_not_floatlike; +2 f18_nonzero; +2 f18_not_floatlike; +2 f20_nonzero; +2 f20_not_floatlike; +2 f68_nonzero; +2 f68_not_floatlike; +2 f70_nonzero; +2 f70_not_floatlike; +2 f78_nonzero; +2 f78_not_floatlike; +3 f58_nonzero; +2 f58_not_floatlike; +1 legacy_pointer_balanced_compat; -12 clone_penalty
code_blob_score = 0
code_blob_penalty = 0
scalar_block_score = 3
scalar_block_penalty = 0
text_block_score = 0
text_block_penalty = 0
template_family_id = cls:XADXXXX|layout:scattered|fptr:1|tptr:0|align:1|preg:1|dom:1|fns:0|tns:0|scalar:0|text:0|blob:0|mirror:0
clone_family_id = layout:scattered|fptr:1|tptr:0|align:1|preg:1|dom:1|fns:0|tns:0|scalar:0|text:0|blob:0|mirror:0
template_family_size = 8
clone_penalty = 12
mirrored_penalty = 0
pointer_reward = 0
strong_structure_bonus = 0
sparse_anchor_tail_penalty = 0
anchored_fragmented_split_penalty = 0
one_sided_anchorless_split_penalty = 0
anchorless_partial_split_penalty = 0
isolated_split_penalty = 0
pointer_alignment_count = 1
pointer_region_count = 1
pointer_fields = f18
pointer_cluster_count = 2
front_cluster_count = 2
tail_cluster_count = 0
front_non_singleton_cluster_count = 0
tail_non_singleton_cluster_count = 0
dominant_cluster_size = 1
cluster_layout = scattered
has_valid_anchor = true
dominant_cluster_covers_majority = false
isolated_split_like = false
tie_break_vector = final=28|family=8|pointer=0|isolated=0|blob=0|scalar=0|text=0|clone=12|mirror=0|neg=0|addr=0x3DC09B95D90
rank_reason = family size 8 raised clone penalty on scattered pointer-poor family
positive = target value matches, f08 nonzero, f08 not float-like, f18 nonzero, f18 not float-like, f20 nonzero, f20 not float-like, f68 nonzero, f68 not float-like, f70 nonzero, f70 not float-like, f78 nonzero, f78 not float-like, f58 nonzero, f58 not float-like, front metadata present, tail reference block present
negative = none

--- Candidate #39 ---
value_addr = 0x3DC09DFA4A4
base_addr  = 0x3DC09DFA47C
f08 = 0x36004100
f18 = 0x002002B0
f20 = 0xB402383F
f28 = 0x42C80000 (100.0)
f58 = 0x2002C402
f68 = 0x37000229
f70 = 0x83E4C041
f78 = 0x20080236
rank_position = 39
base_score = 40
prescore_score = 40
final_score = 28
total adjustment = -12
score = 28
hard_pass = true
flags = target_match, strong_front_block, strong_tail_block, object_like, template_clone_family
score_breakdown = +10 target_match; +2 f08_nonzero; +2 f08_not_floatlike; +2 f18_nonzero; +2 f18_not_floatlike; +2 f20_nonzero; +2 f20_not_floatlike; +2 f68_nonzero; +2 f68_not_floatlike; +2 f70_nonzero; +2 f70_not_floatlike; +2 f78_nonzero; +2 f78_not_floatlike; +3 f58_nonzero; +2 f58_not_floatlike; +1 legacy_pointer_balanced_compat; -12 clone_penalty
code_blob_score = 0
code_blob_penalty = 0
scalar_block_score = 5
scalar_block_penalty = 0
text_block_score = 0
text_block_penalty = 0
template_family_id = cls:DAXXXXX|layout:scattered|fptr:1|tptr:0|align:1|preg:1|dom:1|fns:0|tns:0|scalar:0|text:0|blob:0|mirror:0
clone_family_id = layout:scattered|fptr:1|tptr:0|align:1|preg:1|dom:1|fns:0|tns:0|scalar:0|text:0|blob:0|mirror:0
template_family_size = 8
clone_penalty = 12
mirrored_penalty = 0
pointer_reward = 0
strong_structure_bonus = 0
sparse_anchor_tail_penalty = 0
anchored_fragmented_split_penalty = 0
one_sided_anchorless_split_penalty = 0
anchorless_partial_split_penalty = 0
isolated_split_penalty = 0
pointer_alignment_count = 1
pointer_region_count = 1
pointer_fields = f18
pointer_cluster_count = 2
front_cluster_count = 2
tail_cluster_count = 0
front_non_singleton_cluster_count = 0
tail_non_singleton_cluster_count = 0
dominant_cluster_size = 1
cluster_layout = scattered
has_valid_anchor = true
dominant_cluster_covers_majority = false
isolated_split_like = false
tie_break_vector = final=28|family=8|pointer=0|isolated=0|blob=0|scalar=0|text=0|clone=12|mirror=0|neg=0|addr=0x3DC09DFA4A4
rank_reason = family size 8 raised clone penalty on scattered pointer-poor family
positive = target value matches, f08 nonzero, f08 not float-like, f18 nonzero, f18 not float-like, f20 nonzero, f20 not float-like, f68 nonzero, f68 not float-like, f70 nonzero, f70 not float-like, f78 nonzero, f78 not float-like, f58 nonzero, f58 not float-like, front metadata present, tail reference block present
negative = none

--- Candidate #40 ---
value_addr = 0x3DC0A14EA24
base_addr  = 0x3DC0A14E9FC
f08 = 0x090B3402
f18 = 0x07237F01
f20 = 0x246A2041
f28 = 0x42C80000 (100.0)
f58 = 0x20012004
f68 = 0x01200222
f70 = 0x00200002
f78 = 0x18023700
rank_position = 40
base_score = 40
prescore_score = 40
final_score = 28
total adjustment = -12
score = 28
hard_pass = true
flags = target_match, strong_front_block, strong_tail_block, object_like, template_clone_family
score_breakdown = +10 target_match; +2 f08_nonzero; +2 f08_not_floatlike; +2 f18_nonzero; +2 f18_not_floatlike; +2 f20_nonzero; +2 f20_not_floatlike; +2 f68_nonzero; +2 f68_not_floatlike; +2 f70_nonzero; +2 f70_not_floatlike; +2 f78_nonzero; +2 f78_not_floatlike; +3 f58_nonzero; +2 f58_not_floatlike; +1 legacy_pointer_balanced_compat; -12 clone_penalty
code_blob_score = 0
code_blob_penalty = 0
scalar_block_score = 3
scalar_block_penalty = 0
text_block_score = 0
text_block_penalty = 0
template_family_id = cls:XXXAXXD|layout:scattered|fptr:0|tptr:0|align:1|preg:1|dom:1|fns:0|tns:0|scalar:0|text:0|blob:0|mirror:0
clone_family_id = layout:scattered|fptr:0|tptr:0|align:1|preg:1|dom:1|fns:0|tns:0|scalar:0|text:0|blob:0|mirror:0
template_family_size = 8
clone_penalty = 12
mirrored_penalty = 0
pointer_reward = 0
strong_structure_bonus = 0
sparse_anchor_tail_penalty = 0
anchored_fragmented_split_penalty = 0
one_sided_anchorless_split_penalty = 0
anchorless_partial_split_penalty = 0
isolated_split_penalty = 0
pointer_alignment_count = 1
pointer_region_count = 1
pointer_fields = f58
pointer_cluster_count = 1
front_cluster_count = 0
tail_cluster_count = 1
front_non_singleton_cluster_count = 0
tail_non_singleton_cluster_count = 0
dominant_cluster_size = 1
cluster_layout = scattered
has_valid_anchor = true
dominant_cluster_covers_majority = false
isolated_split_like = false
tie_break_vector = final=28|family=8|pointer=0|isolated=0|blob=0|scalar=0|text=0|clone=12|mirror=0|neg=0|addr=0x3DC0A14EA24
rank_reason = family size 8 raised clone penalty on scattered pointer-poor family
positive = target value matches, f08 nonzero, f08 not float-like, f18 nonzero, f18 not float-like, f20 nonzero, f20 not float-like, f68 nonzero, f68 not float-like, f70 nonzero, f70 not float-like, f78 nonzero, f78 not float-like, f58 nonzero, f58 not float-like, front metadata present, tail reference block present
negative = none

--- Candidate #41 ---
value_addr = 0x3DC0A711F9C
base_addr  = 0x3DC0A711F74
f08 = 0x00004300
f18 = 0x20600238
f20 = 0x023842C8
f28 = 0x42C80000 (100.0)
f58 = 0x41022104
f68 = 0x04804101
f70 = 0x74022801
f78 = 0xFAD21001
rank_position = 41
base_score = 40
prescore_score = 40
final_score = 28
total adjustment = -12
score = 28
hard_pass = true
flags = target_match, strong_front_block, strong_tail_block, object_like, template_clone_family
score_breakdown = +10 target_match; +2 f08_nonzero; +2 f08_not_floatlike; +2 f18_nonzero; +2 f18_not_floatlike; +2 f20_nonzero; +2 f20_not_floatlike; +2 f68_nonzero; +2 f68_not_floatlike; +2 f70_nonzero; +2 f70_not_floatlike; +2 f78_nonzero; +2 f78_not_floatlike; +3 f58_nonzero; +2 f58_not_floatlike; +1 legacy_pointer_balanced_compat; -12 clone_penalty
code_blob_score = 0
code_blob_penalty = 0
scalar_block_score = 5
scalar_block_penalty = 0
text_block_score = 0
text_block_penalty = 0
template_family_id = cls:XDADXXX|layout:scattered|fptr:1|tptr:0|align:1|preg:1|dom:1|fns:0|tns:0|scalar:0|text:0|blob:0|mirror:0
clone_family_id = layout:scattered|fptr:1|tptr:0|align:1|preg:1|dom:1|fns:0|tns:0|scalar:0|text:0|blob:0|mirror:0
template_family_size = 8
clone_penalty = 12
mirrored_penalty = 0
pointer_reward = 0
strong_structure_bonus = 0
sparse_anchor_tail_penalty = 0
anchored_fragmented_split_penalty = 0
one_sided_anchorless_split_penalty = 0
anchorless_partial_split_penalty = 0
isolated_split_penalty = 0
pointer_alignment_count = 1
pointer_region_count = 1
pointer_fields = f20
pointer_cluster_count = 2
front_cluster_count = 2
tail_cluster_count = 0
front_non_singleton_cluster_count = 0
tail_non_singleton_cluster_count = 0
dominant_cluster_size = 1
cluster_layout = scattered
has_valid_anchor = true
dominant_cluster_covers_majority = false
isolated_split_like = false
tie_break_vector = final=28|family=8|pointer=0|isolated=0|blob=0|scalar=0|text=0|clone=12|mirror=0|neg=0|addr=0x3DC0A711F9C
rank_reason = family size 8 raised clone penalty on scattered pointer-poor family
positive = target value matches, f08 nonzero, f08 not float-like, f18 nonzero, f18 not float-like, f20 nonzero, f20 not float-like, f68 nonzero, f68 not float-like, f70 nonzero, f70 not float-like, f78 nonzero, f78 not float-like, f58 nonzero, f58 not float-like, front metadata present, tail reference block present
negative = none

--- Candidate #42 ---
value_addr = 0xB3A0B72FD40
base_addr  = 0xB3A0B72FD18
f08 = 0x8B481756
f18 = 0x0A1C8B48
f20 = 0x8BAC458B
f28 = 0x42C80000 (100.0)
f58 = 0x8BC0458B
f68 = 0x95894802
f70 = 0xC933D38B
f78 = 0xBC458BFF
rank_position = 42
base_score = 40
prescore_score = 40
final_score = 28
total adjustment = -12
score = 28
hard_pass = true
flags = target_match, strong_front_block, strong_tail_block, object_like, template_clone_family
score_breakdown = +10 target_match; +2 f08_nonzero; +2 f08_not_floatlike; +2 f18_nonzero; +2 f18_not_floatlike; +2 f20_nonzero; +2 f20_not_floatlike; +2 f68_nonzero; +2 f68_not_floatlike; +2 f70_nonzero; +2 f70_not_floatlike; +2 f78_nonzero; +2 f78_not_floatlike; +3 f58_nonzero; +2 f58_not_floatlike; +1 legacy_pointer_balanced_compat; -12 clone_penalty
code_blob_score = 0
code_blob_penalty = 0
scalar_block_score = 3
scalar_block_penalty = 0
text_block_score = 0
text_block_penalty = 0
template_family_id = cls:XAXXXXX|layout:scattered|fptr:1|tptr:0|align:1|preg:1|dom:1|fns:0|tns:0|scalar:0|text:0|blob:0|mirror:0
clone_family_id = layout:scattered|fptr:1|tptr:0|align:1|preg:1|dom:1|fns:0|tns:0|scalar:0|text:0|blob:0|mirror:0
template_family_size = 8
clone_penalty = 12
mirrored_penalty = 0
pointer_reward = 0
strong_structure_bonus = 0
sparse_anchor_tail_penalty = 0
anchored_fragmented_split_penalty = 0
one_sided_anchorless_split_penalty = 0
anchorless_partial_split_penalty = 0
isolated_split_penalty = 0
pointer_alignment_count = 1
pointer_region_count = 1
pointer_fields = f18
pointer_cluster_count = 1
front_cluster_count = 1
tail_cluster_count = 0
front_non_singleton_cluster_count = 0
tail_non_singleton_cluster_count = 0
dominant_cluster_size = 1
cluster_layout = scattered
has_valid_anchor = true
dominant_cluster_covers_majority = false
isolated_split_like = false
tie_break_vector = final=28|family=8|pointer=0|isolated=0|blob=0|scalar=0|text=0|clone=12|mirror=0|neg=0|addr=0xB3A0B72FD40
rank_reason = family size 8 raised clone penalty on scattered pointer-poor family
positive = target value matches, f08 nonzero, f08 not float-like, f18 nonzero, f18 not float-like, f20 nonzero, f20 not float-like, f68 nonzero, f68 not float-like, f70 nonzero, f70 not float-like, f78 nonzero, f78 not float-like, f58 nonzero, f58 not float-like, front metadata present, tail reference block present
negative = none

--- Candidate #43 ---
value_addr = 0x7544029BD0A4
base_addr  = 0x7544029BD07C
f08 = 0x20382000
f18 = 0x9242C800
f20 = 0x3E200002
f28 = 0x42C80000 (100.0)
f58 = 0x023801A6
f68 = 0x023801AA
f70 = 0x023801AB
f78 = 0xA22001B1
rank_position = 43
base_score = 40
prescore_score = 40
final_score = 28
total adjustment = -12
score = 28
hard_pass = true
flags = target_match, strong_front_block, strong_tail_block, object_like, template_clone_family
score_breakdown = +10 target_match; +2 f08_nonzero; +2 f08_not_floatlike; +2 f18_nonzero; +2 f18_not_floatlike; +2 f20_nonzero; +2 f20_not_floatlike; +2 f68_nonzero; +2 f68_not_floatlike; +2 f70_nonzero; +2 f70_not_floatlike; +2 f78_nonzero; +2 f78_not_floatlike; +3 f58_nonzero; +2 f58_not_floatlike; +1 legacy_pointer_balanced_compat; -12 clone_penalty
code_blob_score = 0
code_blob_penalty = 0
scalar_block_score = 3
scalar_block_penalty = 0
text_block_score = 0
text_block_penalty = 0
template_family_id = cls:DAXXXXX|layout:scattered|fptr:1|tptr:0|align:1|preg:1|dom:1|fns:0|tns:0|scalar:0|text:0|blob:0|mirror:0
clone_family_id = layout:scattered|fptr:1|tptr:0|align:1|preg:1|dom:1|fns:0|tns:0|scalar:0|text:0|blob:0|mirror:0
template_family_size = 8
clone_penalty = 12
mirrored_penalty = 0
pointer_reward = 0
strong_structure_bonus = 0
sparse_anchor_tail_penalty = 0
anchored_fragmented_split_penalty = 0
one_sided_anchorless_split_penalty = 0
anchorless_partial_split_penalty = 0
isolated_split_penalty = 0
pointer_alignment_count = 1
pointer_region_count = 1
pointer_fields = f18
pointer_cluster_count = 2
front_cluster_count = 2
tail_cluster_count = 0
front_non_singleton_cluster_count = 0
tail_non_singleton_cluster_count = 0
dominant_cluster_size = 1
cluster_layout = scattered
has_valid_anchor = true
dominant_cluster_covers_majority = false
isolated_split_like = false
tie_break_vector = final=28|family=8|pointer=0|isolated=0|blob=0|scalar=0|text=0|clone=12|mirror=0|neg=0|addr=0x7544029BD0A4
rank_reason = family size 8 raised clone penalty on scattered pointer-poor family
positive = target value matches, f08 nonzero, f08 not float-like, f18 nonzero, f18 not float-like, f20 nonzero, f20 not float-like, f68 nonzero, f68 not float-like, f70 nonzero, f70 not float-like, f78 nonzero, f78 not float-like, f58 nonzero, f58 not float-like, front metadata present, tail reference block present
negative = none

--- Candidate #44 ---
value_addr = 0x754402D95D90
base_addr  = 0x754402D95D68
f08 = 0x19200002
f18 = 0x01C3D110
f20 = 0x023600E4
f28 = 0x42C80000 (100.0)
f58 = 0x20000236
f68 = 0xC3D11006
f70 = 0x3600E441
f78 = 0x80000043
rank_position = 44
base_score = 40
prescore_score = 40
final_score = 28
total adjustment = -12
score = 28
hard_pass = true
flags = target_match, strong_front_block, strong_tail_block, object_like, template_clone_family
score_breakdown = +10 target_match; +2 f08_nonzero; +2 f08_not_floatlike; +2 f18_nonzero; +2 f18_not_floatlike; +2 f20_nonzero; +2 f20_not_floatlike; +2 f68_nonzero; +2 f68_not_floatlike; +2 f70_nonzero; +2 f70_not_floatlike; +2 f78_nonzero; +2 f78_not_floatlike; +3 f58_nonzero; +2 f58_not_floatlike; +1 legacy_pointer_balanced_compat; -12 clone_penalty
code_blob_score = 0
code_blob_penalty = 0
scalar_block_score = 3
scalar_block_penalty = 0
text_block_score = 0
text_block_penalty = 0
template_family_id = cls:XADXXXX|layout:scattered|fptr:1|tptr:0|align:1|preg:1|dom:1|fns:0|tns:0|scalar:0|text:0|blob:0|mirror:0
clone_family_id = layout:scattered|fptr:1|tptr:0|align:1|preg:1|dom:1|fns:0|tns:0|scalar:0|text:0|blob:0|mirror:0
template_family_size = 8
clone_penalty = 12
mirrored_penalty = 0
pointer_reward = 0
strong_structure_bonus = 0
sparse_anchor_tail_penalty = 0
anchored_fragmented_split_penalty = 0
one_sided_anchorless_split_penalty = 0
anchorless_partial_split_penalty = 0
isolated_split_penalty = 0
pointer_alignment_count = 1
pointer_region_count = 1
pointer_fields = f18
pointer_cluster_count = 2
front_cluster_count = 2
tail_cluster_count = 0
front_non_singleton_cluster_count = 0
tail_non_singleton_cluster_count = 0
dominant_cluster_size = 1
cluster_layout = scattered
has_valid_anchor = true
dominant_cluster_covers_majority = false
isolated_split_like = false
tie_break_vector = final=28|family=8|pointer=0|isolated=0|blob=0|scalar=0|text=0|clone=12|mirror=0|neg=0|addr=0x754402D95D90
rank_reason = family size 8 raised clone penalty on scattered pointer-poor family
positive = target value matches, f08 nonzero, f08 not float-like, f18 nonzero, f18 not float-like, f20 nonzero, f20 not float-like, f68 nonzero, f68 not float-like, f70 nonzero, f70 not float-like, f78 nonzero, f78 not float-like, f58 nonzero, f58 not float-like, front metadata present, tail reference block present
negative = none

--- Candidate #45 ---
value_addr = 0x754402FFA4A4
base_addr  = 0x754402FFA47C
f08 = 0x36004100
f18 = 0x002002B0
f20 = 0xB402383F
f28 = 0x42C80000 (100.0)
f58 = 0x2002C402
f68 = 0x37000229
f70 = 0x83E4C041
f78 = 0x20080236
rank_position = 45
base_score = 40
prescore_score = 40
final_score = 28
total adjustment = -12
score = 28
hard_pass = true
flags = target_match, strong_front_block, strong_tail_block, object_like, template_clone_family
score_breakdown = +10 target_match; +2 f08_nonzero; +2 f08_not_floatlike; +2 f18_nonzero; +2 f18_not_floatlike; +2 f20_nonzero; +2 f20_not_floatlike; +2 f68_nonzero; +2 f68_not_floatlike; +2 f70_nonzero; +2 f70_not_floatlike; +2 f78_nonzero; +2 f78_not_floatlike; +3 f58_nonzero; +2 f58_not_floatlike; +1 legacy_pointer_balanced_compat; -12 clone_penalty
code_blob_score = 0
code_blob_penalty = 0
scalar_block_score = 5
scalar_block_penalty = 0
text_block_score = 0
text_block_penalty = 0
template_family_id = cls:DAXXXXX|layout:scattered|fptr:1|tptr:0|align:1|preg:1|dom:1|fns:0|tns:0|scalar:0|text:0|blob:0|mirror:0
clone_family_id = layout:scattered|fptr:1|tptr:0|align:1|preg:1|dom:1|fns:0|tns:0|scalar:0|text:0|blob:0|mirror:0
template_family_size = 8
clone_penalty = 12
mirrored_penalty = 0
pointer_reward = 0
strong_structure_bonus = 0
sparse_anchor_tail_penalty = 0
anchored_fragmented_split_penalty = 0
one_sided_anchorless_split_penalty = 0
anchorless_partial_split_penalty = 0
isolated_split_penalty = 0
pointer_alignment_count = 1
pointer_region_count = 1
pointer_fields = f18
pointer_cluster_count = 2
front_cluster_count = 2
tail_cluster_count = 0
front_non_singleton_cluster_count = 0
tail_non_singleton_cluster_count = 0
dominant_cluster_size = 1
cluster_layout = scattered
has_valid_anchor = true
dominant_cluster_covers_majority = false
isolated_split_like = false
tie_break_vector = final=28|family=8|pointer=0|isolated=0|blob=0|scalar=0|text=0|clone=12|mirror=0|neg=0|addr=0x754402FFA4A4
rank_reason = family size 8 raised clone penalty on scattered pointer-poor family
positive = target value matches, f08 nonzero, f08 not float-like, f18 nonzero, f18 not float-like, f20 nonzero, f20 not float-like, f68 nonzero, f68 not float-like, f70 nonzero, f70 not float-like, f78 nonzero, f78 not float-like, f58 nonzero, f58 not float-like, front metadata present, tail reference block present
negative = none

--- Candidate #46 ---
value_addr = 0x3DC09655100
base_addr  = 0x3DC096550D8
f08 = 0x21000228
f18 = 0x01F5D1DC
f20 = 0x0043559D
f28 = 0x42C80000 (100.0)
f58 = 0x022801E4
f68 = 0x87417100
f70 = 0x04200007
f78 = 0x41042000
rank_position = 46
base_score = 40
prescore_score = 40
final_score = 27
total adjustment = -13
score = 27
hard_pass = true
flags = target_match, strong_front_block, strong_tail_block, object_like, anchored_fragmented_split_like, template_clone_family
score_breakdown = +10 target_match; +2 f08_nonzero; +2 f08_not_floatlike; +2 f18_nonzero; +2 f18_not_floatlike; +2 f20_nonzero; +2 f20_not_floatlike; +2 f68_nonzero; +2 f68_not_floatlike; +2 f70_nonzero; +2 f70_not_floatlike; +2 f78_nonzero; +2 f78_not_floatlike; +3 f58_nonzero; +2 f58_not_floatlike; +1 legacy_pointer_balanced_compat; -3 anchored_fragmented_split_penalty; -10 clone_penalty
code_blob_score = 0
code_blob_penalty = 0
scalar_block_score = 2
scalar_block_penalty = 0
text_block_score = 0
text_block_penalty = 0
template_family_id = cls:PDXAPXD|layout:front_tail_split|fptr:1|tptr:1|align:3+|preg:3+|dom:1|fns:0|tns:0|scalar:0|text:0|blob:0|mirror:0
clone_family_id = layout:front_tail_split|fptr:1|tptr:1|align:3+|preg:3+|dom:1|fns:0|tns:0|scalar:0|text:0|blob:0|mirror:0
template_family_size = 6
clone_penalty = 10
mirrored_penalty = 0
pointer_reward = 0
strong_structure_bonus = 0
sparse_anchor_tail_penalty = 0
anchored_fragmented_split_penalty = 3
one_sided_anchorless_split_penalty = 0
anchorless_partial_split_penalty = 0
isolated_split_penalty = 0
pointer_alignment_count = 3
pointer_region_count = 3
pointer_fields = f08, f58, f68
pointer_cluster_count = 4
front_cluster_count = 2
tail_cluster_count = 2
front_non_singleton_cluster_count = 0
tail_non_singleton_cluster_count = 0
dominant_cluster_size = 1
cluster_layout = front_tail_split
has_valid_anchor = true
dominant_cluster_covers_majority = false
isolated_split_like = false
tie_break_vector = final=27|family=6|pointer=0|isolated=0|blob=0|scalar=0|text=0|clone=10|mirror=0|neg=0|addr=0x3DC09655100
rank_reason = anchored fragmented split penalty fired on singleton-only split layout despite valid anchor; family size 6 raised clone penalty
positive = target value matches, f08 nonzero, f08 not float-like, f18 nonzero, f18 not float-like, f20 nonzero, f20 not float-like, f68 nonzero, f68 not float-like, f70 nonzero, f70 not float-like, f78 nonzero, f78 not float-like, f58 nonzero, f58 not float-like, front metadata present, tail reference block present
negative = none

--- Candidate #47 ---
value_addr = 0x3DC0979D6F4
base_addr  = 0x3DC0979D6CC
f08 = 0x5E42C800
f18 = 0x710C2015
f20 = 0x07204801
f28 = 0x42C80000 (100.0)
f58 = 0xD9100020
f68 = 0x10002013
f70 = 0x40040D20
f78 = 0x00201420
rank_position = 47
base_score = 40
prescore_score = 40
final_score = 27
total adjustment = -13
score = 27
hard_pass = true
flags = target_match, strong_front_block, strong_tail_block, object_like, anchored_fragmented_split_like, template_clone_family
score_breakdown = +10 target_match; +2 f08_nonzero; +2 f08_not_floatlike; +2 f18_nonzero; +2 f18_not_floatlike; +2 f20_nonzero; +2 f20_not_floatlike; +2 f68_nonzero; +2 f68_not_floatlike; +2 f70_nonzero; +2 f70_not_floatlike; +2 f78_nonzero; +2 f78_not_floatlike; +3 f58_nonzero; +2 f58_not_floatlike; +1 legacy_pointer_balanced_compat; -3 anchored_fragmented_split_penalty; -10 clone_penalty
code_blob_score = 0
code_blob_penalty = 0
scalar_block_score = 2
scalar_block_penalty = 0
text_block_score = 0
text_block_penalty = 0
template_family_id = cls:PXXAXPD|layout:front_tail_split|fptr:1|tptr:1|align:3+|preg:3+|dom:1|fns:0|tns:0|scalar:0|text:0|blob:0|mirror:0
clone_family_id = layout:front_tail_split|fptr:1|tptr:1|align:3+|preg:3+|dom:1|fns:0|tns:0|scalar:0|text:0|blob:0|mirror:0
template_family_size = 6
clone_penalty = 10
mirrored_penalty = 0
pointer_reward = 0
strong_structure_bonus = 0
sparse_anchor_tail_penalty = 0
anchored_fragmented_split_penalty = 3
one_sided_anchorless_split_penalty = 0
anchorless_partial_split_penalty = 0
isolated_split_penalty = 0
pointer_alignment_count = 3
pointer_region_count = 3
pointer_fields = f08, f58, f70
pointer_cluster_count = 3
front_cluster_count = 1
tail_cluster_count = 2
front_non_singleton_cluster_count = 0
tail_non_singleton_cluster_count = 0
dominant_cluster_size = 1
cluster_layout = front_tail_split
has_valid_anchor = true
dominant_cluster_covers_majority = false
isolated_split_like = false
tie_break_vector = final=27|family=6|pointer=0|isolated=0|blob=0|scalar=0|text=0|clone=10|mirror=0|neg=0|addr=0x3DC0979D6F4
rank_reason = anchored fragmented split penalty fired on singleton-only split layout despite valid anchor; family size 6 raised clone penalty
positive = target value matches, f08 nonzero, f08 not float-like, f18 nonzero, f18 not float-like, f20 nonzero, f20 not float-like, f68 nonzero, f68 not float-like, f70 nonzero, f70 not float-like, f78 nonzero, f78 not float-like, f58 nonzero, f58 not float-like, front metadata present, tail reference block present
negative = none

--- Candidate #48 ---
value_addr = 0x3DC0A4EF324
base_addr  = 0x3DC0A4EF2FC
f08 = 0x02200002
f18 = 0x01200220
f20 = 0x0238B201
f28 = 0x42C80000 (100.0)
f58 = 0x04FAD210
f68 = 0x02200420
f70 = 0x04200002
f78 = 0x08023708
rank_position = 48
base_score = 40
prescore_score = 40
final_score = 27
total adjustment = -13
score = 27
hard_pass = true
flags = target_match, strong_front_block, strong_tail_block, object_like, anchored_fragmented_split_like, template_clone_family
score_breakdown = +10 target_match; +2 f08_nonzero; +2 f08_not_floatlike; +2 f18_nonzero; +2 f18_not_floatlike; +2 f20_nonzero; +2 f20_not_floatlike; +2 f68_nonzero; +2 f68_not_floatlike; +2 f70_nonzero; +2 f70_not_floatlike; +2 f78_nonzero; +2 f78_not_floatlike; +3 f58_nonzero; +2 f58_not_floatlike; +1 legacy_pointer_balanced_compat; -3 anchored_fragmented_split_penalty; -10 clone_penalty
code_blob_score = 0
code_blob_penalty = 0
scalar_block_score = 0
scalar_block_penalty = 0
text_block_score = 0
text_block_penalty = 0
template_family_id = cls:XPXAPXD|layout:front_tail_split|fptr:1|tptr:1|align:3+|preg:3+|dom:1|fns:0|tns:0|scalar:0|text:0|blob:0|mirror:0
clone_family_id = layout:front_tail_split|fptr:1|tptr:1|align:3+|preg:3+|dom:1|fns:0|tns:0|scalar:0|text:0|blob:0|mirror:0
template_family_size = 6
clone_penalty = 10
mirrored_penalty = 0
pointer_reward = 0
strong_structure_bonus = 0
sparse_anchor_tail_penalty = 0
anchored_fragmented_split_penalty = 3
one_sided_anchorless_split_penalty = 0
anchorless_partial_split_penalty = 0
isolated_split_penalty = 0
pointer_alignment_count = 3
pointer_region_count = 3
pointer_fields = f18, f58, f68
pointer_cluster_count = 3
front_cluster_count = 1
tail_cluster_count = 2
front_non_singleton_cluster_count = 0
tail_non_singleton_cluster_count = 0
dominant_cluster_size = 1
cluster_layout = front_tail_split
has_valid_anchor = true
dominant_cluster_covers_majority = false
isolated_split_like = false
tie_break_vector = final=27|family=6|pointer=0|isolated=0|blob=0|scalar=0|text=0|clone=10|mirror=0|neg=0|addr=0x3DC0A4EF324
rank_reason = anchored fragmented split penalty fired on singleton-only split layout despite valid anchor; family size 6 raised clone penalty
positive = target value matches, f08 nonzero, f08 not float-like, f18 nonzero, f18 not float-like, f20 nonzero, f20 not float-like, f68 nonzero, f68 not float-like, f70 nonzero, f70 not float-like, f78 nonzero, f78 not float-like, f58 nonzero, f58 not float-like, front metadata present, tail reference block present
negative = none

--- Candidate #49 ---
value_addr = 0x3DC0A8FAE9C
base_addr  = 0x3DC0A8FAE74
f08 = 0x29062008
f18 = 0x20080236
f20 = 0x01200122
f28 = 0x42C80000 (100.0)
f58 = 0x02280120
f68 = 0x00410B20
f70 = 0x00420720
f78 = 0x37004207
rank_position = 49
base_score = 40
prescore_score = 40
final_score = 27
total adjustment = -13
score = 27
hard_pass = true
flags = target_match, strong_front_block, strong_tail_block, object_like, anchored_fragmented_split_like, template_clone_family
score_breakdown = +10 target_match; +2 f08_nonzero; +2 f08_not_floatlike; +2 f18_nonzero; +2 f18_not_floatlike; +2 f20_nonzero; +2 f20_not_floatlike; +2 f68_nonzero; +2 f68_not_floatlike; +2 f70_nonzero; +2 f70_not_floatlike; +2 f78_nonzero; +2 f78_not_floatlike; +3 f58_nonzero; +2 f58_not_floatlike; +1 legacy_pointer_balanced_compat; -3 anchored_fragmented_split_penalty; -10 clone_penalty
code_blob_score = 0
code_blob_penalty = 0
scalar_block_score = 0
scalar_block_penalty = 0
text_block_score = 0
text_block_penalty = 0
template_family_id = cls:PXXAPDX|layout:front_tail_split|fptr:1|tptr:1|align:3+|preg:3+|dom:1|fns:0|tns:0|scalar:0|text:0|blob:0|mirror:0
clone_family_id = layout:front_tail_split|fptr:1|tptr:1|align:3+|preg:3+|dom:1|fns:0|tns:0|scalar:0|text:0|blob:0|mirror:0
template_family_size = 6
clone_penalty = 10
mirrored_penalty = 0
pointer_reward = 0
strong_structure_bonus = 0
sparse_anchor_tail_penalty = 0
anchored_fragmented_split_penalty = 3
one_sided_anchorless_split_penalty = 0
anchorless_partial_split_penalty = 0
isolated_split_penalty = 0
pointer_alignment_count = 3
pointer_region_count = 3
pointer_fields = f08, f58, f68
pointer_cluster_count = 3
front_cluster_count = 1
tail_cluster_count = 2
front_non_singleton_cluster_count = 0
tail_non_singleton_cluster_count = 0
dominant_cluster_size = 1
cluster_layout = front_tail_split
has_valid_anchor = true
dominant_cluster_covers_majority = false
isolated_split_like = false
tie_break_vector = final=27|family=6|pointer=0|isolated=0|blob=0|scalar=0|text=0|clone=10|mirror=0|neg=0|addr=0x3DC0A8FAE9C
rank_reason = anchored fragmented split penalty fired on singleton-only split layout despite valid anchor; family size 6 raised clone penalty
positive = target value matches, f08 nonzero, f08 not float-like, f18 nonzero, f18 not float-like, f20 nonzero, f20 not float-like, f68 nonzero, f68 not float-like, f70 nonzero, f70 not float-like, f78 nonzero, f78 not float-like, f58 nonzero, f58 not float-like, front metadata present, tail reference block present
negative = none

--- Candidate #50 ---
value_addr = 0xB3A0BD40960
base_addr  = 0xB3A0BD40938
f08 = 0x1C8BFFFF
f18 = 0x8D8B4417
f20 = 0x107A21C4
f28 = 0x42C80000 (100.0)
f58 = 0xFFFFFEF8
f68 = 0xC6597AC1
f70 = 0xC5040744
f78 = 0x088B7C8D
rank_position = 50
base_score = 40
prescore_score = 40
final_score = 27
total adjustment = -13
score = 27
hard_pass = true
flags = target_match, strong_front_block, strong_tail_block, object_like, anchored_fragmented_split_like, template_clone_family
score_breakdown = +10 target_match; +2 f08_nonzero; +2 f08_not_floatlike; +2 f18_nonzero; +2 f18_not_floatlike; +2 f20_nonzero; +2 f20_not_floatlike; +2 f68_nonzero; +2 f68_not_floatlike; +2 f70_nonzero; +2 f70_not_floatlike; +2 f78_nonzero; +2 f78_not_floatlike; +3 f58_nonzero; +2 f58_not_floatlike; +1 legacy_pointer_balanced_compat; -3 anchored_fragmented_split_penalty; -10 clone_penalty
code_blob_score = 0
code_blob_penalty = 0
scalar_block_score = 2
scalar_block_penalty = 0
text_block_score = 0
text_block_penalty = 0
template_family_id = cls:XXPAXPX|layout:front_tail_split|fptr:1|tptr:1|align:3+|preg:3+|dom:1|fns:0|tns:0|scalar:0|text:0|blob:0|mirror:0
clone_family_id = layout:front_tail_split|fptr:1|tptr:1|align:3+|preg:3+|dom:1|fns:0|tns:0|scalar:0|text:0|blob:0|mirror:0
template_family_size = 6
clone_penalty = 10
mirrored_penalty = 0
pointer_reward = 0
strong_structure_bonus = 0
sparse_anchor_tail_penalty = 0
anchored_fragmented_split_penalty = 3
one_sided_anchorless_split_penalty = 0
anchorless_partial_split_penalty = 0
isolated_split_penalty = 0
pointer_alignment_count = 3
pointer_region_count = 3
pointer_fields = f20, f58, f70
pointer_cluster_count = 2
front_cluster_count = 1
tail_cluster_count = 1
front_non_singleton_cluster_count = 0
tail_non_singleton_cluster_count = 0
dominant_cluster_size = 1
cluster_layout = front_tail_split
has_valid_anchor = true
dominant_cluster_covers_majority = false
isolated_split_like = false
tie_break_vector = final=27|family=6|pointer=0|isolated=0|blob=0|scalar=0|text=0|clone=10|mirror=0|neg=0|addr=0xB3A0BD40960
rank_reason = anchored fragmented split penalty fired on singleton-only split layout despite valid anchor; family size 6 raised clone penalty
positive = target value matches, f08 nonzero, f08 not float-like, f18 nonzero, f18 not float-like, f20 nonzero, f20 not float-like, f68 nonzero, f68 not float-like, f70 nonzero, f70 not float-like, f78 nonzero, f78 not float-like, f58 nonzero, f58 not float-like, front metadata present, tail reference block present
negative = none

--- Candidate #51 ---
value_addr = 0x754402855100
base_addr  = 0x7544028550D8
f08 = 0x21000228
f18 = 0x01F5D1DC
f20 = 0x0043559D
f28 = 0x42C80000 (100.0)
f58 = 0x022801E4
f68 = 0x87417100
f70 = 0x04200007
f78 = 0x41042000
rank_position = 51
base_score = 40
prescore_score = 40
final_score = 27
total adjustment = -13
score = 27
hard_pass = true
flags = target_match, strong_front_block, strong_tail_block, object_like, anchored_fragmented_split_like, template_clone_family
score_breakdown = +10 target_match; +2 f08_nonzero; +2 f08_not_floatlike; +2 f18_nonzero; +2 f18_not_floatlike; +2 f20_nonzero; +2 f20_not_floatlike; +2 f68_nonzero; +2 f68_not_floatlike; +2 f70_nonzero; +2 f70_not_floatlike; +2 f78_nonzero; +2 f78_not_floatlike; +3 f58_nonzero; +2 f58_not_floatlike; +1 legacy_pointer_balanced_compat; -3 anchored_fragmented_split_penalty; -10 clone_penalty
code_blob_score = 0
code_blob_penalty = 0
scalar_block_score = 2
scalar_block_penalty = 0
text_block_score = 0
text_block_penalty = 0
template_family_id = cls:PDXAPXD|layout:front_tail_split|fptr:1|tptr:1|align:3+|preg:3+|dom:1|fns:0|tns:0|scalar:0|text:0|blob:0|mirror:0
clone_family_id = layout:front_tail_split|fptr:1|tptr:1|align:3+|preg:3+|dom:1|fns:0|tns:0|scalar:0|text:0|blob:0|mirror:0
template_family_size = 6
clone_penalty = 10
mirrored_penalty = 0
pointer_reward = 0
strong_structure_bonus = 0
sparse_anchor_tail_penalty = 0
anchored_fragmented_split_penalty = 3
one_sided_anchorless_split_penalty = 0
anchorless_partial_split_penalty = 0
isolated_split_penalty = 0
pointer_alignment_count = 3
pointer_region_count = 3
pointer_fields = f08, f58, f68
pointer_cluster_count = 4
front_cluster_count = 2
tail_cluster_count = 2
front_non_singleton_cluster_count = 0
tail_non_singleton_cluster_count = 0
dominant_cluster_size = 1
cluster_layout = front_tail_split
has_valid_anchor = true
dominant_cluster_covers_majority = false
isolated_split_like = false
tie_break_vector = final=27|family=6|pointer=0|isolated=0|blob=0|scalar=0|text=0|clone=10|mirror=0|neg=0|addr=0x754402855100
rank_reason = anchored fragmented split penalty fired on singleton-only split layout despite valid anchor; family size 6 raised clone penalty
positive = target value matches, f08 nonzero, f08 not float-like, f18 nonzero, f18 not float-like, f20 nonzero, f20 not float-like, f68 nonzero, f68 not float-like, f70 nonzero, f70 not float-like, f78 nonzero, f78 not float-like, f58 nonzero, f58 not float-like, front metadata present, tail reference block present
negative = none

--- Candidate #52 ---
value_addr = 0x3DC095264B0
base_addr  = 0x3DC09526488
f08 = 0x01220002
f18 = 0x01F5D1DC
f20 = 0x0043559D
f28 = 0x42C80000 (100.0)
f58 = 0x7101FFFF
f68 = 0x28000228
f70 = 0x41711FFF
f78 = 0x40040005
rank_position = 52
base_score = 40
prescore_score = 40
final_score = 27
total adjustment = -13
score = 27
hard_pass = true
flags = target_match, strong_front_block, strong_tail_block, object_like, anchored_fragmented_split_like, template_clone_family
score_breakdown = +10 target_match; +2 f08_nonzero; +2 f08_not_floatlike; +2 f18_nonzero; +2 f18_not_floatlike; +2 f20_nonzero; +2 f20_not_floatlike; +2 f68_nonzero; +2 f68_not_floatlike; +2 f70_nonzero; +2 f70_not_floatlike; +2 f78_nonzero; +2 f78_not_floatlike; +3 f58_nonzero; +2 f58_not_floatlike; +1 legacy_pointer_balanced_compat; -3 anchored_fragmented_split_penalty; -10 clone_penalty
code_blob_score = 0
code_blob_penalty = 0
scalar_block_score = 0
scalar_block_penalty = 0
text_block_score = 0
text_block_penalty = 0
template_family_id = cls:XAXXPXX|layout:front_tail_split|fptr:1|tptr:1|align:2|preg:2|dom:1|fns:0|tns:0|scalar:0|text:0|blob:0|mirror:0
clone_family_id = layout:front_tail_split|fptr:1|tptr:1|align:2|preg:2|dom:1|fns:0|tns:0|scalar:0|text:0|blob:0|mirror:0
template_family_size = 22
clone_penalty = 10
mirrored_penalty = 0
pointer_reward = 0
strong_structure_bonus = 0
sparse_anchor_tail_penalty = 0
anchored_fragmented_split_penalty = 3
one_sided_anchorless_split_penalty = 0
anchorless_partial_split_penalty = 0
isolated_split_penalty = 0
pointer_alignment_count = 2
pointer_region_count = 2
pointer_fields = f18, f68
pointer_cluster_count = 2
front_cluster_count = 1
tail_cluster_count = 1
front_non_singleton_cluster_count = 0
tail_non_singleton_cluster_count = 0
dominant_cluster_size = 1
cluster_layout = front_tail_split
has_valid_anchor = true
dominant_cluster_covers_majority = false
isolated_split_like = false
tie_break_vector = final=27|family=22|pointer=0|isolated=0|blob=0|scalar=0|text=0|clone=10|mirror=0|neg=0|addr=0x3DC095264B0
rank_reason = anchored fragmented split penalty fired on singleton-only split layout despite valid anchor; family size 22 raised clone penalty
positive = target value matches, f08 nonzero, f08 not float-like, f18 nonzero, f18 not float-like, f20 nonzero, f20 not float-like, f68 nonzero, f68 not float-like, f70 nonzero, f70 not float-like, f78 nonzero, f78 not float-like, f58 nonzero, f58 not float-like, front metadata present, tail reference block present
negative = none

--- Candidate #53 ---
value_addr = 0x3DC09A2E524
base_addr  = 0x3DC09A2E4FC
f08 = 0x7301410A
f18 = 0x10022A0C
f20 = 0x2A182204
f28 = 0x42C80000 (100.0)
f58 = 0x03202003
f68 = 0x00000043
f70 = 0x02280020
f78 = 0x360C200D
rank_position = 53
base_score = 40
prescore_score = 40
final_score = 27
total adjustment = -13
score = 27
hard_pass = true
flags = target_match, strong_front_block, strong_tail_block, object_like, anchored_fragmented_split_like, template_clone_family
score_breakdown = +10 target_match; +2 f08_nonzero; +2 f08_not_floatlike; +2 f18_nonzero; +2 f18_not_floatlike; +2 f20_nonzero; +2 f20_not_floatlike; +2 f68_nonzero; +2 f68_not_floatlike; +2 f70_nonzero; +2 f70_not_floatlike; +2 f78_nonzero; +2 f78_not_floatlike; +3 f58_nonzero; +2 f58_not_floatlike; +1 legacy_pointer_balanced_compat; -3 anchored_fragmented_split_penalty; -10 clone_penalty
code_blob_score = 0
code_blob_penalty = 0
scalar_block_score = 0
scalar_block_penalty = 0
text_block_score = 0
text_block_penalty = 0
template_family_id = cls:XADXSPX|layout:front_tail_split|fptr:1|tptr:1|align:2|preg:2|dom:1|fns:0|tns:0|scalar:0|text:0|blob:0|mirror:0
clone_family_id = layout:front_tail_split|fptr:1|tptr:1|align:2|preg:2|dom:1|fns:0|tns:0|scalar:0|text:0|blob:0|mirror:0
template_family_size = 22
clone_penalty = 10
mirrored_penalty = 0
pointer_reward = 0
strong_structure_bonus = 0
sparse_anchor_tail_penalty = 0
anchored_fragmented_split_penalty = 3
one_sided_anchorless_split_penalty = 0
anchorless_partial_split_penalty = 0
isolated_split_penalty = 0
pointer_alignment_count = 2
pointer_region_count = 2
pointer_fields = f18, f70
pointer_cluster_count = 3
front_cluster_count = 2
tail_cluster_count = 1
front_non_singleton_cluster_count = 0
tail_non_singleton_cluster_count = 0
dominant_cluster_size = 1
cluster_layout = front_tail_split
has_valid_anchor = true
dominant_cluster_covers_majority = false
isolated_split_like = false
tie_break_vector = final=27|family=22|pointer=0|isolated=0|blob=0|scalar=0|text=0|clone=10|mirror=0|neg=0|addr=0x3DC09A2E524
rank_reason = anchored fragmented split penalty fired on singleton-only split layout despite valid anchor; family size 22 raised clone penalty
positive = target value matches, f08 nonzero, f08 not float-like, f18 nonzero, f18 not float-like, f20 nonzero, f20 not float-like, f68 nonzero, f68 not float-like, f70 nonzero, f70 not float-like, f78 nonzero, f78 not float-like, f58 nonzero, f58 not float-like, front metadata present, tail reference block present
negative = none

--- Candidate #54 ---
value_addr = 0x3DC09BEB390
base_addr  = 0x3DC09BEB368
f08 = 0x7301410A
f18 = 0x10022A0C
f20 = 0x2A182204
f28 = 0x42C80000 (100.0)
f58 = 0x03202003
f68 = 0x00000043
f70 = 0x02280020
f78 = 0x360C200D
rank_position = 54
base_score = 40
prescore_score = 40
final_score = 27
total adjustment = -13
score = 27
hard_pass = true
flags = target_match, strong_front_block, strong_tail_block, object_like, anchored_fragmented_split_like, template_clone_family
score_breakdown = +10 target_match; +2 f08_nonzero; +2 f08_not_floatlike; +2 f18_nonzero; +2 f18_not_floatlike; +2 f20_nonzero; +2 f20_not_floatlike; +2 f68_nonzero; +2 f68_not_floatlike; +2 f70_nonzero; +2 f70_not_floatlike; +2 f78_nonzero; +2 f78_not_floatlike; +3 f58_nonzero; +2 f58_not_floatlike; +1 legacy_pointer_balanced_compat; -3 anchored_fragmented_split_penalty; -10 clone_penalty
code_blob_score = 0
code_blob_penalty = 0
scalar_block_score = 0
scalar_block_penalty = 0
text_block_score = 0
text_block_penalty = 0
template_family_id = cls:XADXSPX|layout:front_tail_split|fptr:1|tptr:1|align:2|preg:2|dom:1|fns:0|tns:0|scalar:0|text:0|blob:0|mirror:0
clone_family_id = layout:front_tail_split|fptr:1|tptr:1|align:2|preg:2|dom:1|fns:0|tns:0|scalar:0|text:0|blob:0|mirror:0
template_family_size = 22
clone_penalty = 10
mirrored_penalty = 0
pointer_reward = 0
strong_structure_bonus = 0
sparse_anchor_tail_penalty = 0
anchored_fragmented_split_penalty = 3
one_sided_anchorless_split_penalty = 0
anchorless_partial_split_penalty = 0
isolated_split_penalty = 0
pointer_alignment_count = 2
pointer_region_count = 2
pointer_fields = f18, f70
pointer_cluster_count = 3
front_cluster_count = 2
tail_cluster_count = 1
front_non_singleton_cluster_count = 0
tail_non_singleton_cluster_count = 0
dominant_cluster_size = 1
cluster_layout = front_tail_split
has_valid_anchor = true
dominant_cluster_covers_majority = false
isolated_split_like = false
tie_break_vector = final=27|family=22|pointer=0|isolated=0|blob=0|scalar=0|text=0|clone=10|mirror=0|neg=0|addr=0x3DC09BEB390
rank_reason = anchored fragmented split penalty fired on singleton-only split layout despite valid anchor; family size 22 raised clone penalty
positive = target value matches, f08 nonzero, f08 not float-like, f18 nonzero, f18 not float-like, f20 nonzero, f20 not float-like, f68 nonzero, f68 not float-like, f70 nonzero, f70 not float-like, f78 nonzero, f78 not float-like, f58 nonzero, f58 not float-like, front metadata present, tail reference block present
negative = none

--- Candidate #55 ---
value_addr = 0x3DC09BF4788
base_addr  = 0x3DC09BF4760
f08 = 0x7301410A
f18 = 0x10022A0C
f20 = 0x2A182204
f28 = 0x42C80000 (100.0)
f58 = 0x03202003
f68 = 0x00000043
f70 = 0x02280020
f78 = 0x360C200D
rank_position = 55
base_score = 40
prescore_score = 40
final_score = 27
total adjustment = -13
score = 27
hard_pass = true
flags = target_match, strong_front_block, strong_tail_block, object_like, anchored_fragmented_split_like, template_clone_family
score_breakdown = +10 target_match; +2 f08_nonzero; +2 f08_not_floatlike; +2 f18_nonzero; +2 f18_not_floatlike; +2 f20_nonzero; +2 f20_not_floatlike; +2 f68_nonzero; +2 f68_not_floatlike; +2 f70_nonzero; +2 f70_not_floatlike; +2 f78_nonzero; +2 f78_not_floatlike; +3 f58_nonzero; +2 f58_not_floatlike; +1 legacy_pointer_balanced_compat; -3 anchored_fragmented_split_penalty; -10 clone_penalty
code_blob_score = 0
code_blob_penalty = 0
scalar_block_score = 0
scalar_block_penalty = 0
text_block_score = 0
text_block_penalty = 0
template_family_id = cls:XADXSPX|layout:front_tail_split|fptr:1|tptr:1|align:2|preg:2|dom:1|fns:0|tns:0|scalar:0|text:0|blob:0|mirror:0
clone_family_id = layout:front_tail_split|fptr:1|tptr:1|align:2|preg:2|dom:1|fns:0|tns:0|scalar:0|text:0|blob:0|mirror:0
template_family_size = 22
clone_penalty = 10
mirrored_penalty = 0
pointer_reward = 0
strong_structure_bonus = 0
sparse_anchor_tail_penalty = 0
anchored_fragmented_split_penalty = 3
one_sided_anchorless_split_penalty = 0
anchorless_partial_split_penalty = 0
isolated_split_penalty = 0
pointer_alignment_count = 2
pointer_region_count = 2
pointer_fields = f18, f70
pointer_cluster_count = 3
front_cluster_count = 2
tail_cluster_count = 1
front_non_singleton_cluster_count = 0
tail_non_singleton_cluster_count = 0
dominant_cluster_size = 1
cluster_layout = front_tail_split
has_valid_anchor = true
dominant_cluster_covers_majority = false
isolated_split_like = false
tie_break_vector = final=27|family=22|pointer=0|isolated=0|blob=0|scalar=0|text=0|clone=10|mirror=0|neg=0|addr=0x3DC09BF4788
rank_reason = anchored fragmented split penalty fired on singleton-only split layout despite valid anchor; family size 22 raised clone penalty
positive = target value matches, f08 nonzero, f08 not float-like, f18 nonzero, f18 not float-like, f20 nonzero, f20 not float-like, f68 nonzero, f68 not float-like, f70 nonzero, f70 not float-like, f78 nonzero, f78 not float-like, f58 nonzero, f58 not float-like, front metadata present, tail reference block present
negative = none

--- Candidate #56 ---
value_addr = 0x3DC09F348FC
base_addr  = 0x3DC09F348D4
f08 = 0x3604FDB1
f18 = 0x22000228
f20 = 0x02380000
f28 = 0x42C80000 (100.0)
f58 = 0x41000228
f68 = 0x01200002
f70 = 0x0B1A0402
f78 = 0x04410020
rank_position = 56
base_score = 40
prescore_score = 40
final_score = 27
total adjustment = -13
score = 27
hard_pass = true
flags = target_match, strong_front_block, strong_tail_block, object_like, anchored_fragmented_split_like, template_clone_family
score_breakdown = +10 target_match; +2 f08_nonzero; +2 f08_not_floatlike; +2 f18_nonzero; +2 f18_not_floatlike; +2 f20_nonzero; +2 f20_not_floatlike; +2 f68_nonzero; +2 f68_not_floatlike; +2 f70_nonzero; +2 f70_not_floatlike; +2 f78_nonzero; +2 f78_not_floatlike; +3 f58_nonzero; +2 f58_not_floatlike; +1 legacy_pointer_balanced_compat; -3 anchored_fragmented_split_penalty; -10 clone_penalty
code_blob_score = 0
code_blob_penalty = 0
scalar_block_score = 2
scalar_block_penalty = 0
text_block_score = 0
text_block_penalty = 0
template_family_id = cls:XADDXXP|layout:front_tail_split|fptr:1|tptr:1|align:2|preg:2|dom:1|fns:0|tns:0|scalar:0|text:0|blob:0|mirror:0
clone_family_id = layout:front_tail_split|fptr:1|tptr:1|align:2|preg:2|dom:1|fns:0|tns:0|scalar:0|text:0|blob:0|mirror:0
template_family_size = 22
clone_penalty = 10
mirrored_penalty = 0
pointer_reward = 0
strong_structure_bonus = 0
sparse_anchor_tail_penalty = 0
anchored_fragmented_split_penalty = 3
one_sided_anchorless_split_penalty = 0
anchorless_partial_split_penalty = 0
isolated_split_penalty = 0
pointer_alignment_count = 2
pointer_region_count = 2
pointer_fields = f18, f78
pointer_cluster_count = 3
front_cluster_count = 2
tail_cluster_count = 1
front_non_singleton_cluster_count = 0
tail_non_singleton_cluster_count = 0
dominant_cluster_size = 1
cluster_layout = front_tail_split
has_valid_anchor = true
dominant_cluster_covers_majority = false
isolated_split_like = false
tie_break_vector = final=27|family=22|pointer=0|isolated=0|blob=0|scalar=0|text=0|clone=10|mirror=0|neg=0|addr=0x3DC09F348FC
rank_reason = anchored fragmented split penalty fired on singleton-only split layout despite valid anchor; family size 22 raised clone penalty
positive = target value matches, f08 nonzero, f08 not float-like, f18 nonzero, f18 not float-like, f20 nonzero, f20 not float-like, f68 nonzero, f68 not float-like, f70 nonzero, f70 not float-like, f78 nonzero, f78 not float-like, f58 nonzero, f58 not float-like, front metadata present, tail reference block present
negative = none

--- Candidate #57 ---
value_addr = 0x3DC09F3521C
base_addr  = 0x3DC09F351F4
f08 = 0x01D8F186
f18 = 0x22040228
f20 = 0x02383F80
f28 = 0x42C80000 (100.0)
f58 = 0x02280402
f68 = 0x00004301
f70 = 0x01200B0C
f78 = 0x28040228
rank_position = 57
base_score = 40
prescore_score = 40
final_score = 27
total adjustment = -13
score = 27
hard_pass = true
flags = target_match, strong_front_block, strong_tail_block, object_like, anchored_fragmented_split_like, template_clone_family
score_breakdown = +10 target_match; +2 f08_nonzero; +2 f08_not_floatlike; +2 f18_nonzero; +2 f18_not_floatlike; +2 f20_nonzero; +2 f20_not_floatlike; +2 f68_nonzero; +2 f68_not_floatlike; +2 f70_nonzero; +2 f70_not_floatlike; +2 f78_nonzero; +2 f78_not_floatlike; +3 f58_nonzero; +2 f58_not_floatlike; +1 legacy_pointer_balanced_compat; -3 anchored_fragmented_split_penalty; -10 clone_penalty
code_blob_score = 0
code_blob_penalty = 0
scalar_block_score = 0
scalar_block_penalty = 0
text_block_score = 0
text_block_penalty = 0
template_family_id = cls:XADXXPD|layout:front_tail_split|fptr:1|tptr:1|align:2|preg:2|dom:1|fns:0|tns:0|scalar:0|text:0|blob:0|mirror:0
clone_family_id = layout:front_tail_split|fptr:1|tptr:1|align:2|preg:2|dom:1|fns:0|tns:0|scalar:0|text:0|blob:0|mirror:0
template_family_size = 22
clone_penalty = 10
mirrored_penalty = 0
pointer_reward = 0
strong_structure_bonus = 0
sparse_anchor_tail_penalty = 0
anchored_fragmented_split_penalty = 3
one_sided_anchorless_split_penalty = 0
anchorless_partial_split_penalty = 0
isolated_split_penalty = 0
pointer_alignment_count = 2
pointer_region_count = 2
pointer_fields = f18, f70
pointer_cluster_count = 4
front_cluster_count = 2
tail_cluster_count = 2
front_non_singleton_cluster_count = 0
tail_non_singleton_cluster_count = 0
dominant_cluster_size = 1
cluster_layout = front_tail_split
has_valid_anchor = true
dominant_cluster_covers_majority = false
isolated_split_like = false
tie_break_vector = final=27|family=22|pointer=0|isolated=0|blob=0|scalar=0|text=0|clone=10|mirror=0|neg=0|addr=0x3DC09F3521C
rank_reason = anchored fragmented split penalty fired on singleton-only split layout despite valid anchor; family size 22 raised clone penalty
positive = target value matches, f08 nonzero, f08 not float-like, f18 nonzero, f18 not float-like, f20 nonzero, f20 not float-like, f68 nonzero, f68 not float-like, f70 nonzero, f70 not float-like, f78 nonzero, f78 not float-like, f58 nonzero, f58 not float-like, front metadata present, tail reference block present
negative = none

--- Candidate #58 ---
value_addr = 0x3DC0A00B310
base_addr  = 0x3DC0A00B2E8
f08 = 0x383CA3D7
f18 = 0x002001A0
f20 = 0xA4023842
f28 = 0x42C80000 (100.0)
f58 = 0x00022801
f68 = 0x02280220
f70 = 0xD2100220
f78 = 0x00410120
rank_position = 58
base_score = 40
prescore_score = 40
final_score = 27
total adjustment = -13
score = 27
hard_pass = true
flags = target_match, strong_front_block, strong_tail_block, object_like, anchored_fragmented_split_like, template_clone_family
score_breakdown = +10 target_match; +2 f08_nonzero; +2 f08_not_floatlike; +2 f18_nonzero; +2 f18_not_floatlike; +2 f20_nonzero; +2 f20_not_floatlike; +2 f68_nonzero; +2 f68_not_floatlike; +2 f70_nonzero; +2 f70_not_floatlike; +2 f78_nonzero; +2 f78_not_floatlike; +3 f58_nonzero; +2 f58_not_floatlike; +1 legacy_pointer_balanced_compat; -3 anchored_fragmented_split_penalty; -10 clone_penalty
code_blob_score = 0
code_blob_penalty = 0
scalar_block_score = 0
scalar_block_penalty = 0
text_block_score = 0
text_block_penalty = 0
template_family_id = cls:XAXXPDD|layout:front_tail_split|fptr:1|tptr:1|align:2|preg:2|dom:1|fns:0|tns:0|scalar:0|text:0|blob:0|mirror:0
clone_family_id = layout:front_tail_split|fptr:1|tptr:1|align:2|preg:2|dom:1|fns:0|tns:0|scalar:0|text:0|blob:0|mirror:0
template_family_size = 22
clone_penalty = 10
mirrored_penalty = 0
pointer_reward = 0
strong_structure_bonus = 0
sparse_anchor_tail_penalty = 0
anchored_fragmented_split_penalty = 3
one_sided_anchorless_split_penalty = 0
anchorless_partial_split_penalty = 0
isolated_split_penalty = 0
pointer_alignment_count = 2
pointer_region_count = 2
pointer_fields = f18, f68
pointer_cluster_count = 4
front_cluster_count = 1
tail_cluster_count = 3
front_non_singleton_cluster_count = 0
tail_non_singleton_cluster_count = 0
dominant_cluster_size = 1
cluster_layout = front_tail_split
has_valid_anchor = true
dominant_cluster_covers_majority = false
isolated_split_like = false
tie_break_vector = final=27|family=22|pointer=0|isolated=0|blob=0|scalar=0|text=0|clone=10|mirror=0|neg=0|addr=0x3DC0A00B310
rank_reason = anchored fragmented split penalty fired on singleton-only split layout despite valid anchor; family size 22 raised clone penalty
positive = target value matches, f08 nonzero, f08 not float-like, f18 nonzero, f18 not float-like, f20 nonzero, f20 not float-like, f68 nonzero, f68 not float-like, f70 nonzero, f70 not float-like, f78 nonzero, f78 not float-like, f58 nonzero, f58 not float-like, front metadata present, tail reference block present
negative = none

--- Candidate #59 ---
value_addr = 0x3DC0A0C5D5C
base_addr  = 0x3DC0A0C5D34
f08 = 0x383CA3D7
f18 = 0x002001B8
f20 = 0xBC023842
f28 = 0x42C80000 (100.0)
f58 = 0x00022801
f68 = 0x02280220
f70 = 0xD2100220
f78 = 0x00410120
rank_position = 59
base_score = 40
prescore_score = 40
final_score = 27
total adjustment = -13
score = 27
hard_pass = true
flags = target_match, strong_front_block, strong_tail_block, object_like, anchored_fragmented_split_like, template_clone_family
score_breakdown = +10 target_match; +2 f08_nonzero; +2 f08_not_floatlike; +2 f18_nonzero; +2 f18_not_floatlike; +2 f20_nonzero; +2 f20_not_floatlike; +2 f68_nonzero; +2 f68_not_floatlike; +2 f70_nonzero; +2 f70_not_floatlike; +2 f78_nonzero; +2 f78_not_floatlike; +3 f58_nonzero; +2 f58_not_floatlike; +1 legacy_pointer_balanced_compat; -3 anchored_fragmented_split_penalty; -10 clone_penalty
code_blob_score = 0
code_blob_penalty = 0
scalar_block_score = 0
scalar_block_penalty = 0
text_block_score = 0
text_block_penalty = 0
template_family_id = cls:XAXXPDD|layout:front_tail_split|fptr:1|tptr:1|align:2|preg:2|dom:1|fns:0|tns:0|scalar:0|text:0|blob:0|mirror:0
clone_family_id = layout:front_tail_split|fptr:1|tptr:1|align:2|preg:2|dom:1|fns:0|tns:0|scalar:0|text:0|blob:0|mirror:0
template_family_size = 22
clone_penalty = 10
mirrored_penalty = 0
pointer_reward = 0
strong_structure_bonus = 0
sparse_anchor_tail_penalty = 0
anchored_fragmented_split_penalty = 3
one_sided_anchorless_split_penalty = 0
anchorless_partial_split_penalty = 0
isolated_split_penalty = 0
pointer_alignment_count = 2
pointer_region_count = 2
pointer_fields = f18, f68
pointer_cluster_count = 4
front_cluster_count = 1
tail_cluster_count = 3
front_non_singleton_cluster_count = 0
tail_non_singleton_cluster_count = 0
dominant_cluster_size = 1
cluster_layout = front_tail_split
has_valid_anchor = true
dominant_cluster_covers_majority = false
isolated_split_like = false
tie_break_vector = final=27|family=22|pointer=0|isolated=0|blob=0|scalar=0|text=0|clone=10|mirror=0|neg=0|addr=0x3DC0A0C5D5C
rank_reason = anchored fragmented split penalty fired on singleton-only split layout despite valid anchor; family size 22 raised clone penalty
positive = target value matches, f08 nonzero, f08 not float-like, f18 nonzero, f18 not float-like, f20 nonzero, f20 not float-like, f68 nonzero, f68 not float-like, f70 nonzero, f70 not float-like, f78 nonzero, f78 not float-like, f58 nonzero, f58 not float-like, front metadata present, tail reference block present
negative = none

--- Candidate #60 ---
value_addr = 0x3DC0A711F88
base_addr  = 0x3DC0A711F60
f08 = 0x023600E4
f18 = 0x2059003A
f20 = 0x023842C8
f28 = 0x42C80000 (100.0)
f58 = 0x74022801
f68 = 0xB78B1000
f70 = 0x01F8E5B4
f78 = 0xBA012E01
rank_position = 60
base_score = 40
prescore_score = 40
final_score = 27
total adjustment = -13
score = 27
hard_pass = true
flags = target_match, strong_front_block, strong_tail_block, object_like, anchored_fragmented_split_like, template_clone_family
score_breakdown = +10 target_match; +2 f08_nonzero; +2 f08_not_floatlike; +2 f18_nonzero; +2 f18_not_floatlike; +2 f20_nonzero; +2 f20_not_floatlike; +2 f68_nonzero; +2 f68_not_floatlike; +2 f70_nonzero; +2 f70_not_floatlike; +2 f78_nonzero; +2 f78_not_floatlike; +3 f58_nonzero; +2 f58_not_floatlike; +1 legacy_pointer_balanced_compat; -3 anchored_fragmented_split_penalty; -10 clone_penalty
code_blob_score = 0
code_blob_penalty = 0
scalar_block_score = 2
scalar_block_penalty = 0
text_block_score = 0
text_block_penalty = 0
template_family_id = cls:AXDXPDX|layout:front_tail_split|fptr:1|tptr:1|align:2|preg:2|dom:1|fns:0|tns:0|scalar:0|text:0|blob:0|mirror:0
clone_family_id = layout:front_tail_split|fptr:1|tptr:1|align:2|preg:2|dom:1|fns:0|tns:0|scalar:0|text:0|blob:0|mirror:0
template_family_size = 22
clone_penalty = 10
mirrored_penalty = 0
pointer_reward = 0
strong_structure_bonus = 0
sparse_anchor_tail_penalty = 0
anchored_fragmented_split_penalty = 3
one_sided_anchorless_split_penalty = 0
anchorless_partial_split_penalty = 0
isolated_split_penalty = 0
pointer_alignment_count = 2
pointer_region_count = 2
pointer_fields = f08, f68
pointer_cluster_count = 4
front_cluster_count = 2
tail_cluster_count = 2
front_non_singleton_cluster_count = 0
tail_non_singleton_cluster_count = 0
dominant_cluster_size = 1
cluster_layout = front_tail_split
has_valid_anchor = true
dominant_cluster_covers_majority = false
isolated_split_like = false
tie_break_vector = final=27|family=22|pointer=0|isolated=0|blob=0|scalar=0|text=0|clone=10|mirror=0|neg=0|addr=0x3DC0A711F88
rank_reason = anchored fragmented split penalty fired on singleton-only split layout despite valid anchor; family size 22 raised clone penalty
positive = target value matches, f08 nonzero, f08 not float-like, f18 nonzero, f18 not float-like, f20 nonzero, f20 not float-like, f68 nonzero, f68 not float-like, f70 nonzero, f70 not float-like, f78 nonzero, f78 not float-like, f58 nonzero, f58 not float-like, front metadata present, tail reference block present
negative = none

--- Candidate #61 ---
value_addr = 0x3DC0A7DA98C
base_addr  = 0x3DC0A7DA964
f08 = 0x0C200B0B
f18 = 0x200C0238
f20 = 0x02384248
f28 = 0x42C80000 (100.0)
f58 = 0xB4FED841
f68 = 0x3A014102
f70 = 0x10004100
f78 = 0x0C022A00
rank_position = 61
base_score = 40
prescore_score = 40
final_score = 27
total adjustment = -13
score = 27
hard_pass = true
flags = target_match, strong_front_block, strong_tail_block, object_like, anchored_fragmented_split_like, template_clone_family
score_breakdown = +10 target_match; +2 f08_nonzero; +2 f08_not_floatlike; +2 f18_nonzero; +2 f18_not_floatlike; +2 f20_nonzero; +2 f20_not_floatlike; +2 f68_nonzero; +2 f68_not_floatlike; +2 f70_nonzero; +2 f70_not_floatlike; +2 f78_nonzero; +2 f78_not_floatlike; +3 f58_nonzero; +2 f58_not_floatlike; +1 legacy_pointer_balanced_compat; -3 anchored_fragmented_split_penalty; -10 clone_penalty
code_blob_score = 0
code_blob_penalty = 0
scalar_block_score = 0
scalar_block_penalty = 0
text_block_score = 0
text_block_penalty = 0
template_family_id = cls:XADXXPD|layout:front_tail_split|fptr:1|tptr:1|align:2|preg:2|dom:1|fns:0|tns:0|scalar:0|text:0|blob:0|mirror:0
clone_family_id = layout:front_tail_split|fptr:1|tptr:1|align:2|preg:2|dom:1|fns:0|tns:0|scalar:0|text:0|blob:0|mirror:0
template_family_size = 22
clone_penalty = 10
mirrored_penalty = 0
pointer_reward = 0
strong_structure_bonus = 0
sparse_anchor_tail_penalty = 0
anchored_fragmented_split_penalty = 3
one_sided_anchorless_split_penalty = 0
anchorless_partial_split_penalty = 0
isolated_split_penalty = 0
pointer_alignment_count = 2
pointer_region_count = 2
pointer_fields = f18, f70
pointer_cluster_count = 4
front_cluster_count = 2
tail_cluster_count = 2
front_non_singleton_cluster_count = 0
tail_non_singleton_cluster_count = 0
dominant_cluster_size = 1
cluster_layout = front_tail_split
has_valid_anchor = true
dominant_cluster_covers_majority = false
isolated_split_like = false
tie_break_vector = final=27|family=22|pointer=0|isolated=0|blob=0|scalar=0|text=0|clone=10|mirror=0|neg=0|addr=0x3DC0A7DA98C
rank_reason = anchored fragmented split penalty fired on singleton-only split layout despite valid anchor; family size 22 raised clone penalty
positive = target value matches, f08 nonzero, f08 not float-like, f18 nonzero, f18 not float-like, f20 nonzero, f20 not float-like, f68 nonzero, f68 not float-like, f70 nonzero, f70 not float-like, f78 nonzero, f78 not float-like, f58 nonzero, f58 not float-like, front metadata present, tail reference block present
negative = none

--- Candidate #62 ---
value_addr = 0xB3A0B5CD170
base_addr  = 0xB3A0B5CD148
f08 = 0x8BB8758B
f18 = 0xF04D8B48
f20 = 0x4410FAC5
f28 = 0x42C80000 (100.0)
f58 = 0xD285D123
f68 = 0xB04589D0
f70 = 0x4D8BC04D
f78 = 0xE8558B48
rank_position = 62
base_score = 40
prescore_score = 40
final_score = 27
total adjustment = -13
score = 27
hard_pass = true
flags = target_match, strong_front_block, strong_tail_block, object_like, anchored_fragmented_split_like, template_clone_family
score_breakdown = +10 target_match; +2 f08_nonzero; +2 f08_not_floatlike; +2 f18_nonzero; +2 f18_not_floatlike; +2 f20_nonzero; +2 f20_not_floatlike; +2 f68_nonzero; +2 f68_not_floatlike; +2 f70_nonzero; +2 f70_not_floatlike; +2 f78_nonzero; +2 f78_not_floatlike; +3 f58_nonzero; +2 f58_not_floatlike; +1 legacy_pointer_balanced_compat; -3 anchored_fragmented_split_penalty; -10 clone_penalty
code_blob_score = 0
code_blob_penalty = 0
scalar_block_score = 0
scalar_block_penalty = 0
text_block_score = 0
text_block_penalty = 0
template_family_id = cls:XAXXPXD|layout:front_tail_split|fptr:1|tptr:1|align:2|preg:2|dom:1|fns:0|tns:0|scalar:0|text:0|blob:0|mirror:0
clone_family_id = layout:front_tail_split|fptr:1|tptr:1|align:2|preg:2|dom:1|fns:0|tns:0|scalar:0|text:0|blob:0|mirror:0
template_family_size = 22
clone_penalty = 10
mirrored_penalty = 0
pointer_reward = 0
strong_structure_bonus = 0
sparse_anchor_tail_penalty = 0
anchored_fragmented_split_penalty = 3
one_sided_anchorless_split_penalty = 0
anchorless_partial_split_penalty = 0
isolated_split_penalty = 0
pointer_alignment_count = 2
pointer_region_count = 2
pointer_fields = f18, f68
pointer_cluster_count = 3
front_cluster_count = 1
tail_cluster_count = 2
front_non_singleton_cluster_count = 0
tail_non_singleton_cluster_count = 0
dominant_cluster_size = 1
cluster_layout = front_tail_split
has_valid_anchor = true
dominant_cluster_covers_majority = false
isolated_split_like = false
tie_break_vector = final=27|family=22|pointer=0|isolated=0|blob=0|scalar=0|text=0|clone=10|mirror=0|neg=0|addr=0xB3A0B5CD170
rank_reason = anchored fragmented split penalty fired on singleton-only split layout despite valid anchor; family size 22 raised clone penalty
positive = target value matches, f08 nonzero, f08 not float-like, f18 nonzero, f18 not float-like, f20 nonzero, f20 not float-like, f68 nonzero, f68 not float-like, f70 nonzero, f70 not float-like, f78 nonzero, f78 not float-like, f58 nonzero, f58 not float-like, front metadata present, tail reference block present
negative = none

--- Candidate #63 ---
value_addr = 0xB3A0B60A170
base_addr  = 0xB3A0B60A148
f08 = 0xFC20958B
f18 = 0x10FAC5FF
f20 = 0xFD108D10
f28 = 0x42C80000 (100.0)
f58 = 0xC50F1411
f68 = 0x98858B44
f70 = 0x1C117A21
f78 = 0xFFFDF8A5
rank_position = 63
base_score = 40
prescore_score = 40
final_score = 27
total adjustment = -13
score = 27
hard_pass = true
flags = target_match, strong_front_block, strong_tail_block, object_like, anchored_fragmented_split_like, template_clone_family
score_breakdown = +10 target_match; +2 f08_nonzero; +2 f08_not_floatlike; +2 f18_nonzero; +2 f18_not_floatlike; +2 f20_nonzero; +2 f20_not_floatlike; +2 f68_nonzero; +2 f68_not_floatlike; +2 f70_nonzero; +2 f70_not_floatlike; +2 f78_nonzero; +2 f78_not_floatlike; +3 f58_nonzero; +2 f58_not_floatlike; +1 legacy_pointer_balanced_compat; -3 anchored_fragmented_split_penalty; -10 clone_penalty
code_blob_score = 0
code_blob_penalty = 0
scalar_block_score = 0
scalar_block_penalty = 0
text_block_score = 0
text_block_penalty = 0
template_family_id = cls:XXAXPXX|layout:front_tail_split|fptr:1|tptr:1|align:2|preg:2|dom:1|fns:0|tns:0|scalar:0|text:0|blob:0|mirror:0
clone_family_id = layout:front_tail_split|fptr:1|tptr:1|align:2|preg:2|dom:1|fns:0|tns:0|scalar:0|text:0|blob:0|mirror:0
template_family_size = 22
clone_penalty = 10
mirrored_penalty = 0
pointer_reward = 0
strong_structure_bonus = 0
sparse_anchor_tail_penalty = 0
anchored_fragmented_split_penalty = 3
one_sided_anchorless_split_penalty = 0
anchorless_partial_split_penalty = 0
isolated_split_penalty = 0
pointer_alignment_count = 2
pointer_region_count = 2
pointer_fields = f20, f68
pointer_cluster_count = 2
front_cluster_count = 1
tail_cluster_count = 1
front_non_singleton_cluster_count = 0
tail_non_singleton_cluster_count = 0
dominant_cluster_size = 1
cluster_layout = front_tail_split
has_valid_anchor = true
dominant_cluster_covers_majority = false
isolated_split_like = false
tie_break_vector = final=27|family=22|pointer=0|isolated=0|blob=0|scalar=0|text=0|clone=10|mirror=0|neg=0|addr=0xB3A0B60A170
rank_reason = anchored fragmented split penalty fired on singleton-only split layout despite valid anchor; family size 22 raised clone penalty
positive = target value matches, f08 nonzero, f08 not float-like, f18 nonzero, f18 not float-like, f20 nonzero, f20 not float-like, f68 nonzero, f68 not float-like, f70 nonzero, f70 not float-like, f78 nonzero, f78 not float-like, f58 nonzero, f58 not float-like, front metadata present, tail reference block present
negative = none

--- Candidate #64 ---
value_addr = 0xB3A0B60E138
base_addr  = 0xB3A0B60E110
f08 = 0x458B48FF
f18 = 0x9D8B44A0
f20 = 0xFF608D8B
f28 = 0x42C80000 (100.0)
f58 = 0x458B44D8
f68 = 0x41FFFFFF
f70 = 0x79C1C442
f78 = 0x840F0080
rank_position = 64
base_score = 40
prescore_score = 40
final_score = 27
total adjustment = -13
score = 27
hard_pass = true
flags = target_match, strong_front_block, strong_tail_block, object_like, anchored_fragmented_split_like, template_clone_family
score_breakdown = +10 target_match; +2 f08_nonzero; +2 f08_not_floatlike; +2 f18_nonzero; +2 f18_not_floatlike; +2 f20_nonzero; +2 f20_not_floatlike; +2 f68_nonzero; +2 f68_not_floatlike; +2 f70_nonzero; +2 f70_not_floatlike; +2 f78_nonzero; +2 f78_not_floatlike; +3 f58_nonzero; +2 f58_not_floatlike; +1 legacy_pointer_balanced_compat; -3 anchored_fragmented_split_penalty; -10 clone_penalty
code_blob_score = 0
code_blob_penalty = 0
scalar_block_score = 2
scalar_block_penalty = 0
text_block_score = 0
text_block_penalty = 0
template_family_id = cls:XAXDXXP|layout:front_tail_split|fptr:1|tptr:1|align:2|preg:2|dom:1|fns:0|tns:0|scalar:0|text:0|blob:0|mirror:0
clone_family_id = layout:front_tail_split|fptr:1|tptr:1|align:2|preg:2|dom:1|fns:0|tns:0|scalar:0|text:0|blob:0|mirror:0
template_family_size = 22
clone_penalty = 10
mirrored_penalty = 0
pointer_reward = 0
strong_structure_bonus = 0
sparse_anchor_tail_penalty = 0
anchored_fragmented_split_penalty = 3
one_sided_anchorless_split_penalty = 0
anchorless_partial_split_penalty = 0
isolated_split_penalty = 0
pointer_alignment_count = 2
pointer_region_count = 2
pointer_fields = f18, f78
pointer_cluster_count = 2
front_cluster_count = 1
tail_cluster_count = 1
front_non_singleton_cluster_count = 0
tail_non_singleton_cluster_count = 0
dominant_cluster_size = 1
cluster_layout = front_tail_split
has_valid_anchor = true
dominant_cluster_covers_majority = false
isolated_split_like = false
tie_break_vector = final=27|family=22|pointer=0|isolated=0|blob=0|scalar=0|text=0|clone=10|mirror=0|neg=0|addr=0xB3A0B60E138
rank_reason = anchored fragmented split penalty fired on singleton-only split layout despite valid anchor; family size 22 raised clone penalty
positive = target value matches, f08 nonzero, f08 not float-like, f18 nonzero, f18 not float-like, f20 nonzero, f20 not float-like, f68 nonzero, f68 not float-like, f70 nonzero, f70 not float-like, f78 nonzero, f78 not float-like, f58 nonzero, f58 not float-like, front metadata present, tail reference block present
negative = none

--- Candidate #65 ---
value_addr = 0xB3A0B60E1C0
base_addr  = 0xB3A0B60E198
f08 = 0xE8E05D8B
f18 = 0xB04D8B44
f20 = 0xFF608D8B
f28 = 0x42C80000 (100.0)
f58 = 0x8B44B845
f68 = 0xC1C442C8
f70 = 0x458BF88B
f78 = 0xC05D8B44
rank_position = 65
base_score = 40
prescore_score = 40
final_score = 27
total adjustment = -13
score = 27
hard_pass = true
flags = target_match, strong_front_block, strong_tail_block, object_like, anchored_fragmented_split_like, template_clone_family
score_breakdown = +10 target_match; +2 f08_nonzero; +2 f08_not_floatlike; +2 f18_nonzero; +2 f18_not_floatlike; +2 f20_nonzero; +2 f20_not_floatlike; +2 f68_nonzero; +2 f68_not_floatlike; +2 f70_nonzero; +2 f70_not_floatlike; +2 f78_nonzero; +2 f78_not_floatlike; +3 f58_nonzero; +2 f58_not_floatlike; +1 legacy_pointer_balanced_compat; -3 anchored_fragmented_split_penalty; -10 clone_penalty
code_blob_score = 0
code_blob_penalty = 0
scalar_block_score = 4
scalar_block_penalty = 0
text_block_score = 0
text_block_penalty = 0
template_family_id = cls:XAXXPXD|layout:front_tail_split|fptr:1|tptr:1|align:2|preg:2|dom:1|fns:0|tns:0|scalar:0|text:0|blob:0|mirror:0
clone_family_id = layout:front_tail_split|fptr:1|tptr:1|align:2|preg:2|dom:1|fns:0|tns:0|scalar:0|text:0|blob:0|mirror:0
template_family_size = 22
clone_penalty = 10
mirrored_penalty = 0
pointer_reward = 0
strong_structure_bonus = 0
sparse_anchor_tail_penalty = 0
anchored_fragmented_split_penalty = 3
one_sided_anchorless_split_penalty = 0
anchorless_partial_split_penalty = 0
isolated_split_penalty = 0
pointer_alignment_count = 2
pointer_region_count = 2
pointer_fields = f18, f68
pointer_cluster_count = 3
front_cluster_count = 1
tail_cluster_count = 2
front_non_singleton_cluster_count = 0
tail_non_singleton_cluster_count = 0
dominant_cluster_size = 1
cluster_layout = front_tail_split
has_valid_anchor = true
dominant_cluster_covers_majority = false
isolated_split_like = false
tie_break_vector = final=27|family=22|pointer=0|isolated=0|blob=0|scalar=0|text=0|clone=10|mirror=0|neg=0|addr=0xB3A0B60E1C0
rank_reason = anchored fragmented split penalty fired on singleton-only split layout despite valid anchor; family size 22 raised clone penalty
positive = target value matches, f08 nonzero, f08 not float-like, f18 nonzero, f18 not float-like, f20 nonzero, f20 not float-like, f68 nonzero, f68 not float-like, f70 nonzero, f70 not float-like, f78 nonzero, f78 not float-like, f58 nonzero, f58 not float-like, front metadata present, tail reference block present
negative = none

--- Candidate #66 ---
value_addr = 0x7544025BC214
base_addr  = 0x7544025BC1EC
f08 = 0xCC77437D
f18 = 0x2000420B
f20 = 0x02383DCC
f28 = 0x42C80000 (100.0)
f58 = 0x0B3C0236
f68 = 0x9B100120
f70 = 0x01200020
f78 = 0x7F010148
rank_position = 66
base_score = 40
prescore_score = 40
final_score = 27
total adjustment = -13
score = 27
hard_pass = true
flags = target_match, strong_front_block, strong_tail_block, object_like, anchored_fragmented_split_like, template_clone_family
score_breakdown = +10 target_match; +2 f08_nonzero; +2 f08_not_floatlike; +2 f18_nonzero; +2 f18_not_floatlike; +2 f20_nonzero; +2 f20_not_floatlike; +2 f68_nonzero; +2 f68_not_floatlike; +2 f70_nonzero; +2 f70_not_floatlike; +2 f78_nonzero; +2 f78_not_floatlike; +3 f58_nonzero; +2 f58_not_floatlike; +1 legacy_pointer_balanced_compat; -3 anchored_fragmented_split_penalty; -10 clone_penalty
code_blob_score = 0
code_blob_penalty = 0
scalar_block_score = 0
scalar_block_penalty = 0
text_block_score = 0
text_block_penalty = 0
template_family_id = cls:XXAXPDD|layout:front_tail_split|fptr:1|tptr:1|align:2|preg:2|dom:1|fns:0|tns:0|scalar:0|text:0|blob:0|mirror:0
clone_family_id = layout:front_tail_split|fptr:1|tptr:1|align:2|preg:2|dom:1|fns:0|tns:0|scalar:0|text:0|blob:0|mirror:0
template_family_size = 22
clone_penalty = 10
mirrored_penalty = 0
pointer_reward = 0
strong_structure_bonus = 0
sparse_anchor_tail_penalty = 0
anchored_fragmented_split_penalty = 3
one_sided_anchorless_split_penalty = 0
anchorless_partial_split_penalty = 0
isolated_split_penalty = 0
pointer_alignment_count = 2
pointer_region_count = 2
pointer_fields = f20, f68
pointer_cluster_count = 4
front_cluster_count = 1
tail_cluster_count = 3
front_non_singleton_cluster_count = 0
tail_non_singleton_cluster_count = 0
dominant_cluster_size = 1
cluster_layout = front_tail_split
has_valid_anchor = true
dominant_cluster_covers_majority = false
isolated_split_like = false
tie_break_vector = final=27|family=22|pointer=0|isolated=0|blob=0|scalar=0|text=0|clone=10|mirror=0|neg=0|addr=0x7544025BC214
rank_reason = anchored fragmented split penalty fired on singleton-only split layout despite valid anchor; family size 22 raised clone penalty
positive = target value matches, f08 nonzero, f08 not float-like, f18 nonzero, f18 not float-like, f20 nonzero, f20 not float-like, f68 nonzero, f68 not float-like, f70 nonzero, f70 not float-like, f78 nonzero, f78 not float-like, f58 nonzero, f58 not float-like, front metadata present, tail reference block present
negative = none

--- Candidate #67 ---
value_addr = 0x7544027264B0
base_addr  = 0x754402726488
f08 = 0x01220002
f18 = 0x01F5D1DC
f20 = 0x0043559D
f28 = 0x42C80000 (100.0)
f58 = 0x7101FFFF
f68 = 0x28000228
f70 = 0x41711FFF
f78 = 0x40040005
rank_position = 67
base_score = 40
prescore_score = 40
final_score = 27
total adjustment = -13
score = 27
hard_pass = true
flags = target_match, strong_front_block, strong_tail_block, object_like, anchored_fragmented_split_like, template_clone_family
score_breakdown = +10 target_match; +2 f08_nonzero; +2 f08_not_floatlike; +2 f18_nonzero; +2 f18_not_floatlike; +2 f20_nonzero; +2 f20_not_floatlike; +2 f68_nonzero; +2 f68_not_floatlike; +2 f70_nonzero; +2 f70_not_floatlike; +2 f78_nonzero; +2 f78_not_floatlike; +3 f58_nonzero; +2 f58_not_floatlike; +1 legacy_pointer_balanced_compat; -3 anchored_fragmented_split_penalty; -10 clone_penalty
code_blob_score = 0
code_blob_penalty = 0
scalar_block_score = 0
scalar_block_penalty = 0
text_block_score = 0
text_block_penalty = 0
template_family_id = cls:XAXXPXX|layout:front_tail_split|fptr:1|tptr:1|align:2|preg:2|dom:1|fns:0|tns:0|scalar:0|text:0|blob:0|mirror:0
clone_family_id = layout:front_tail_split|fptr:1|tptr:1|align:2|preg:2|dom:1|fns:0|tns:0|scalar:0|text:0|blob:0|mirror:0
template_family_size = 22
clone_penalty = 10
mirrored_penalty = 0
pointer_reward = 0
strong_structure_bonus = 0
sparse_anchor_tail_penalty = 0
anchored_fragmented_split_penalty = 3
one_sided_anchorless_split_penalty = 0
anchorless_partial_split_penalty = 0
isolated_split_penalty = 0
pointer_alignment_count = 2
pointer_region_count = 2
pointer_fields = f18, f68
pointer_cluster_count = 2
front_cluster_count = 1
tail_cluster_count = 1
front_non_singleton_cluster_count = 0
tail_non_singleton_cluster_count = 0
dominant_cluster_size = 1
cluster_layout = front_tail_split
has_valid_anchor = true
dominant_cluster_covers_majority = false
isolated_split_like = false
tie_break_vector = final=27|family=22|pointer=0|isolated=0|blob=0|scalar=0|text=0|clone=10|mirror=0|neg=0|addr=0x7544027264B0
rank_reason = anchored fragmented split penalty fired on singleton-only split layout despite valid anchor; family size 22 raised clone penalty
positive = target value matches, f08 nonzero, f08 not float-like, f18 nonzero, f18 not float-like, f20 nonzero, f20 not float-like, f68 nonzero, f68 not float-like, f70 nonzero, f70 not float-like, f78 nonzero, f78 not float-like, f58 nonzero, f58 not float-like, front metadata present, tail reference block present
negative = none

--- Candidate #68 ---
value_addr = 0x7544029B4F80
base_addr  = 0x7544029B4F58
f08 = 0x04200621
f18 = 0x4301B021
f20 = 0x95019D20
f28 = 0x42C80000 (100.0)
f58 = 0x019E2001
f68 = 0x0EFA3543
f70 = 0x01A42001
f78 = 0xB721943C
rank_position = 68
base_score = 40
prescore_score = 40
final_score = 27
total adjustment = -13
score = 27
hard_pass = true
flags = target_match, strong_front_block, strong_tail_block, object_like, anchored_fragmented_split_like, template_clone_family
score_breakdown = +10 target_match; +2 f08_nonzero; +2 f08_not_floatlike; +2 f18_nonzero; +2 f18_not_floatlike; +2 f20_nonzero; +2 f20_not_floatlike; +2 f68_nonzero; +2 f68_not_floatlike; +2 f70_nonzero; +2 f70_not_floatlike; +2 f78_nonzero; +2 f78_not_floatlike; +3 f58_nonzero; +2 f58_not_floatlike; +1 legacy_pointer_balanced_compat; -3 anchored_fragmented_split_penalty; -10 clone_penalty
code_blob_score = 0
code_blob_penalty = 0
scalar_block_score = 2
scalar_block_penalty = 0
text_block_score = 0
text_block_penalty = 0
template_family_id = cls:XXAXXXP|layout:front_tail_split|fptr:1|tptr:1|align:2|preg:2|dom:1|fns:0|tns:0|scalar:0|text:0|blob:0|mirror:0
clone_family_id = layout:front_tail_split|fptr:1|tptr:1|align:2|preg:2|dom:1|fns:0|tns:0|scalar:0|text:0|blob:0|mirror:0
template_family_size = 22
clone_penalty = 10
mirrored_penalty = 0
pointer_reward = 0
strong_structure_bonus = 0
sparse_anchor_tail_penalty = 0
anchored_fragmented_split_penalty = 3
one_sided_anchorless_split_penalty = 0
anchorless_partial_split_penalty = 0
isolated_split_penalty = 0
pointer_alignment_count = 2
pointer_region_count = 2
pointer_fields = f20, f78
pointer_cluster_count = 2
front_cluster_count = 1
tail_cluster_count = 1
front_non_singleton_cluster_count = 0
tail_non_singleton_cluster_count = 0
dominant_cluster_size = 1
cluster_layout = front_tail_split
has_valid_anchor = true
dominant_cluster_covers_majority = false
isolated_split_like = false
tie_break_vector = final=27|family=22|pointer=0|isolated=0|blob=0|scalar=0|text=0|clone=10|mirror=0|neg=0|addr=0x7544029B4F80
rank_reason = anchored fragmented split penalty fired on singleton-only split layout despite valid anchor; family size 22 raised clone penalty
positive = target value matches, f08 nonzero, f08 not float-like, f18 nonzero, f18 not float-like, f20 nonzero, f20 not float-like, f68 nonzero, f68 not float-like, f70 nonzero, f70 not float-like, f78 nonzero, f78 not float-like, f58 nonzero, f58 not float-like, front metadata present, tail reference block present
negative = none

--- Candidate #69 ---
value_addr = 0x754402A779F8
base_addr  = 0x754402A779D0
f08 = 0x05000236
f18 = 0x2200022A
f20 = 0x215D0000
f28 = 0x42C80000 (100.0)
f58 = 0x03200002
f68 = 0x40044900
f70 = 0x20000236
f78 = 0x04410002
rank_position = 69
base_score = 40
prescore_score = 40
final_score = 27
total adjustment = -13
score = 27
hard_pass = true
flags = target_match, strong_front_block, strong_tail_block, object_like, anchored_fragmented_split_like, template_clone_family
score_breakdown = +10 target_match; +2 f08_nonzero; +2 f08_not_floatlike; +2 f18_nonzero; +2 f18_not_floatlike; +2 f20_nonzero; +2 f20_not_floatlike; +2 f68_nonzero; +2 f68_not_floatlike; +2 f70_nonzero; +2 f70_not_floatlike; +2 f78_nonzero; +2 f78_not_floatlike; +3 f58_nonzero; +2 f58_not_floatlike; +1 legacy_pointer_balanced_compat; -3 anchored_fragmented_split_penalty; -10 clone_penalty
code_blob_score = 0
code_blob_penalty = 0
scalar_block_score = 2
scalar_block_penalty = 0
text_block_score = 0
text_block_penalty = 0
template_family_id = cls:XXAXPXX|layout:front_tail_split|fptr:1|tptr:1|align:2|preg:2|dom:1|fns:0|tns:0|scalar:0|text:0|blob:0|mirror:0
clone_family_id = layout:front_tail_split|fptr:1|tptr:1|align:2|preg:2|dom:1|fns:0|tns:0|scalar:0|text:0|blob:0|mirror:0
template_family_size = 22
clone_penalty = 10
mirrored_penalty = 0
pointer_reward = 0
strong_structure_bonus = 0
sparse_anchor_tail_penalty = 0
anchored_fragmented_split_penalty = 3
one_sided_anchorless_split_penalty = 0
anchorless_partial_split_penalty = 0
isolated_split_penalty = 0
pointer_alignment_count = 2
pointer_region_count = 2
pointer_fields = f20, f68
pointer_cluster_count = 2
front_cluster_count = 1
tail_cluster_count = 1
front_non_singleton_cluster_count = 0
tail_non_singleton_cluster_count = 0
dominant_cluster_size = 1
cluster_layout = front_tail_split
has_valid_anchor = true
dominant_cluster_covers_majority = false
isolated_split_like = false
tie_break_vector = final=27|family=22|pointer=0|isolated=0|blob=0|scalar=0|text=0|clone=10|mirror=0|neg=0|addr=0x754402A779F8
rank_reason = anchored fragmented split penalty fired on singleton-only split layout despite valid anchor; family size 22 raised clone penalty
positive = target value matches, f08 nonzero, f08 not float-like, f18 nonzero, f18 not float-like, f20 nonzero, f20 not float-like, f68 nonzero, f68 not float-like, f70 nonzero, f70 not float-like, f78 nonzero, f78 not float-like, f58 nonzero, f58 not float-like, front metadata present, tail reference block present
negative = none

--- Candidate #70 ---
value_addr = 0x754402C2E524
base_addr  = 0x754402C2E4FC
f08 = 0x7301410A
f18 = 0x10022A0C
f20 = 0x2A182204
f28 = 0x42C80000 (100.0)
f58 = 0x03202003
f68 = 0x00000043
f70 = 0x02280020
f78 = 0x360C200D
rank_position = 70
base_score = 40
prescore_score = 40
final_score = 27
total adjustment = -13
score = 27
hard_pass = true
flags = target_match, strong_front_block, strong_tail_block, object_like, anchored_fragmented_split_like, template_clone_family
score_breakdown = +10 target_match; +2 f08_nonzero; +2 f08_not_floatlike; +2 f18_nonzero; +2 f18_not_floatlike; +2 f20_nonzero; +2 f20_not_floatlike; +2 f68_nonzero; +2 f68_not_floatlike; +2 f70_nonzero; +2 f70_not_floatlike; +2 f78_nonzero; +2 f78_not_floatlike; +3 f58_nonzero; +2 f58_not_floatlike; +1 legacy_pointer_balanced_compat; -3 anchored_fragmented_split_penalty; -10 clone_penalty
code_blob_score = 0
code_blob_penalty = 0
scalar_block_score = 0
scalar_block_penalty = 0
text_block_score = 0
text_block_penalty = 0
template_family_id = cls:XADXSPX|layout:front_tail_split|fptr:1|tptr:1|align:2|preg:2|dom:1|fns:0|tns:0|scalar:0|text:0|blob:0|mirror:0
clone_family_id = layout:front_tail_split|fptr:1|tptr:1|align:2|preg:2|dom:1|fns:0|tns:0|scalar:0|text:0|blob:0|mirror:0
template_family_size = 22
clone_penalty = 10
mirrored_penalty = 0
pointer_reward = 0
strong_structure_bonus = 0
sparse_anchor_tail_penalty = 0
anchored_fragmented_split_penalty = 3
one_sided_anchorless_split_penalty = 0
anchorless_partial_split_penalty = 0
isolated_split_penalty = 0
pointer_alignment_count = 2
pointer_region_count = 2
pointer_fields = f18, f70
pointer_cluster_count = 3
front_cluster_count = 2
tail_cluster_count = 1
front_non_singleton_cluster_count = 0
tail_non_singleton_cluster_count = 0
dominant_cluster_size = 1
cluster_layout = front_tail_split
has_valid_anchor = true
dominant_cluster_covers_majority = false
isolated_split_like = false
tie_break_vector = final=27|family=22|pointer=0|isolated=0|blob=0|scalar=0|text=0|clone=10|mirror=0|neg=0|addr=0x754402C2E524
rank_reason = anchored fragmented split penalty fired on singleton-only split layout despite valid anchor; family size 22 raised clone penalty
positive = target value matches, f08 nonzero, f08 not float-like, f18 nonzero, f18 not float-like, f20 nonzero, f20 not float-like, f68 nonzero, f68 not float-like, f70 nonzero, f70 not float-like, f78 nonzero, f78 not float-like, f58 nonzero, f58 not float-like, front metadata present, tail reference block present
negative = none

--- Candidate #71 ---
value_addr = 0x754402DEB390
base_addr  = 0x754402DEB368
f08 = 0x7301410A
f18 = 0x10022A0C
f20 = 0x2A182204
f28 = 0x42C80000 (100.0)
f58 = 0x03202003
f68 = 0x00000043
f70 = 0x02280020
f78 = 0x360C200D
rank_position = 71
base_score = 40
prescore_score = 40
final_score = 27
total adjustment = -13
score = 27
hard_pass = true
flags = target_match, strong_front_block, strong_tail_block, object_like, anchored_fragmented_split_like, template_clone_family
score_breakdown = +10 target_match; +2 f08_nonzero; +2 f08_not_floatlike; +2 f18_nonzero; +2 f18_not_floatlike; +2 f20_nonzero; +2 f20_not_floatlike; +2 f68_nonzero; +2 f68_not_floatlike; +2 f70_nonzero; +2 f70_not_floatlike; +2 f78_nonzero; +2 f78_not_floatlike; +3 f58_nonzero; +2 f58_not_floatlike; +1 legacy_pointer_balanced_compat; -3 anchored_fragmented_split_penalty; -10 clone_penalty
code_blob_score = 0
code_blob_penalty = 0
scalar_block_score = 0
scalar_block_penalty = 0
text_block_score = 0
text_block_penalty = 0
template_family_id = cls:XADXSPX|layout:front_tail_split|fptr:1|tptr:1|align:2|preg:2|dom:1|fns:0|tns:0|scalar:0|text:0|blob:0|mirror:0
clone_family_id = layout:front_tail_split|fptr:1|tptr:1|align:2|preg:2|dom:1|fns:0|tns:0|scalar:0|text:0|blob:0|mirror:0
template_family_size = 22
clone_penalty = 10
mirrored_penalty = 0
pointer_reward = 0
strong_structure_bonus = 0
sparse_anchor_tail_penalty = 0
anchored_fragmented_split_penalty = 3
one_sided_anchorless_split_penalty = 0
anchorless_partial_split_penalty = 0
isolated_split_penalty = 0
pointer_alignment_count = 2
pointer_region_count = 2
pointer_fields = f18, f70
pointer_cluster_count = 3
front_cluster_count = 2
tail_cluster_count = 1
front_non_singleton_cluster_count = 0
tail_non_singleton_cluster_count = 0
dominant_cluster_size = 1
cluster_layout = front_tail_split
has_valid_anchor = true
dominant_cluster_covers_majority = false
isolated_split_like = false
tie_break_vector = final=27|family=22|pointer=0|isolated=0|blob=0|scalar=0|text=0|clone=10|mirror=0|neg=0|addr=0x754402DEB390
rank_reason = anchored fragmented split penalty fired on singleton-only split layout despite valid anchor; family size 22 raised clone penalty
positive = target value matches, f08 nonzero, f08 not float-like, f18 nonzero, f18 not float-like, f20 nonzero, f20 not float-like, f68 nonzero, f68 not float-like, f70 nonzero, f70 not float-like, f78 nonzero, f78 not float-like, f58 nonzero, f58 not float-like, front metadata present, tail reference block present
negative = none

--- Candidate #72 ---
value_addr = 0x754402DF4788
base_addr  = 0x754402DF4760
f08 = 0x7301410A
f18 = 0x10022A0C
f20 = 0x2A182204
f28 = 0x42C80000 (100.0)
f58 = 0x03202003
f68 = 0x00000043
f70 = 0x02280020
f78 = 0x360C200D
rank_position = 72
base_score = 40
prescore_score = 40
final_score = 27
total adjustment = -13
score = 27
hard_pass = true
flags = target_match, strong_front_block, strong_tail_block, object_like, anchored_fragmented_split_like, template_clone_family
score_breakdown = +10 target_match; +2 f08_nonzero; +2 f08_not_floatlike; +2 f18_nonzero; +2 f18_not_floatlike; +2 f20_nonzero; +2 f20_not_floatlike; +2 f68_nonzero; +2 f68_not_floatlike; +2 f70_nonzero; +2 f70_not_floatlike; +2 f78_nonzero; +2 f78_not_floatlike; +3 f58_nonzero; +2 f58_not_floatlike; +1 legacy_pointer_balanced_compat; -3 anchored_fragmented_split_penalty; -10 clone_penalty
code_blob_score = 0
code_blob_penalty = 0
scalar_block_score = 0
scalar_block_penalty = 0
text_block_score = 0
text_block_penalty = 0
template_family_id = cls:XADXSPX|layout:front_tail_split|fptr:1|tptr:1|align:2|preg:2|dom:1|fns:0|tns:0|scalar:0|text:0|blob:0|mirror:0
clone_family_id = layout:front_tail_split|fptr:1|tptr:1|align:2|preg:2|dom:1|fns:0|tns:0|scalar:0|text:0|blob:0|mirror:0
template_family_size = 22
clone_penalty = 10
mirrored_penalty = 0
pointer_reward = 0
strong_structure_bonus = 0
sparse_anchor_tail_penalty = 0
anchored_fragmented_split_penalty = 3
one_sided_anchorless_split_penalty = 0
anchorless_partial_split_penalty = 0
isolated_split_penalty = 0
pointer_alignment_count = 2
pointer_region_count = 2
pointer_fields = f18, f70
pointer_cluster_count = 3
front_cluster_count = 2
tail_cluster_count = 1
front_non_singleton_cluster_count = 0
tail_non_singleton_cluster_count = 0
dominant_cluster_size = 1
cluster_layout = front_tail_split
has_valid_anchor = true
dominant_cluster_covers_majority = false
isolated_split_like = false
tie_break_vector = final=27|family=22|pointer=0|isolated=0|blob=0|scalar=0|text=0|clone=10|mirror=0|neg=0|addr=0x754402DF4788
rank_reason = anchored fragmented split penalty fired on singleton-only split layout despite valid anchor; family size 22 raised clone penalty
positive = target value matches, f08 nonzero, f08 not float-like, f18 nonzero, f18 not float-like, f20 nonzero, f20 not float-like, f68 nonzero, f68 not float-like, f70 nonzero, f70 not float-like, f78 nonzero, f78 not float-like, f58 nonzero, f58 not float-like, front metadata present, tail reference block present
negative = none

--- Candidate #73 ---
value_addr = 0x3DA06A9D164
base_addr  = 0x3DA06A9D13C
f08 = 0xBE0A1EE3
f18 = 0x3E0A1DA8
f20 = 0x42BC970E
f28 = 0x42C80000 (100.0)
f58 = 0xC2834559
f68 = 0xC151F840
f70 = 0xBF5E4335
f78 = 0xC08A2402
rank_position = 73
base_score = 40
prescore_score = 40
final_score = 26
total adjustment = -14
score = 26
hard_pass = true
flags = target_match, strong_front_block, strong_tail_block, object_like, anchorless_partial_split_like, isolated_split_like, template_clone_family
score_breakdown = +10 target_match; +2 f08_nonzero; +2 f08_not_floatlike; +2 f18_nonzero; +2 f18_not_floatlike; +2 f20_nonzero; +2 f20_not_floatlike; +2 f68_nonzero; +2 f68_not_floatlike; +2 f70_nonzero; +2 f70_not_floatlike; +2 f78_nonzero; +2 f78_not_floatlike; +3 f58_nonzero; +2 f58_not_floatlike; +1 legacy_pointer_balanced_compat; -2 anchorless_partial_split_penalty; -2 isolated_split_penalty(no_anchor_no_non_singleton_split_support); -10 clone_penalty
code_blob_score = 0
code_blob_penalty = 0
scalar_block_score = 4
scalar_block_penalty = 0
text_block_score = 0
text_block_penalty = 0
template_family_id = cls:XPXXPXX|layout:front_tail_split|fptr:1|tptr:1|align:2|preg:2|dom:1|fns:0|tns:0|scalar:0|text:0|blob:0|mirror:0
clone_family_id = layout:front_tail_split|fptr:1|tptr:1|align:2|preg:2|dom:1|fns:0|tns:0|scalar:0|text:0|blob:0|mirror:0
template_family_size = 22
clone_penalty = 10
mirrored_penalty = 0
pointer_reward = 0
strong_structure_bonus = 0
sparse_anchor_tail_penalty = 0
anchored_fragmented_split_penalty = 0
one_sided_anchorless_split_penalty = 0
anchorless_partial_split_penalty = 2
isolated_split_penalty = 2
pointer_alignment_count = 2
pointer_region_count = 2
pointer_fields = f18, f68
pointer_cluster_count = 2
front_cluster_count = 1
tail_cluster_count = 1
front_non_singleton_cluster_count = 0
tail_non_singleton_cluster_count = 0
dominant_cluster_size = 1
cluster_layout = front_tail_split
has_valid_anchor = false
dominant_cluster_covers_majority = false
isolated_split_like = true
tie_break_vector = final=26|family=22|pointer=0|isolated=2|blob=0|scalar=0|text=0|clone=10|mirror=0|neg=0|addr=0x3DA06A9D164
rank_reason = anchorless partial split penalty fired on one-sided split layout without valid anchor; isolated split penalty fired on fragmentary split layout with no valid anchor and no non-singleton split support; family size 22 raised clone penalty
positive = target value matches, f08 nonzero, f08 not float-like, f18 nonzero, f18 not float-like, f20 nonzero, f20 not float-like, f68 nonzero, f68 not float-like, f70 nonzero, f70 not float-like, f78 nonzero, f78 not float-like, f58 nonzero, f58 not float-like, front metadata present, tail reference block present
negative = none

--- Candidate #74 ---
value_addr = 0x3DA00BC7A50
base_addr  = 0x3DA00BC7A28
f08 = 0xBC7AD8E0
f18 = 0x3A644D8C
f20 = 0x43D90000
f28 = 0x42C80000 (100.0)
f58 = 0x3F3438C2
f68 = 0xBF5E4353
f70 = 0xC08DA5FE
f78 = 0xBE0A1EE0
rank_position = 74
base_score = 40
prescore_score = 40
final_score = 25
total adjustment = -15
score = 25
hard_pass = true
flags = target_match, strong_front_block, strong_tail_block, object_like, anchorless_partial_split_like, isolated_split_like, scalar_block_like, text_block_like, template_clone_family
score_breakdown = +10 target_match; +2 f08_nonzero; +2 f08_not_floatlike; +2 f18_nonzero; +2 f18_not_floatlike; +2 f20_nonzero; +2 f20_not_floatlike; +2 f68_nonzero; +2 f68_not_floatlike; +2 f70_nonzero; +2 f70_not_floatlike; +2 f78_nonzero; +2 f78_not_floatlike; +3 f58_nonzero; +2 f58_not_floatlike; +1 legacy_pointer_balanced_compat; -2 anchorless_partial_split_penalty; -2 isolated_split_penalty(no_anchor_no_non_singleton_split_support); -3 scalar_block_penalty; -3 text_block_penalty; -5 clone_penalty
code_blob_score = 0
code_blob_penalty = 0
scalar_block_score = 13
scalar_block_penalty = 3
text_block_score = 9
text_block_penalty = 3
template_family_id = cls:PDDXXXP|layout:front_tail_split|fptr:1|tptr:1|align:2|preg:2|dom:1|fns:0|tns:0|scalar:medium|text:low|blob:0|mirror:0
clone_family_id = layout:front_tail_split|fptr:1|tptr:1|align:2|preg:2|dom:1|fns:0|tns:0|scalar:medium|text:low|blob:0|mirror:0
template_family_size = 2
clone_penalty = 5
mirrored_penalty = 0
pointer_reward = 0
strong_structure_bonus = 0
sparse_anchor_tail_penalty = 0
anchored_fragmented_split_penalty = 0
one_sided_anchorless_split_penalty = 0
anchorless_partial_split_penalty = 2
isolated_split_penalty = 2
pointer_alignment_count = 2
pointer_region_count = 2
pointer_fields = f08, f78
pointer_cluster_count = 4
front_cluster_count = 3
tail_cluster_count = 1
front_non_singleton_cluster_count = 0
tail_non_singleton_cluster_count = 0
dominant_cluster_size = 1
cluster_layout = front_tail_split
has_valid_anchor = false
dominant_cluster_covers_majority = false
isolated_split_like = true
tie_break_vector = final=25|family=2|pointer=0|isolated=2|blob=0|scalar=3|text=3|clone=5|mirror=0|neg=0|addr=0x3DA00BC7A50
rank_reason = anchorless partial split penalty fired on one-sided split layout without valid anchor; isolated split penalty fired on fragmentary split layout with no valid anchor and no non-singleton split support; scalar penalty fired on float-like/scalar template; text penalty fired on little-endian ASCII/UTF16-like chunks; family size 2 raised clone penalty
positive = target value matches, f08 nonzero, f08 not float-like, f18 nonzero, f18 not float-like, f20 nonzero, f20 not float-like, f68 nonzero, f68 not float-like, f70 nonzero, f70 not float-like, f78 nonzero, f78 not float-like, f58 nonzero, f58 not float-like, front metadata present, tail reference block present
negative = none

--- Candidate #75 ---
value_addr = 0x3DA06D2B160
base_addr  = 0x3DA06D2B138
f08 = 0x3B323368
f18 = 0xBB323240
f20 = 0x3F7DA8E6
f28 = 0x42C80000 (100.0)
f58 = 0xBF4C44B6
f68 = 0xBF35D075
f70 = 0x3B7BCB81
f78 = 0xBEFE0B48
rank_position = 75
base_score = 40
prescore_score = 40
final_score = 25
total adjustment = -15
score = 25
hard_pass = true
flags = target_match, strong_front_block, strong_tail_block, object_like, anchorless_partial_split_like, isolated_split_like, scalar_block_like, text_block_like, template_clone_family
score_breakdown = +10 target_match; +2 f08_nonzero; +2 f08_not_floatlike; +2 f18_nonzero; +2 f18_not_floatlike; +2 f20_nonzero; +2 f20_not_floatlike; +2 f68_nonzero; +2 f68_not_floatlike; +2 f70_nonzero; +2 f70_not_floatlike; +2 f78_nonzero; +2 f78_not_floatlike; +3 f58_nonzero; +2 f58_not_floatlike; +1 legacy_pointer_balanced_compat; -2 anchorless_partial_split_penalty; -2 isolated_split_penalty(no_anchor_no_non_singleton_split_support); -3 scalar_block_penalty; -3 text_block_penalty; -5 clone_penalty
code_blob_score = 0
code_blob_penalty = 0
scalar_block_score = 11
scalar_block_penalty = 3
text_block_score = 6
text_block_penalty = 3
template_family_id = cls:PDXXXXP|layout:front_tail_split|fptr:1|tptr:1|align:2|preg:2|dom:1|fns:0|tns:0|scalar:medium|text:low|blob:0|mirror:0
clone_family_id = layout:front_tail_split|fptr:1|tptr:1|align:2|preg:2|dom:1|fns:0|tns:0|scalar:medium|text:low|blob:0|mirror:0
template_family_size = 2
clone_penalty = 5
mirrored_penalty = 0
pointer_reward = 0
strong_structure_bonus = 0
sparse_anchor_tail_penalty = 0
anchored_fragmented_split_penalty = 0
one_sided_anchorless_split_penalty = 0
anchorless_partial_split_penalty = 2
isolated_split_penalty = 2
pointer_alignment_count = 2
pointer_region_count = 2
pointer_fields = f08, f78
pointer_cluster_count = 3
front_cluster_count = 2
tail_cluster_count = 1
front_non_singleton_cluster_count = 0
tail_non_singleton_cluster_count = 0
dominant_cluster_size = 1
cluster_layout = front_tail_split
has_valid_anchor = false
dominant_cluster_covers_majority = false
isolated_split_like = true
tie_break_vector = final=25|family=2|pointer=0|isolated=2|blob=0|scalar=3|text=3|clone=5|mirror=0|neg=0|addr=0x3DA06D2B160
rank_reason = anchorless partial split penalty fired on one-sided split layout without valid anchor; isolated split penalty fired on fragmentary split layout with no valid anchor and no non-singleton split support; scalar penalty fired on float-like/scalar template; text penalty fired on little-endian ASCII/UTF16-like chunks; family size 2 raised clone penalty
positive = target value matches, f08 nonzero, f08 not float-like, f18 nonzero, f18 not float-like, f20 nonzero, f20 not float-like, f68 nonzero, f68 not float-like, f70 nonzero, f70 not float-like, f78 nonzero, f78 not float-like, f58 nonzero, f58 not float-like, front metadata present, tail reference block present
negative = none

--- Candidate #76 ---
value_addr = 0x3DA06A9D160
base_addr  = 0x3DA06A9D138
f08 = 0x3B323369
f18 = 0xBB323240
f20 = 0x3F7DA8E6
f28 = 0x42C80000 (100.0)
f58 = 0xBF4C2849
f68 = 0xBF35CFB2
f70 = 0xB9F89AAA
f78 = 0xBEFE0CCE
rank_position = 76
base_score = 40
prescore_score = 40
final_score = 24
total adjustment = -16
score = 24
hard_pass = true
flags = target_match, strong_front_block, strong_tail_block, object_like, text_block_like, template_clone_family
score_breakdown = +10 target_match; +2 f08_nonzero; +2 f08_not_floatlike; +2 f18_nonzero; +2 f18_not_floatlike; +2 f20_nonzero; +2 f20_not_floatlike; +2 f68_nonzero; +2 f68_not_floatlike; +2 f70_nonzero; +2 f70_not_floatlike; +2 f78_nonzero; +2 f78_not_floatlike; +3 f58_nonzero; +2 f58_not_floatlike; +1 legacy_pointer_balanced_compat; -6 text_block_penalty; -10 clone_penalty
code_blob_score = 0
code_blob_penalty = 0
scalar_block_score = 5
scalar_block_penalty = 0
text_block_score = 12
text_block_penalty = 6
template_family_id = cls:XDXXXXX|layout:scattered|fptr:0|tptr:0|align:0|preg:0|dom:1|fns:0|tns:0|scalar:0|text:medium|blob:0|mirror:0
clone_family_id = layout:scattered|fptr:0|tptr:0|align:0|preg:0|dom:1|fns:0|tns:0|scalar:0|text:medium|blob:0|mirror:0
template_family_size = 4
clone_penalty = 10
mirrored_penalty = 0
pointer_reward = 0
strong_structure_bonus = 0
sparse_anchor_tail_penalty = 0
anchored_fragmented_split_penalty = 0
one_sided_anchorless_split_penalty = 0
anchorless_partial_split_penalty = 0
isolated_split_penalty = 0
pointer_alignment_count = 0
pointer_region_count = 0
pointer_fields = none
pointer_cluster_count = 1
front_cluster_count = 1
tail_cluster_count = 0
front_non_singleton_cluster_count = 0
tail_non_singleton_cluster_count = 0
dominant_cluster_size = 1
cluster_layout = scattered
has_valid_anchor = false
dominant_cluster_covers_majority = false
isolated_split_like = false
tie_break_vector = final=24|family=4|pointer=0|isolated=0|blob=0|scalar=0|text=6|clone=10|mirror=0|neg=0|addr=0x3DA06A9D160
rank_reason = text penalty fired on little-endian ASCII/UTF16-like chunks; family size 4 raised clone penalty on scattered pointer-poor family
positive = target value matches, f08 nonzero, f08 not float-like, f18 nonzero, f18 not float-like, f20 nonzero, f20 not float-like, f68 nonzero, f68 not float-like, f70 nonzero, f70 not float-like, f78 nonzero, f78 not float-like, f58 nonzero, f58 not float-like, front metadata present, tail reference block present
negative = none

--- Candidate #77 ---
value_addr = 0x3DA06FFA160
base_addr  = 0x3DA06FFA138
f08 = 0x3B323369
f18 = 0xBB323240
f20 = 0x3F7DA8E6
f28 = 0x42C80000 (100.0)
f58 = 0xBF4C354F
f68 = 0xBF35D011
f70 = 0x3AC520CE
f78 = 0xBEFE0C0F
rank_position = 77
base_score = 40
prescore_score = 40
final_score = 24
total adjustment = -16
score = 24
hard_pass = true
flags = target_match, strong_front_block, strong_tail_block, object_like, text_block_like, template_clone_family
score_breakdown = +10 target_match; +2 f08_nonzero; +2 f08_not_floatlike; +2 f18_nonzero; +2 f18_not_floatlike; +2 f20_nonzero; +2 f20_not_floatlike; +2 f68_nonzero; +2 f68_not_floatlike; +2 f70_nonzero; +2 f70_not_floatlike; +2 f78_nonzero; +2 f78_not_floatlike; +3 f58_nonzero; +2 f58_not_floatlike; +1 legacy_pointer_balanced_compat; -6 text_block_penalty; -10 clone_penalty
code_blob_score = 0
code_blob_penalty = 0
scalar_block_score = 5
scalar_block_penalty = 0
text_block_score = 12
text_block_penalty = 6
template_family_id = cls:XDXXXXX|layout:scattered|fptr:0|tptr:0|align:0|preg:0|dom:1|fns:0|tns:0|scalar:0|text:medium|blob:0|mirror:0
clone_family_id = layout:scattered|fptr:0|tptr:0|align:0|preg:0|dom:1|fns:0|tns:0|scalar:0|text:medium|blob:0|mirror:0
template_family_size = 4
clone_penalty = 10
mirrored_penalty = 0
pointer_reward = 0
strong_structure_bonus = 0
sparse_anchor_tail_penalty = 0
anchored_fragmented_split_penalty = 0
one_sided_anchorless_split_penalty = 0
anchorless_partial_split_penalty = 0
isolated_split_penalty = 0
pointer_alignment_count = 0
pointer_region_count = 0
pointer_fields = none
pointer_cluster_count = 1
front_cluster_count = 1
tail_cluster_count = 0
front_non_singleton_cluster_count = 0
tail_non_singleton_cluster_count = 0
dominant_cluster_size = 1
cluster_layout = scattered
has_valid_anchor = false
dominant_cluster_covers_majority = false
isolated_split_like = false
tie_break_vector = final=24|family=4|pointer=0|isolated=0|blob=0|scalar=0|text=6|clone=10|mirror=0|neg=0|addr=0x3DA06FFA160
rank_reason = text penalty fired on little-endian ASCII/UTF16-like chunks; family size 4 raised clone penalty on scattered pointer-poor family
positive = target value matches, f08 nonzero, f08 not float-like, f18 nonzero, f18 not float-like, f20 nonzero, f20 not float-like, f68 nonzero, f68 not float-like, f70 nonzero, f70 not float-like, f78 nonzero, f78 not float-like, f58 nonzero, f58 not float-like, front metadata present, tail reference block present
negative = none

--- Candidate #78 ---
value_addr = 0x3DC0957B9FC
base_addr  = 0x3DC0957B9D4
f08 = 0x80000043
f18 = 0xB441713F
f20 = 0x00430026
f28 = 0x42C80000 (100.0)
f58 = 0x02360002
f68 = 0x6A044100
f70 = 0x20400468
f78 = 0x07230121
rank_position = 78
base_score = 40
prescore_score = 40
final_score = 24
total adjustment = -16
score = 24
hard_pass = true
flags = target_match, strong_front_block, strong_tail_block, object_like, text_block_like, template_clone_family
score_breakdown = +10 target_match; +2 f08_nonzero; +2 f08_not_floatlike; +2 f18_nonzero; +2 f18_not_floatlike; +2 f20_nonzero; +2 f20_not_floatlike; +2 f68_nonzero; +2 f68_not_floatlike; +2 f70_nonzero; +2 f70_not_floatlike; +2 f78_nonzero; +2 f78_not_floatlike; +3 f58_nonzero; +2 f58_not_floatlike; +1 legacy_pointer_balanced_compat; -6 text_block_penalty; -10 clone_penalty
code_blob_score = 0
code_blob_penalty = 0
scalar_block_score = 3
scalar_block_penalty = 0
text_block_score = 11
text_block_penalty = 6
template_family_id = cls:XXXXDDX|layout:scattered|fptr:0|tptr:0|align:0|preg:0|dom:1|fns:0|tns:0|scalar:0|text:medium|blob:0|mirror:0
clone_family_id = layout:scattered|fptr:0|tptr:0|align:0|preg:0|dom:1|fns:0|tns:0|scalar:0|text:medium|blob:0|mirror:0
template_family_size = 4
clone_penalty = 10
mirrored_penalty = 0
pointer_reward = 0
strong_structure_bonus = 0
sparse_anchor_tail_penalty = 0
anchored_fragmented_split_penalty = 0
one_sided_anchorless_split_penalty = 0
anchorless_partial_split_penalty = 0
isolated_split_penalty = 0
pointer_alignment_count = 0
pointer_region_count = 0
pointer_fields = none
pointer_cluster_count = 2
front_cluster_count = 0
tail_cluster_count = 2
front_non_singleton_cluster_count = 0
tail_non_singleton_cluster_count = 0
dominant_cluster_size = 1
cluster_layout = scattered
has_valid_anchor = false
dominant_cluster_covers_majority = false
isolated_split_like = false
tie_break_vector = final=24|family=4|pointer=0|isolated=0|blob=0|scalar=0|text=6|clone=10|mirror=0|neg=0|addr=0x3DC0957B9FC
rank_reason = text penalty fired on little-endian ASCII/UTF16-like chunks; family size 4 raised clone penalty on scattered pointer-poor family
positive = target value matches, f08 nonzero, f08 not float-like, f18 nonzero, f18 not float-like, f20 nonzero, f20 not float-like, f68 nonzero, f68 not float-like, f70 nonzero, f70 not float-like, f78 nonzero, f78 not float-like, f58 nonzero, f58 not float-like, front metadata present, tail reference block present
negative = none

--- Candidate #79 ---
value_addr = 0x75440277B9FC
base_addr  = 0x75440277B9D4
f08 = 0x80000043
f18 = 0xB441713F
f20 = 0x00430026
f28 = 0x42C80000 (100.0)
f58 = 0x02360002
f68 = 0x6A044100
f70 = 0x20400468
f78 = 0x07230121
rank_position = 79
base_score = 40
prescore_score = 40
final_score = 24
total adjustment = -16
score = 24
hard_pass = true
flags = target_match, strong_front_block, strong_tail_block, object_like, text_block_like, template_clone_family
score_breakdown = +10 target_match; +2 f08_nonzero; +2 f08_not_floatlike; +2 f18_nonzero; +2 f18_not_floatlike; +2 f20_nonzero; +2 f20_not_floatlike; +2 f68_nonzero; +2 f68_not_floatlike; +2 f70_nonzero; +2 f70_not_floatlike; +2 f78_nonzero; +2 f78_not_floatlike; +3 f58_nonzero; +2 f58_not_floatlike; +1 legacy_pointer_balanced_compat; -6 text_block_penalty; -10 clone_penalty
code_blob_score = 0
code_blob_penalty = 0
scalar_block_score = 3
scalar_block_penalty = 0
text_block_score = 11
text_block_penalty = 6
template_family_id = cls:XXXXDDX|layout:scattered|fptr:0|tptr:0|align:0|preg:0|dom:1|fns:0|tns:0|scalar:0|text:medium|blob:0|mirror:0
clone_family_id = layout:scattered|fptr:0|tptr:0|align:0|preg:0|dom:1|fns:0|tns:0|scalar:0|text:medium|blob:0|mirror:0
template_family_size = 4
clone_penalty = 10
mirrored_penalty = 0
pointer_reward = 0
strong_structure_bonus = 0
sparse_anchor_tail_penalty = 0
anchored_fragmented_split_penalty = 0
one_sided_anchorless_split_penalty = 0
anchorless_partial_split_penalty = 0
isolated_split_penalty = 0
pointer_alignment_count = 0
pointer_region_count = 0
pointer_fields = none
pointer_cluster_count = 2
front_cluster_count = 0
tail_cluster_count = 2
front_non_singleton_cluster_count = 0
tail_non_singleton_cluster_count = 0
dominant_cluster_size = 1
cluster_layout = scattered
has_valid_anchor = false
dominant_cluster_covers_majority = false
isolated_split_like = false
tie_break_vector = final=24|family=4|pointer=0|isolated=0|blob=0|scalar=0|text=6|clone=10|mirror=0|neg=0|addr=0x75440277B9FC
rank_reason = text penalty fired on little-endian ASCII/UTF16-like chunks; family size 4 raised clone penalty on scattered pointer-poor family
positive = target value matches, f08 nonzero, f08 not float-like, f18 nonzero, f18 not float-like, f20 nonzero, f20 not float-like, f68 nonzero, f68 not float-like, f70 nonzero, f70 not float-like, f78 nonzero, f78 not float-like, f58 nonzero, f58 not float-like, front metadata present, tail reference block present
negative = none

--- Candidate #80 ---
value_addr = 0x3DA00BBA338
base_addr  = 0x3DA00BBA310
f08 = 0xBD77EE95
f18 = 0x3AAA5100
f20 = 0x43D90000
f28 = 0x42C80000 (100.0)
f58 = 0x3F3438BD
f68 = 0xBF5E434D
f70 = 0xC08CA380
f78 = 0xBE0A1EE1
rank_position = 80
base_score = 40
prescore_score = 40
final_score = 24
total adjustment = -16
score = 24
hard_pass = true
flags = target_match, strong_front_block, strong_tail_block, object_like, anchorless_partial_split_like, isolated_split_like, scalar_block_like, text_block_like, template_clone_family
score_breakdown = +10 target_match; +2 f08_nonzero; +2 f08_not_floatlike; +2 f18_nonzero; +2 f18_not_floatlike; +2 f20_nonzero; +2 f20_not_floatlike; +2 f68_nonzero; +2 f68_not_floatlike; +2 f70_nonzero; +2 f70_not_floatlike; +2 f78_nonzero; +2 f78_not_floatlike; +3 f58_nonzero; +2 f58_not_floatlike; +1 legacy_pointer_balanced_compat; -2 anchorless_partial_split_penalty; -2 isolated_split_penalty(no_anchor_no_non_singleton_split_support); -3 scalar_block_penalty; -3 text_block_penalty; -6 clone_penalty
code_blob_score = 0
code_blob_penalty = 0
scalar_block_score = 6
scalar_block_penalty = 3
text_block_score = 6
text_block_penalty = 3
template_family_id = cls:XPDXXPX|layout:front_tail_split|fptr:1|tptr:1|align:2|preg:2|dom:1|fns:0|tns:0|scalar:low|text:low|blob:0|mirror:0
clone_family_id = layout:front_tail_split|fptr:1|tptr:1|align:2|preg:2|dom:1|fns:0|tns:0|scalar:low|text:low|blob:0|mirror:0
template_family_size = 4
clone_penalty = 6
mirrored_penalty = 0
pointer_reward = 0
strong_structure_bonus = 0
sparse_anchor_tail_penalty = 0
anchored_fragmented_split_penalty = 0
one_sided_anchorless_split_penalty = 0
anchorless_partial_split_penalty = 2
isolated_split_penalty = 2
pointer_alignment_count = 2
pointer_region_count = 2
pointer_fields = f18, f70
pointer_cluster_count = 3
front_cluster_count = 2
tail_cluster_count = 1
front_non_singleton_cluster_count = 0
tail_non_singleton_cluster_count = 0
dominant_cluster_size = 1
cluster_layout = front_tail_split
has_valid_anchor = false
dominant_cluster_covers_majority = false
isolated_split_like = true
tie_break_vector = final=24|family=4|pointer=0|isolated=2|blob=0|scalar=3|text=3|clone=6|mirror=0|neg=0|addr=0x3DA00BBA338
rank_reason = anchorless partial split penalty fired on one-sided split layout without valid anchor; isolated split penalty fired on fragmentary split layout with no valid anchor and no non-singleton split support; scalar penalty fired on float-like/scalar template; text penalty fired on little-endian ASCII/UTF16-like chunks; family size 4 raised clone penalty
positive = target value matches, f08 nonzero, f08 not float-like, f18 nonzero, f18 not float-like, f20 nonzero, f20 not float-like, f68 nonzero, f68 not float-like, f70 nonzero, f70 not float-like, f78 nonzero, f78 not float-like, f58 nonzero, f58 not float-like, front metadata present, tail reference block present
negative = none

--- Candidate #81 ---
value_addr = 0x3DA04F79D90
base_addr  = 0x3DA04F79D68
f08 = 0xBBAD3159
f18 = 0x3A8A6A35
f20 = 0x43D90000
f28 = 0x42C80000 (100.0)
f58 = 0x3F3438C1
f68 = 0xBF5E4350
f70 = 0xC08D3734
f78 = 0xBE0A1EE0
rank_position = 81
base_score = 40
prescore_score = 40
final_score = 24
total adjustment = -16
score = 24
hard_pass = true
flags = target_match, strong_front_block, strong_tail_block, object_like, anchorless_partial_split_like, isolated_split_like, scalar_block_like, text_block_like, template_clone_family
score_breakdown = +10 target_match; +2 f08_nonzero; +2 f08_not_floatlike; +2 f18_nonzero; +2 f18_not_floatlike; +2 f20_nonzero; +2 f20_not_floatlike; +2 f68_nonzero; +2 f68_not_floatlike; +2 f70_nonzero; +2 f70_not_floatlike; +2 f78_nonzero; +2 f78_not_floatlike; +3 f58_nonzero; +2 f58_not_floatlike; +1 legacy_pointer_balanced_compat; -2 anchorless_partial_split_penalty; -2 isolated_split_penalty(no_anchor_no_non_singleton_split_support); -3 scalar_block_penalty; -3 text_block_penalty; -6 clone_penalty
code_blob_score = 0
code_blob_penalty = 0
scalar_block_score = 8
scalar_block_penalty = 3
text_block_score = 9
text_block_penalty = 3
template_family_id = cls:XXPXPDD|layout:front_tail_split|fptr:1|tptr:1|align:2|preg:2|dom:1|fns:0|tns:0|scalar:low|text:low|blob:0|mirror:0
clone_family_id = layout:front_tail_split|fptr:1|tptr:1|align:2|preg:2|dom:1|fns:0|tns:0|scalar:low|text:low|blob:0|mirror:0
template_family_size = 4
clone_penalty = 6
mirrored_penalty = 0
pointer_reward = 0
strong_structure_bonus = 0
sparse_anchor_tail_penalty = 0
anchored_fragmented_split_penalty = 0
one_sided_anchorless_split_penalty = 0
anchorless_partial_split_penalty = 2
isolated_split_penalty = 2
pointer_alignment_count = 2
pointer_region_count = 2
pointer_fields = f20, f68
pointer_cluster_count = 4
front_cluster_count = 1
tail_cluster_count = 3
front_non_singleton_cluster_count = 0
tail_non_singleton_cluster_count = 0
dominant_cluster_size = 1
cluster_layout = front_tail_split
has_valid_anchor = false
dominant_cluster_covers_majority = false
isolated_split_like = true
tie_break_vector = final=24|family=4|pointer=0|isolated=2|blob=0|scalar=3|text=3|clone=6|mirror=0|neg=0|addr=0x3DA04F79D90
rank_reason = anchorless partial split penalty fired on one-sided split layout without valid anchor; isolated split penalty fired on fragmentary split layout with no valid anchor and no non-singleton split support; scalar penalty fired on float-like/scalar template; text penalty fired on little-endian ASCII/UTF16-like chunks; family size 4 raised clone penalty
positive = target value matches, f08 nonzero, f08 not float-like, f18 nonzero, f18 not float-like, f20 nonzero, f20 not float-like, f68 nonzero, f68 not float-like, f70 nonzero, f70 not float-like, f78 nonzero, f78 not float-like, f58 nonzero, f58 not float-like, front metadata present, tail reference block present
negative = none

--- Candidate #82 ---
value_addr = 0x3DA04F8B020
base_addr  = 0x3DA04F8AFF8
f08 = 0xBDD1BA7A
f18 = 0xBB20ACA6
f20 = 0x43D90000
f28 = 0x42C80000 (100.0)
f58 = 0x3F3438A0
f68 = 0xBF5E4331
f70 = 0xC09505D8
f78 = 0xBE0A1EE2
rank_position = 82
base_score = 40
prescore_score = 40
final_score = 24
total adjustment = -16
score = 24
hard_pass = true
flags = target_match, strong_front_block, strong_tail_block, object_like, anchorless_partial_split_like, isolated_split_like, scalar_block_like, text_block_like, template_clone_family
score_breakdown = +10 target_match; +2 f08_nonzero; +2 f08_not_floatlike; +2 f18_nonzero; +2 f18_not_floatlike; +2 f20_nonzero; +2 f20_not_floatlike; +2 f68_nonzero; +2 f68_not_floatlike; +2 f70_nonzero; +2 f70_not_floatlike; +2 f78_nonzero; +2 f78_not_floatlike; +3 f58_nonzero; +2 f58_not_floatlike; +1 legacy_pointer_balanced_compat; -2 anchorless_partial_split_penalty; -2 isolated_split_penalty(no_anchor_no_non_singleton_split_support); -3 scalar_block_penalty; -3 text_block_penalty; -6 clone_penalty
code_blob_score = 0
code_blob_penalty = 0
scalar_block_score = 6
scalar_block_penalty = 3
text_block_score = 6
text_block_penalty = 3
template_family_id = cls:XXPDXPX|layout:front_tail_split|fptr:1|tptr:1|align:2|preg:2|dom:1|fns:0|tns:0|scalar:low|text:low|blob:0|mirror:0
clone_family_id = layout:front_tail_split|fptr:1|tptr:1|align:2|preg:2|dom:1|fns:0|tns:0|scalar:low|text:low|blob:0|mirror:0
template_family_size = 4
clone_penalty = 6
mirrored_penalty = 0
pointer_reward = 0
strong_structure_bonus = 0
sparse_anchor_tail_penalty = 0
anchored_fragmented_split_penalty = 0
one_sided_anchorless_split_penalty = 0
anchorless_partial_split_penalty = 2
isolated_split_penalty = 2
pointer_alignment_count = 2
pointer_region_count = 2
pointer_fields = f20, f70
pointer_cluster_count = 2
front_cluster_count = 1
tail_cluster_count = 1
front_non_singleton_cluster_count = 0
tail_non_singleton_cluster_count = 0
dominant_cluster_size = 1
cluster_layout = front_tail_split
has_valid_anchor = false
dominant_cluster_covers_majority = false
isolated_split_like = true
tie_break_vector = final=24|family=4|pointer=0|isolated=2|blob=0|scalar=3|text=3|clone=6|mirror=0|neg=0|addr=0x3DA04F8B020
rank_reason = anchorless partial split penalty fired on one-sided split layout without valid anchor; isolated split penalty fired on fragmentary split layout with no valid anchor and no non-singleton split support; scalar penalty fired on float-like/scalar template; text penalty fired on little-endian ASCII/UTF16-like chunks; family size 4 raised clone penalty
positive = target value matches, f08 nonzero, f08 not float-like, f18 nonzero, f18 not float-like, f20 nonzero, f20 not float-like, f68 nonzero, f68 not float-like, f70 nonzero, f70 not float-like, f78 nonzero, f78 not float-like, f58 nonzero, f58 not float-like, front metadata present, tail reference block present
negative = none

--- Candidate #83 ---
value_addr = 0x3DA04F8F2A0
base_addr  = 0x3DA04F8F278
f08 = 0xBD77EE95
f18 = 0x3AAA5100
f20 = 0x43D90000
f28 = 0x42C80000 (100.0)
f58 = 0x3F3438BD
f68 = 0xBF5E434D
f70 = 0xC08CA380
f78 = 0xBE0A1EE1
rank_position = 83
base_score = 40
prescore_score = 40
final_score = 24
total adjustment = -16
score = 24
hard_pass = true
flags = target_match, strong_front_block, strong_tail_block, object_like, anchorless_partial_split_like, isolated_split_like, scalar_block_like, text_block_like, template_clone_family
score_breakdown = +10 target_match; +2 f08_nonzero; +2 f08_not_floatlike; +2 f18_nonzero; +2 f18_not_floatlike; +2 f20_nonzero; +2 f20_not_floatlike; +2 f68_nonzero; +2 f68_not_floatlike; +2 f70_nonzero; +2 f70_not_floatlike; +2 f78_nonzero; +2 f78_not_floatlike; +3 f58_nonzero; +2 f58_not_floatlike; +1 legacy_pointer_balanced_compat; -2 anchorless_partial_split_penalty; -2 isolated_split_penalty(no_anchor_no_non_singleton_split_support); -3 scalar_block_penalty; -3 text_block_penalty; -6 clone_penalty
code_blob_score = 0
code_blob_penalty = 0
scalar_block_score = 6
scalar_block_penalty = 3
text_block_score = 6
text_block_penalty = 3
template_family_id = cls:XPDXXPX|layout:front_tail_split|fptr:1|tptr:1|align:2|preg:2|dom:1|fns:0|tns:0|scalar:low|text:low|blob:0|mirror:0
clone_family_id = layout:front_tail_split|fptr:1|tptr:1|align:2|preg:2|dom:1|fns:0|tns:0|scalar:low|text:low|blob:0|mirror:0
template_family_size = 4
clone_penalty = 6
mirrored_penalty = 0
pointer_reward = 0
strong_structure_bonus = 0
sparse_anchor_tail_penalty = 0
anchored_fragmented_split_penalty = 0
one_sided_anchorless_split_penalty = 0
anchorless_partial_split_penalty = 2
isolated_split_penalty = 2
pointer_alignment_count = 2
pointer_region_count = 2
pointer_fields = f18, f70
pointer_cluster_count = 3
front_cluster_count = 2
tail_cluster_count = 1
front_non_singleton_cluster_count = 0
tail_non_singleton_cluster_count = 0
dominant_cluster_size = 1
cluster_layout = front_tail_split
has_valid_anchor = false
dominant_cluster_covers_majority = false
isolated_split_like = true
tie_break_vector = final=24|family=4|pointer=0|isolated=2|blob=0|scalar=3|text=3|clone=6|mirror=0|neg=0|addr=0x3DA04F8F2A0
rank_reason = anchorless partial split penalty fired on one-sided split layout without valid anchor; isolated split penalty fired on fragmentary split layout with no valid anchor and no non-singleton split support; scalar penalty fired on float-like/scalar template; text penalty fired on little-endian ASCII/UTF16-like chunks; family size 4 raised clone penalty
positive = target value matches, f08 nonzero, f08 not float-like, f18 nonzero, f18 not float-like, f20 nonzero, f20 not float-like, f68 nonzero, f68 not float-like, f70 nonzero, f70 not float-like, f78 nonzero, f78 not float-like, f58 nonzero, f58 not float-like, front metadata present, tail reference block present
negative = none

--- Candidate #84 ---
value_addr = 0x3DC0951A4B8
base_addr  = 0x3DC0951A490
f08 = 0x05204004
f18 = 0x01F5D1DC
f20 = 0x0043559D
f28 = 0x42C80000 (100.0)
f58 = 0x02413802
f68 = 0x41002271
f70 = 0x00410002
f78 = 0x70022820
rank_position = 84
base_score = 40
prescore_score = 40
final_score = 24
total adjustment = -16
score = 24
hard_pass = true
flags = target_match, strong_front_block, strong_tail_block, object_like, anchored_fragmented_split_like, text_block_like, template_clone_family
score_breakdown = +10 target_match; +2 f08_nonzero; +2 f08_not_floatlike; +2 f18_nonzero; +2 f18_not_floatlike; +2 f20_nonzero; +2 f20_not_floatlike; +2 f68_nonzero; +2 f68_not_floatlike; +2 f70_nonzero; +2 f70_not_floatlike; +2 f78_nonzero; +2 f78_not_floatlike; +3 f58_nonzero; +2 f58_not_floatlike; +1 legacy_pointer_balanced_compat; -3 anchored_fragmented_split_penalty; -3 text_block_penalty; -10 clone_penalty
code_blob_score = 0
code_blob_penalty = 0
scalar_block_score = 0
scalar_block_penalty = 0
text_block_score = 6
text_block_penalty = 3
template_family_id = cls:ADXXXXP|layout:front_tail_split|fptr:1|tptr:1|align:2|preg:2|dom:1|fns:0|tns:0|scalar:0|text:low|blob:0|mirror:0
clone_family_id = layout:front_tail_split|fptr:1|tptr:1|align:2|preg:2|dom:1|fns:0|tns:0|scalar:0|text:low|blob:0|mirror:0
template_family_size = 11
clone_penalty = 10
mirrored_penalty = 0
pointer_reward = 0
strong_structure_bonus = 0
sparse_anchor_tail_penalty = 0
anchored_fragmented_split_penalty = 3
one_sided_anchorless_split_penalty = 0
anchorless_partial_split_penalty = 0
isolated_split_penalty = 0
pointer_alignment_count = 2
pointer_region_count = 2
pointer_fields = f08, f78
pointer_cluster_count = 3
front_cluster_count = 2
tail_cluster_count = 1
front_non_singleton_cluster_count = 0
tail_non_singleton_cluster_count = 0
dominant_cluster_size = 1
cluster_layout = front_tail_split
has_valid_anchor = true
dominant_cluster_covers_majority = false
isolated_split_like = false
tie_break_vector = final=24|family=11|pointer=0|isolated=0|blob=0|scalar=0|text=3|clone=10|mirror=0|neg=0|addr=0x3DC0951A4B8
rank_reason = anchored fragmented split penalty fired on singleton-only split layout despite valid anchor; text penalty fired on little-endian ASCII/UTF16-like chunks; family size 11 raised clone penalty
positive = target value matches, f08 nonzero, f08 not float-like, f18 nonzero, f18 not float-like, f20 nonzero, f20 not float-like, f68 nonzero, f68 not float-like, f70 nonzero, f70 not float-like, f78 nonzero, f78 not float-like, f58 nonzero, f58 not float-like, front metadata present, tail reference block present
negative = none

--- Candidate #85 ---
value_addr = 0x3DC0979A2C8
base_addr  = 0x3DC0979A2A0
f08 = 0x02410C20
f18 = 0x21955720
f20 = 0x56219557
f28 = 0x42C80000 (100.0)
f58 = 0x53200553
f68 = 0x7402410C
f70 = 0x02389366
f78 = 0x0C200002
rank_position = 85
base_score = 40
prescore_score = 40
final_score = 24
total adjustment = -16
score = 24
hard_pass = true
flags = target_match, strong_front_block, strong_tail_block, object_like, anchored_fragmented_split_like, text_block_like, template_clone_family
score_breakdown = +10 target_match; +2 f08_nonzero; +2 f08_not_floatlike; +2 f18_nonzero; +2 f18_not_floatlike; +2 f20_nonzero; +2 f20_not_floatlike; +2 f68_nonzero; +2 f68_not_floatlike; +2 f70_nonzero; +2 f70_not_floatlike; +2 f78_nonzero; +2 f78_not_floatlike; +3 f58_nonzero; +2 f58_not_floatlike; +1 legacy_pointer_balanced_compat; -3 anchored_fragmented_split_penalty; -3 text_block_penalty; -10 clone_penalty
code_blob_score = 0
code_blob_penalty = 0
scalar_block_score = 0
scalar_block_penalty = 0
text_block_score = 9
text_block_penalty = 3
template_family_id = cls:ADXXPXX|layout:front_tail_split|fptr:1|tptr:1|align:2|preg:2|dom:1|fns:0|tns:0|scalar:0|text:low|blob:0|mirror:0
clone_family_id = layout:front_tail_split|fptr:1|tptr:1|align:2|preg:2|dom:1|fns:0|tns:0|scalar:0|text:low|blob:0|mirror:0
template_family_size = 11
clone_penalty = 10
mirrored_penalty = 0
pointer_reward = 0
strong_structure_bonus = 0
sparse_anchor_tail_penalty = 0
anchored_fragmented_split_penalty = 3
one_sided_anchorless_split_penalty = 0
anchorless_partial_split_penalty = 0
isolated_split_penalty = 0
pointer_alignment_count = 2
pointer_region_count = 2
pointer_fields = f08, f68
pointer_cluster_count = 3
front_cluster_count = 2
tail_cluster_count = 1
front_non_singleton_cluster_count = 0
tail_non_singleton_cluster_count = 0
dominant_cluster_size = 1
cluster_layout = front_tail_split
has_valid_anchor = true
dominant_cluster_covers_majority = false
isolated_split_like = false
tie_break_vector = final=24|family=11|pointer=0|isolated=0|blob=0|scalar=0|text=3|clone=10|mirror=0|neg=0|addr=0x3DC0979A2C8
rank_reason = anchored fragmented split penalty fired on singleton-only split layout despite valid anchor; text penalty fired on little-endian ASCII/UTF16-like chunks; family size 11 raised clone penalty
positive = target value matches, f08 nonzero, f08 not float-like, f18 nonzero, f18 not float-like, f20 nonzero, f20 not float-like, f68 nonzero, f68 not float-like, f70 nonzero, f70 not float-like, f78 nonzero, f78 not float-like, f58 nonzero, f58 not float-like, front metadata present, tail reference block present
negative = none

--- Candidate #86 ---
value_addr = 0x3DC09EC3FDC
base_addr  = 0x3DC09EC3FB4
f08 = 0x20040238
f18 = 0x200B0F07
f20 = 0x219242C8
f28 = 0x42C80000 (100.0)
f58 = 0x216A0841
f68 = 0x00000043
f70 = 0x20062040
f78 = 0x20000238
rank_position = 86
base_score = 40
prescore_score = 40
final_score = 24
total adjustment = -16
score = 24
hard_pass = true
flags = target_match, strong_front_block, strong_tail_block, object_like, anchored_fragmented_split_like, text_block_like, template_clone_family
score_breakdown = +10 target_match; +2 f08_nonzero; +2 f08_not_floatlike; +2 f18_nonzero; +2 f18_not_floatlike; +2 f20_nonzero; +2 f20_not_floatlike; +2 f68_nonzero; +2 f68_not_floatlike; +2 f70_nonzero; +2 f70_not_floatlike; +2 f78_nonzero; +2 f78_not_floatlike; +3 f58_nonzero; +2 f58_not_floatlike; +1 legacy_pointer_balanced_compat; -3 anchored_fragmented_split_penalty; -3 text_block_penalty; -10 clone_penalty
code_blob_score = 0
code_blob_penalty = 0
scalar_block_score = 0
scalar_block_penalty = 0
text_block_score = 6
text_block_penalty = 3
template_family_id = cls:AXDXSPD|layout:front_tail_split|fptr:1|tptr:1|align:2|preg:2|dom:1|fns:0|tns:0|scalar:0|text:low|blob:0|mirror:0
clone_family_id = layout:front_tail_split|fptr:1|tptr:1|align:2|preg:2|dom:1|fns:0|tns:0|scalar:0|text:low|blob:0|mirror:0
template_family_size = 11
clone_penalty = 10
mirrored_penalty = 0
pointer_reward = 0
strong_structure_bonus = 0
sparse_anchor_tail_penalty = 0
anchored_fragmented_split_penalty = 3
one_sided_anchorless_split_penalty = 0
anchorless_partial_split_penalty = 0
isolated_split_penalty = 0
pointer_alignment_count = 2
pointer_region_count = 2
pointer_fields = f08, f70
pointer_cluster_count = 4
front_cluster_count = 2
tail_cluster_count = 2
front_non_singleton_cluster_count = 0
tail_non_singleton_cluster_count = 0
dominant_cluster_size = 1
cluster_layout = front_tail_split
has_valid_anchor = true
dominant_cluster_covers_majority = false
isolated_split_like = false
tie_break_vector = final=24|family=11|pointer=0|isolated=0|blob=0|scalar=0|text=3|clone=10|mirror=0|neg=0|addr=0x3DC09EC3FDC
rank_reason = anchored fragmented split penalty fired on singleton-only split layout despite valid anchor; text penalty fired on little-endian ASCII/UTF16-like chunks; family size 11 raised clone penalty
positive = target value matches, f08 nonzero, f08 not float-like, f18 nonzero, f18 not float-like, f20 nonzero, f20 not float-like, f68 nonzero, f68 not float-like, f70 nonzero, f70 not float-like, f78 nonzero, f78 not float-like, f58 nonzero, f58 not float-like, front metadata present, tail reference block present
negative = none

--- Candidate #87 ---
value_addr = 0x3DC09EC4D1C
base_addr  = 0x3DC09EC4CF4
f08 = 0x20040238
f18 = 0x200B0F07
f20 = 0x219242C8
f28 = 0x42C80000 (100.0)
f58 = 0x216A0841
f68 = 0x00000043
f70 = 0x20062040
f78 = 0x20000238
rank_position = 87
base_score = 40
prescore_score = 40
final_score = 24
total adjustment = -16
score = 24
hard_pass = true
flags = target_match, strong_front_block, strong_tail_block, object_like, anchored_fragmented_split_like, text_block_like, template_clone_family
score_breakdown = +10 target_match; +2 f08_nonzero; +2 f08_not_floatlike; +2 f18_nonzero; +2 f18_not_floatlike; +2 f20_nonzero; +2 f20_not_floatlike; +2 f68_nonzero; +2 f68_not_floatlike; +2 f70_nonzero; +2 f70_not_floatlike; +2 f78_nonzero; +2 f78_not_floatlike; +3 f58_nonzero; +2 f58_not_floatlike; +1 legacy_pointer_balanced_compat; -3 anchored_fragmented_split_penalty; -3 text_block_penalty; -10 clone_penalty
code_blob_score = 0
code_blob_penalty = 0
scalar_block_score = 0
scalar_block_penalty = 0
text_block_score = 6
text_block_penalty = 3
template_family_id = cls:AXDXSPD|layout:front_tail_split|fptr:1|tptr:1|align:2|preg:2|dom:1|fns:0|tns:0|scalar:0|text:low|blob:0|mirror:0
clone_family_id = layout:front_tail_split|fptr:1|tptr:1|align:2|preg:2|dom:1|fns:0|tns:0|scalar:0|text:low|blob:0|mirror:0
template_family_size = 11
clone_penalty = 10
mirrored_penalty = 0
pointer_reward = 0
strong_structure_bonus = 0
sparse_anchor_tail_penalty = 0
anchored_fragmented_split_penalty = 3
one_sided_anchorless_split_penalty = 0
anchorless_partial_split_penalty = 0
isolated_split_penalty = 0
pointer_alignment_count = 2
pointer_region_count = 2
pointer_fields = f08, f70
pointer_cluster_count = 4
front_cluster_count = 2
tail_cluster_count = 2
front_non_singleton_cluster_count = 0
tail_non_singleton_cluster_count = 0
dominant_cluster_size = 1
cluster_layout = front_tail_split
has_valid_anchor = true
dominant_cluster_covers_majority = false
isolated_split_like = false
tie_break_vector = final=24|family=11|pointer=0|isolated=0|blob=0|scalar=0|text=3|clone=10|mirror=0|neg=0|addr=0x3DC09EC4D1C
rank_reason = anchored fragmented split penalty fired on singleton-only split layout despite valid anchor; text penalty fired on little-endian ASCII/UTF16-like chunks; family size 11 raised clone penalty
positive = target value matches, f08 nonzero, f08 not float-like, f18 nonzero, f18 not float-like, f20 nonzero, f20 not float-like, f68 nonzero, f68 not float-like, f70 nonzero, f70 not float-like, f78 nonzero, f78 not float-like, f58 nonzero, f58 not float-like, front metadata present, tail reference block present
negative = none

--- Candidate #88 ---
value_addr = 0x3DC0A2AA638
base_addr  = 0x3DC0A2AA610
f08 = 0x3A710141
f18 = 0x01F8E59C
f20 = 0xF4E51001
f28 = 0x42C80000 (100.0)
f58 = 0x45740228
f68 = 0x2801FFB6
f70 = 0x00410120
f78 = 0x00204004
rank_position = 88
base_score = 40
prescore_score = 40
final_score = 24
total adjustment = -16
score = 24
hard_pass = true
flags = target_match, strong_front_block, strong_tail_block, object_like, anchored_fragmented_split_like, text_block_like, template_clone_family
score_breakdown = +10 target_match; +2 f08_nonzero; +2 f08_not_floatlike; +2 f18_nonzero; +2 f18_not_floatlike; +2 f20_nonzero; +2 f20_not_floatlike; +2 f68_nonzero; +2 f68_not_floatlike; +2 f70_nonzero; +2 f70_not_floatlike; +2 f78_nonzero; +2 f78_not_floatlike; +3 f58_nonzero; +2 f58_not_floatlike; +1 legacy_pointer_balanced_compat; -3 anchored_fragmented_split_penalty; -3 text_block_penalty; -10 clone_penalty
code_blob_score = 0
code_blob_penalty = 0
scalar_block_score = 2
scalar_block_penalty = 0
text_block_score = 6
text_block_penalty = 3
template_family_id = cls:XAXDXPD|layout:front_tail_split|fptr:1|tptr:1|align:2|preg:2|dom:1|fns:0|tns:0|scalar:0|text:low|blob:0|mirror:0
clone_family_id = layout:front_tail_split|fptr:1|tptr:1|align:2|preg:2|dom:1|fns:0|tns:0|scalar:0|text:low|blob:0|mirror:0
template_family_size = 11
clone_penalty = 10
mirrored_penalty = 0
pointer_reward = 0
strong_structure_bonus = 0
sparse_anchor_tail_penalty = 0
anchored_fragmented_split_penalty = 3
one_sided_anchorless_split_penalty = 0
anchorless_partial_split_penalty = 0
isolated_split_penalty = 0
pointer_alignment_count = 2
pointer_region_count = 2
pointer_fields = f18, f70
pointer_cluster_count = 3
front_cluster_count = 1
tail_cluster_count = 2
front_non_singleton_cluster_count = 0
tail_non_singleton_cluster_count = 0
dominant_cluster_size = 1
cluster_layout = front_tail_split
has_valid_anchor = true
dominant_cluster_covers_majority = false
isolated_split_like = false
tie_break_vector = final=24|family=11|pointer=0|isolated=0|blob=0|scalar=0|text=3|clone=10|mirror=0|neg=0|addr=0x3DC0A2AA638
rank_reason = anchored fragmented split penalty fired on singleton-only split layout despite valid anchor; text penalty fired on little-endian ASCII/UTF16-like chunks; family size 11 raised clone penalty
positive = target value matches, f08 nonzero, f08 not float-like, f18 nonzero, f18 not float-like, f20 nonzero, f20 not float-like, f68 nonzero, f68 not float-like, f70 nonzero, f70 not float-like, f78 nonzero, f78 not float-like, f58 nonzero, f58 not float-like, front metadata present, tail reference block present
negative = none

--- Candidate #89 ---
value_addr = 0x75440271A4B8
base_addr  = 0x75440271A490
f08 = 0x05204004
f18 = 0x01F5D1DC
f20 = 0x0043559D
f28 = 0x42C80000 (100.0)
f58 = 0x02413802
f68 = 0x41002271
f70 = 0x00410002
f78 = 0x70022820
rank_position = 89
base_score = 40
prescore_score = 40
final_score = 24
total adjustment = -16
score = 24
hard_pass = true
flags = target_match, strong_front_block, strong_tail_block, object_like, anchored_fragmented_split_like, text_block_like, template_clone_family
score_breakdown = +10 target_match; +2 f08_nonzero; +2 f08_not_floatlike; +2 f18_nonzero; +2 f18_not_floatlike; +2 f20_nonzero; +2 f20_not_floatlike; +2 f68_nonzero; +2 f68_not_floatlike; +2 f70_nonzero; +2 f70_not_floatlike; +2 f78_nonzero; +2 f78_not_floatlike; +3 f58_nonzero; +2 f58_not_floatlike; +1 legacy_pointer_balanced_compat; -3 anchored_fragmented_split_penalty; -3 text_block_penalty; -10 clone_penalty
code_blob_score = 0
code_blob_penalty = 0
scalar_block_score = 0
scalar_block_penalty = 0
text_block_score = 6
text_block_penalty = 3
template_family_id = cls:ADXXXXP|layout:front_tail_split|fptr:1|tptr:1|align:2|preg:2|dom:1|fns:0|tns:0|scalar:0|text:low|blob:0|mirror:0
clone_family_id = layout:front_tail_split|fptr:1|tptr:1|align:2|preg:2|dom:1|fns:0|tns:0|scalar:0|text:low|blob:0|mirror:0
template_family_size = 11
clone_penalty = 10
mirrored_penalty = 0
pointer_reward = 0
strong_structure_bonus = 0
sparse_anchor_tail_penalty = 0
anchored_fragmented_split_penalty = 3
one_sided_anchorless_split_penalty = 0
anchorless_partial_split_penalty = 0
isolated_split_penalty = 0
pointer_alignment_count = 2
pointer_region_count = 2
pointer_fields = f08, f78
pointer_cluster_count = 3
front_cluster_count = 2
tail_cluster_count = 1
front_non_singleton_cluster_count = 0
tail_non_singleton_cluster_count = 0
dominant_cluster_size = 1
cluster_layout = front_tail_split
has_valid_anchor = true
dominant_cluster_covers_majority = false
isolated_split_like = false
tie_break_vector = final=24|family=11|pointer=0|isolated=0|blob=0|scalar=0|text=3|clone=10|mirror=0|neg=0|addr=0x75440271A4B8
rank_reason = anchored fragmented split penalty fired on singleton-only split layout despite valid anchor; text penalty fired on little-endian ASCII/UTF16-like chunks; family size 11 raised clone penalty
positive = target value matches, f08 nonzero, f08 not float-like, f18 nonzero, f18 not float-like, f20 nonzero, f20 not float-like, f68 nonzero, f68 not float-like, f70 nonzero, f70 not float-like, f78 nonzero, f78 not float-like, f58 nonzero, f58 not float-like, front metadata present, tail reference block present
negative = none

--- Candidate #90 ---
value_addr = 0x7544030C3FDC
base_addr  = 0x7544030C3FB4
f08 = 0x20040238
f18 = 0x200B0F07
f20 = 0x219242C8
f28 = 0x42C80000 (100.0)
f58 = 0x216A0841
f68 = 0x00000043
f70 = 0x20062040
f78 = 0x20000238
rank_position = 90
base_score = 40
prescore_score = 40
final_score = 24
total adjustment = -16
score = 24
hard_pass = true
flags = target_match, strong_front_block, strong_tail_block, object_like, anchored_fragmented_split_like, text_block_like, template_clone_family
score_breakdown = +10 target_match; +2 f08_nonzero; +2 f08_not_floatlike; +2 f18_nonzero; +2 f18_not_floatlike; +2 f20_nonzero; +2 f20_not_floatlike; +2 f68_nonzero; +2 f68_not_floatlike; +2 f70_nonzero; +2 f70_not_floatlike; +2 f78_nonzero; +2 f78_not_floatlike; +3 f58_nonzero; +2 f58_not_floatlike; +1 legacy_pointer_balanced_compat; -3 anchored_fragmented_split_penalty; -3 text_block_penalty; -10 clone_penalty
code_blob_score = 0
code_blob_penalty = 0
scalar_block_score = 0
scalar_block_penalty = 0
text_block_score = 6
text_block_penalty = 3
template_family_id = cls:AXDXSPD|layout:front_tail_split|fptr:1|tptr:1|align:2|preg:2|dom:1|fns:0|tns:0|scalar:0|text:low|blob:0|mirror:0
clone_family_id = layout:front_tail_split|fptr:1|tptr:1|align:2|preg:2|dom:1|fns:0|tns:0|scalar:0|text:low|blob:0|mirror:0
template_family_size = 11
clone_penalty = 10
mirrored_penalty = 0
pointer_reward = 0
strong_structure_bonus = 0
sparse_anchor_tail_penalty = 0
anchored_fragmented_split_penalty = 3
one_sided_anchorless_split_penalty = 0
anchorless_partial_split_penalty = 0
isolated_split_penalty = 0
pointer_alignment_count = 2
pointer_region_count = 2
pointer_fields = f08, f70
pointer_cluster_count = 4
front_cluster_count = 2
tail_cluster_count = 2
front_non_singleton_cluster_count = 0
tail_non_singleton_cluster_count = 0
dominant_cluster_size = 1
cluster_layout = front_tail_split
has_valid_anchor = true
dominant_cluster_covers_majority = false
isolated_split_like = false
tie_break_vector = final=24|family=11|pointer=0|isolated=0|blob=0|scalar=0|text=3|clone=10|mirror=0|neg=0|addr=0x7544030C3FDC
rank_reason = anchored fragmented split penalty fired on singleton-only split layout despite valid anchor; text penalty fired on little-endian ASCII/UTF16-like chunks; family size 11 raised clone penalty
positive = target value matches, f08 nonzero, f08 not float-like, f18 nonzero, f18 not float-like, f20 nonzero, f20 not float-like, f68 nonzero, f68 not float-like, f70 nonzero, f70 not float-like, f78 nonzero, f78 not float-like, f58 nonzero, f58 not float-like, front metadata present, tail reference block present
negative = none

--- Candidate #91 ---
value_addr = 0x7544030C4D1C
base_addr  = 0x7544030C4CF4
f08 = 0x20040238
f18 = 0x200B0F07
f20 = 0x219242C8
f28 = 0x42C80000 (100.0)
f58 = 0x216A0841
f68 = 0x00000043
f70 = 0x20062040
f78 = 0x20000238
rank_position = 91
base_score = 40
prescore_score = 40
final_score = 24
total adjustment = -16
score = 24
hard_pass = true
flags = target_match, strong_front_block, strong_tail_block, object_like, anchored_fragmented_split_like, text_block_like, template_clone_family
score_breakdown = +10 target_match; +2 f08_nonzero; +2 f08_not_floatlike; +2 f18_nonzero; +2 f18_not_floatlike; +2 f20_nonzero; +2 f20_not_floatlike; +2 f68_nonzero; +2 f68_not_floatlike; +2 f70_nonzero; +2 f70_not_floatlike; +2 f78_nonzero; +2 f78_not_floatlike; +3 f58_nonzero; +2 f58_not_floatlike; +1 legacy_pointer_balanced_compat; -3 anchored_fragmented_split_penalty; -3 text_block_penalty; -10 clone_penalty
code_blob_score = 0
code_blob_penalty = 0
scalar_block_score = 0
scalar_block_penalty = 0
text_block_score = 6
text_block_penalty = 3
template_family_id = cls:AXDXSPD|layout:front_tail_split|fptr:1|tptr:1|align:2|preg:2|dom:1|fns:0|tns:0|scalar:0|text:low|blob:0|mirror:0
clone_family_id = layout:front_tail_split|fptr:1|tptr:1|align:2|preg:2|dom:1|fns:0|tns:0|scalar:0|text:low|blob:0|mirror:0
template_family_size = 11
clone_penalty = 10
mirrored_penalty = 0
pointer_reward = 0
strong_structure_bonus = 0
sparse_anchor_tail_penalty = 0
anchored_fragmented_split_penalty = 3
one_sided_anchorless_split_penalty = 0
anchorless_partial_split_penalty = 0
isolated_split_penalty = 0
pointer_alignment_count = 2
pointer_region_count = 2
pointer_fields = f08, f70
pointer_cluster_count = 4
front_cluster_count = 2
tail_cluster_count = 2
front_non_singleton_cluster_count = 0
tail_non_singleton_cluster_count = 0
dominant_cluster_size = 1
cluster_layout = front_tail_split
has_valid_anchor = true
dominant_cluster_covers_majority = false
isolated_split_like = false
tie_break_vector = final=24|family=11|pointer=0|isolated=0|blob=0|scalar=0|text=3|clone=10|mirror=0|neg=0|addr=0x7544030C4D1C
rank_reason = anchored fragmented split penalty fired on singleton-only split layout despite valid anchor; text penalty fired on little-endian ASCII/UTF16-like chunks; family size 11 raised clone penalty
positive = target value matches, f08 nonzero, f08 not float-like, f18 nonzero, f18 not float-like, f20 nonzero, f20 not float-like, f68 nonzero, f68 not float-like, f70 nonzero, f70 not float-like, f78 nonzero, f78 not float-like, f58 nonzero, f58 not float-like, front metadata present, tail reference block present
negative = none

--- Candidate #92 ---
value_addr = 0x3DA06A9D868
base_addr  = 0x3DA06A9D840
f08 = 0x3B323367
f18 = 0xBB323240
f20 = 0x3F7DA8E6
f28 = 0x42C80000 (100.0)
f58 = 0xBF4C2273
f68 = 0xBF35CF84
f70 = 0xBAB2511A
f78 = 0xBEFE0D2D
rank_position = 92
base_score = 40
prescore_score = 40
final_score = 23
total adjustment = -17
score = 23
hard_pass = true
flags = target_match, strong_front_block, strong_tail_block, object_like, anchorless_partial_split_like, isolated_split_like, text_block_like, template_clone_family
score_breakdown = +10 target_match; +2 f08_nonzero; +2 f08_not_floatlike; +2 f18_nonzero; +2 f18_not_floatlike; +2 f20_nonzero; +2 f20_not_floatlike; +2 f68_nonzero; +2 f68_not_floatlike; +2 f70_nonzero; +2 f70_not_floatlike; +2 f78_nonzero; +2 f78_not_floatlike; +3 f58_nonzero; +2 f58_not_floatlike; +1 legacy_pointer_balanced_compat; -2 anchorless_partial_split_penalty; -2 isolated_split_penalty(no_anchor_no_non_singleton_split_support); -3 text_block_penalty; -10 clone_penalty
code_blob_score = 0
code_blob_penalty = 0
scalar_block_score = 4
scalar_block_penalty = 0
text_block_score = 9
text_block_penalty = 3
template_family_id = cls:XPXXPXX|layout:front_tail_split|fptr:1|tptr:1|align:2|preg:2|dom:1|fns:0|tns:0|scalar:0|text:low|blob:0|mirror:0
clone_family_id = layout:front_tail_split|fptr:1|tptr:1|align:2|preg:2|dom:1|fns:0|tns:0|scalar:0|text:low|blob:0|mirror:0
template_family_size = 11
clone_penalty = 10
mirrored_penalty = 0
pointer_reward = 0
strong_structure_bonus = 0
sparse_anchor_tail_penalty = 0
anchored_fragmented_split_penalty = 0
one_sided_anchorless_split_penalty = 0
anchorless_partial_split_penalty = 2
isolated_split_penalty = 2
pointer_alignment_count = 2
pointer_region_count = 2
pointer_fields = f18, f68
pointer_cluster_count = 2
front_cluster_count = 1
tail_cluster_count = 1
front_non_singleton_cluster_count = 0
tail_non_singleton_cluster_count = 0
dominant_cluster_size = 1
cluster_layout = front_tail_split
has_valid_anchor = false
dominant_cluster_covers_majority = false
isolated_split_like = true
tie_break_vector = final=23|family=11|pointer=0|isolated=2|blob=0|scalar=0|text=3|clone=10|mirror=0|neg=0|addr=0x3DA06A9D868
rank_reason = anchorless partial split penalty fired on one-sided split layout without valid anchor; isolated split penalty fired on fragmentary split layout with no valid anchor and no non-singleton split support; text penalty fired on little-endian ASCII/UTF16-like chunks; family size 11 raised clone penalty
positive = target value matches, f08 nonzero, f08 not float-like, f18 nonzero, f18 not float-like, f20 nonzero, f20 not float-like, f68 nonzero, f68 not float-like, f70 nonzero, f70 not float-like, f78 nonzero, f78 not float-like, f58 nonzero, f58 not float-like, front metadata present, tail reference block present
negative = none

--- Candidate #93 ---
value_addr = 0x3DC098A58E8
base_addr  = 0x3DC098A58C0
f08 = 0x201A2160
f18 = 0x00004301
f20 = 0x019A2035
f28 = 0x42C80000 (100.0)
f58 = 0x21751F41
f68 = 0xEF207D04
f70 = 0xE8200B01
f78 = 0x01DF2001
rank_position = 93
base_score = 40
prescore_score = 40
final_score = 23
total adjustment = -17
score = 23
hard_pass = true
flags = target_match, strong_front_block, strong_tail_block, object_like, anchorless_partial_split_like, isolated_split_like, text_block_like, template_clone_family
score_breakdown = +10 target_match; +2 f08_nonzero; +2 f08_not_floatlike; +2 f18_nonzero; +2 f18_not_floatlike; +2 f20_nonzero; +2 f20_not_floatlike; +2 f68_nonzero; +2 f68_not_floatlike; +2 f70_nonzero; +2 f70_not_floatlike; +2 f78_nonzero; +2 f78_not_floatlike; +3 f58_nonzero; +2 f58_not_floatlike; +1 legacy_pointer_balanced_compat; -2 anchorless_partial_split_penalty; -2 isolated_split_penalty(no_anchor_no_non_singleton_split_support); -3 text_block_penalty; -10 clone_penalty
code_blob_score = 0
code_blob_penalty = 0
scalar_block_score = 0
scalar_block_penalty = 0
text_block_score = 6
text_block_penalty = 3
template_family_id = cls:PXXXPXX|layout:front_tail_split|fptr:1|tptr:1|align:2|preg:2|dom:1|fns:0|tns:0|scalar:0|text:low|blob:0|mirror:0
clone_family_id = layout:front_tail_split|fptr:1|tptr:1|align:2|preg:2|dom:1|fns:0|tns:0|scalar:0|text:low|blob:0|mirror:0
template_family_size = 11
clone_penalty = 10
mirrored_penalty = 0
pointer_reward = 0
strong_structure_bonus = 0
sparse_anchor_tail_penalty = 0
anchored_fragmented_split_penalty = 0
one_sided_anchorless_split_penalty = 0
anchorless_partial_split_penalty = 2
isolated_split_penalty = 2
pointer_alignment_count = 2
pointer_region_count = 2
pointer_fields = f08, f68
pointer_cluster_count = 2
front_cluster_count = 1
tail_cluster_count = 1
front_non_singleton_cluster_count = 0
tail_non_singleton_cluster_count = 0
dominant_cluster_size = 1
cluster_layout = front_tail_split
has_valid_anchor = false
dominant_cluster_covers_majority = false
isolated_split_like = true
tie_break_vector = final=23|family=11|pointer=0|isolated=2|blob=0|scalar=0|text=3|clone=10|mirror=0|neg=0|addr=0x3DC098A58E8
rank_reason = anchorless partial split penalty fired on one-sided split layout without valid anchor; isolated split penalty fired on fragmentary split layout with no valid anchor and no non-singleton split support; text penalty fired on little-endian ASCII/UTF16-like chunks; family size 11 raised clone penalty
positive = target value matches, f08 nonzero, f08 not float-like, f18 nonzero, f18 not float-like, f20 nonzero, f20 not float-like, f68 nonzero, f68 not float-like, f70 nonzero, f70 not float-like, f78 nonzero, f78 not float-like, f58 nonzero, f58 not float-like, front metadata present, tail reference block present
negative = none

--- Candidate #94 ---
value_addr = 0x754402AA58E8
base_addr  = 0x754402AA58C0
f08 = 0x201A2160
f18 = 0x00004301
f20 = 0x019A2035
f28 = 0x42C80000 (100.0)
f58 = 0x21751F41
f68 = 0xEF207D04
f70 = 0xE8200B01
f78 = 0x01DF2001
rank_position = 94
base_score = 40
prescore_score = 40
final_score = 23
total adjustment = -17
score = 23
hard_pass = true
flags = target_match, strong_front_block, strong_tail_block, object_like, anchorless_partial_split_like, isolated_split_like, text_block_like, template_clone_family
score_breakdown = +10 target_match; +2 f08_nonzero; +2 f08_not_floatlike; +2 f18_nonzero; +2 f18_not_floatlike; +2 f20_nonzero; +2 f20_not_floatlike; +2 f68_nonzero; +2 f68_not_floatlike; +2 f70_nonzero; +2 f70_not_floatlike; +2 f78_nonzero; +2 f78_not_floatlike; +3 f58_nonzero; +2 f58_not_floatlike; +1 legacy_pointer_balanced_compat; -2 anchorless_partial_split_penalty; -2 isolated_split_penalty(no_anchor_no_non_singleton_split_support); -3 text_block_penalty; -10 clone_penalty
code_blob_score = 0
code_blob_penalty = 0
scalar_block_score = 0
scalar_block_penalty = 0
text_block_score = 6
text_block_penalty = 3
template_family_id = cls:PXXXPXX|layout:front_tail_split|fptr:1|tptr:1|align:2|preg:2|dom:1|fns:0|tns:0|scalar:0|text:low|blob:0|mirror:0
clone_family_id = layout:front_tail_split|fptr:1|tptr:1|align:2|preg:2|dom:1|fns:0|tns:0|scalar:0|text:low|blob:0|mirror:0
template_family_size = 11
clone_penalty = 10
mirrored_penalty = 0
pointer_reward = 0
strong_structure_bonus = 0
sparse_anchor_tail_penalty = 0
anchored_fragmented_split_penalty = 0
one_sided_anchorless_split_penalty = 0
anchorless_partial_split_penalty = 2
isolated_split_penalty = 2
pointer_alignment_count = 2
pointer_region_count = 2
pointer_fields = f08, f68
pointer_cluster_count = 2
front_cluster_count = 1
tail_cluster_count = 1
front_non_singleton_cluster_count = 0
tail_non_singleton_cluster_count = 0
dominant_cluster_size = 1
cluster_layout = front_tail_split
has_valid_anchor = false
dominant_cluster_covers_majority = false
isolated_split_like = true
tie_break_vector = final=23|family=11|pointer=0|isolated=2|blob=0|scalar=0|text=3|clone=10|mirror=0|neg=0|addr=0x754402AA58E8
rank_reason = anchorless partial split penalty fired on one-sided split layout without valid anchor; isolated split penalty fired on fragmentary split layout with no valid anchor and no non-singleton split support; text penalty fired on little-endian ASCII/UTF16-like chunks; family size 11 raised clone penalty
positive = target value matches, f08 nonzero, f08 not float-like, f18 nonzero, f18 not float-like, f20 nonzero, f20 not float-like, f68 nonzero, f68 not float-like, f70 nonzero, f70 not float-like, f78 nonzero, f78 not float-like, f58 nonzero, f58 not float-like, front metadata present, tail reference block present
negative = none

--- Candidate #95 ---
value_addr = 0x3DA0295244C
base_addr  = 0x3DA02952424
f08 = 0x3E000004
f18 = 0xBF3504F4
f20 = 0x80000000
f28 = 0x42C80000 (100.0)
f58 = 0x3D79DB23
f68 = 0x3F000001
f70 = 0x3F000000
f78 = 0x3D79DB31
rank_position = 95
base_score = 40
prescore_score = 40
final_score = 21
total adjustment = -19
score = 21
hard_pass = true
flags = target_match, strong_front_block, strong_tail_block, object_like, anchored_fragmented_split_like, scalar_block_like, text_block_like, template_clone_family
score_breakdown = +10 target_match; +2 f08_nonzero; +2 f08_not_floatlike; +2 f18_nonzero; +2 f18_not_floatlike; +2 f20_nonzero; +2 f20_not_floatlike; +2 f68_nonzero; +2 f68_not_floatlike; +2 f70_nonzero; +2 f70_not_floatlike; +2 f78_nonzero; +2 f78_not_floatlike; +3 f58_nonzero; +2 f58_not_floatlike; +1 legacy_pointer_balanced_compat; -3 anchored_fragmented_split_penalty; -3 scalar_block_penalty; -3 text_block_penalty; -10 clone_penalty
code_blob_score = 0
code_blob_penalty = 0
scalar_block_score = 6
scalar_block_penalty = 3
text_block_score = 8
text_block_penalty = 3
template_family_id = cls:PDAXXPX|layout:front_tail_split|fptr:2|tptr:1|align:3+|preg:3+|dom:1|fns:0|tns:0|scalar:low|text:low|blob:0|mirror:0
clone_family_id = layout:front_tail_split|fptr:2|tptr:1|align:3+|preg:3+|dom:1|fns:0|tns:0|scalar:low|text:low|blob:0|mirror:0
template_family_size = 6
clone_penalty = 10
mirrored_penalty = 0
pointer_reward = 0
strong_structure_bonus = 0
sparse_anchor_tail_penalty = 0
anchored_fragmented_split_penalty = 3
one_sided_anchorless_split_penalty = 0
anchorless_partial_split_penalty = 0
isolated_split_penalty = 0
pointer_alignment_count = 3
pointer_region_count = 3
pointer_fields = f08, f20, f70
pointer_cluster_count = 4
front_cluster_count = 3
tail_cluster_count = 1
front_non_singleton_cluster_count = 0
tail_non_singleton_cluster_count = 0
dominant_cluster_size = 1
cluster_layout = front_tail_split
has_valid_anchor = true
dominant_cluster_covers_majority = false
isolated_split_like = false
tie_break_vector = final=21|family=6|pointer=0|isolated=0|blob=0|scalar=3|text=3|clone=10|mirror=0|neg=0|addr=0x3DA0295244C
rank_reason = anchored fragmented split penalty fired on singleton-only split layout despite valid anchor; scalar penalty fired on float-like/scalar template; text penalty fired on little-endian ASCII/UTF16-like chunks; family size 6 raised clone penalty
positive = target value matches, f08 nonzero, f08 not float-like, f18 nonzero, f18 not float-like, f20 nonzero, f20 not float-like, f68 nonzero, f68 not float-like, f70 nonzero, f70 not float-like, f78 nonzero, f78 not float-like, f58 nonzero, f58 not float-like, front metadata present, tail reference block present
negative = none

--- Candidate #96 ---
value_addr = 0x3DA06570BEC
base_addr  = 0x3DA06570BC4
f08 = 0x3E000000
f18 = 0xBF3504F4
f20 = 0x80000000
f28 = 0x42C80000 (100.0)
f58 = 0x3D79DB23
f68 = 0x3F000001
f70 = 0x3F000000
f78 = 0x3D79DB31
rank_position = 96
base_score = 40
prescore_score = 40
final_score = 21
total adjustment = -19
score = 21
hard_pass = true
flags = target_match, strong_front_block, strong_tail_block, object_like, anchored_fragmented_split_like, scalar_block_like, text_block_like, template_clone_family
score_breakdown = +10 target_match; +2 f08_nonzero; +2 f08_not_floatlike; +2 f18_nonzero; +2 f18_not_floatlike; +2 f20_nonzero; +2 f20_not_floatlike; +2 f68_nonzero; +2 f68_not_floatlike; +2 f70_nonzero; +2 f70_not_floatlike; +2 f78_nonzero; +2 f78_not_floatlike; +3 f58_nonzero; +2 f58_not_floatlike; +1 legacy_pointer_balanced_compat; -3 anchored_fragmented_split_penalty; -3 scalar_block_penalty; -3 text_block_penalty; -10 clone_penalty
code_blob_score = 0
code_blob_penalty = 0
scalar_block_score = 6
scalar_block_penalty = 3
text_block_score = 8
text_block_penalty = 3
template_family_id = cls:PDAXXPX|layout:front_tail_split|fptr:2|tptr:1|align:3+|preg:3+|dom:1|fns:0|tns:0|scalar:low|text:low|blob:0|mirror:0
clone_family_id = layout:front_tail_split|fptr:2|tptr:1|align:3+|preg:3+|dom:1|fns:0|tns:0|scalar:low|text:low|blob:0|mirror:0
template_family_size = 6
clone_penalty = 10
mirrored_penalty = 0
pointer_reward = 0
strong_structure_bonus = 0
sparse_anchor_tail_penalty = 0
anchored_fragmented_split_penalty = 3
one_sided_anchorless_split_penalty = 0
anchorless_partial_split_penalty = 0
isolated_split_penalty = 0
pointer_alignment_count = 3
pointer_region_count = 3
pointer_fields = f08, f20, f70
pointer_cluster_count = 4
front_cluster_count = 3
tail_cluster_count = 1
front_non_singleton_cluster_count = 0
tail_non_singleton_cluster_count = 0
dominant_cluster_size = 1
cluster_layout = front_tail_split
has_valid_anchor = true
dominant_cluster_covers_majority = false
isolated_split_like = false
tie_break_vector = final=21|family=6|pointer=0|isolated=0|blob=0|scalar=3|text=3|clone=10|mirror=0|neg=0|addr=0x3DA06570BEC
rank_reason = anchored fragmented split penalty fired on singleton-only split layout despite valid anchor; scalar penalty fired on float-like/scalar template; text penalty fired on little-endian ASCII/UTF16-like chunks; family size 6 raised clone penalty
positive = target value matches, f08 nonzero, f08 not float-like, f18 nonzero, f18 not float-like, f20 nonzero, f20 not float-like, f68 nonzero, f68 not float-like, f70 nonzero, f70 not float-like, f78 nonzero, f78 not float-like, f58 nonzero, f58 not float-like, front metadata present, tail reference block present
negative = none

--- Candidate #97 ---
value_addr = 0x3DA065BCBCC
base_addr  = 0x3DA065BCBA4
f08 = 0x3E000004
f18 = 0xBF3504F4
f20 = 0x80000000
f28 = 0x42C80000 (100.0)
f58 = 0x3D79DB23
f68 = 0x3F000001
f70 = 0x3F000000
f78 = 0x3D79DB31
rank_position = 97
base_score = 40
prescore_score = 40
final_score = 21
total adjustment = -19
score = 21
hard_pass = true
flags = target_match, strong_front_block, strong_tail_block, object_like, anchored_fragmented_split_like, scalar_block_like, text_block_like, template_clone_family
score_breakdown = +10 target_match; +2 f08_nonzero; +2 f08_not_floatlike; +2 f18_nonzero; +2 f18_not_floatlike; +2 f20_nonzero; +2 f20_not_floatlike; +2 f68_nonzero; +2 f68_not_floatlike; +2 f70_nonzero; +2 f70_not_floatlike; +2 f78_nonzero; +2 f78_not_floatlike; +3 f58_nonzero; +2 f58_not_floatlike; +1 legacy_pointer_balanced_compat; -3 anchored_fragmented_split_penalty; -3 scalar_block_penalty; -3 text_block_penalty; -10 clone_penalty
code_blob_score = 0
code_blob_penalty = 0
scalar_block_score = 6
scalar_block_penalty = 3
text_block_score = 8
text_block_penalty = 3
template_family_id = cls:PDAXXPX|layout:front_tail_split|fptr:2|tptr:1|align:3+|preg:3+|dom:1|fns:0|tns:0|scalar:low|text:low|blob:0|mirror:0
clone_family_id = layout:front_tail_split|fptr:2|tptr:1|align:3+|preg:3+|dom:1|fns:0|tns:0|scalar:low|text:low|blob:0|mirror:0
template_family_size = 6
clone_penalty = 10
mirrored_penalty = 0
pointer_reward = 0
strong_structure_bonus = 0
sparse_anchor_tail_penalty = 0
anchored_fragmented_split_penalty = 3
one_sided_anchorless_split_penalty = 0
anchorless_partial_split_penalty = 0
isolated_split_penalty = 0
pointer_alignment_count = 3
pointer_region_count = 3
pointer_fields = f08, f20, f70
pointer_cluster_count = 4
front_cluster_count = 3
tail_cluster_count = 1
front_non_singleton_cluster_count = 0
tail_non_singleton_cluster_count = 0
dominant_cluster_size = 1
cluster_layout = front_tail_split
has_valid_anchor = true
dominant_cluster_covers_majority = false
isolated_split_like = false
tie_break_vector = final=21|family=6|pointer=0|isolated=0|blob=0|scalar=3|text=3|clone=10|mirror=0|neg=0|addr=0x3DA065BCBCC
rank_reason = anchored fragmented split penalty fired on singleton-only split layout despite valid anchor; scalar penalty fired on float-like/scalar template; text penalty fired on little-endian ASCII/UTF16-like chunks; family size 6 raised clone penalty
positive = target value matches, f08 nonzero, f08 not float-like, f18 nonzero, f18 not float-like, f20 nonzero, f20 not float-like, f68 nonzero, f68 not float-like, f70 nonzero, f70 not float-like, f78 nonzero, f78 not float-like, f58 nonzero, f58 not float-like, front metadata present, tail reference block present
negative = none

--- Candidate #98 ---
value_addr = 0x3DA065C091C
base_addr  = 0x3DA065C08F4
f08 = 0x3E000004
f18 = 0xBF3504F4
f20 = 0x80000000
f28 = 0x42C80000 (100.0)
f58 = 0x3D79DB23
f68 = 0x3F000001
f70 = 0x3F000000
f78 = 0x3D79DB31
rank_position = 98
base_score = 40
prescore_score = 40
final_score = 21
total adjustment = -19
score = 21
hard_pass = true
flags = target_match, strong_front_block, strong_tail_block, object_like, anchored_fragmented_split_like, scalar_block_like, text_block_like, template_clone_family
score_breakdown = +10 target_match; +2 f08_nonzero; +2 f08_not_floatlike; +2 f18_nonzero; +2 f18_not_floatlike; +2 f20_nonzero; +2 f20_not_floatlike; +2 f68_nonzero; +2 f68_not_floatlike; +2 f70_nonzero; +2 f70_not_floatlike; +2 f78_nonzero; +2 f78_not_floatlike; +3 f58_nonzero; +2 f58_not_floatlike; +1 legacy_pointer_balanced_compat; -3 anchored_fragmented_split_penalty; -3 scalar_block_penalty; -3 text_block_penalty; -10 clone_penalty
code_blob_score = 0
code_blob_penalty = 0
scalar_block_score = 6
scalar_block_penalty = 3
text_block_score = 8
text_block_penalty = 3
template_family_id = cls:PDAXXPX|layout:front_tail_split|fptr:2|tptr:1|align:3+|preg:3+|dom:1|fns:0|tns:0|scalar:low|text:low|blob:0|mirror:0
clone_family_id = layout:front_tail_split|fptr:2|tptr:1|align:3+|preg:3+|dom:1|fns:0|tns:0|scalar:low|text:low|blob:0|mirror:0
template_family_size = 6
clone_penalty = 10
mirrored_penalty = 0
pointer_reward = 0
strong_structure_bonus = 0
sparse_anchor_tail_penalty = 0
anchored_fragmented_split_penalty = 3
one_sided_anchorless_split_penalty = 0
anchorless_partial_split_penalty = 0
isolated_split_penalty = 0
pointer_alignment_count = 3
pointer_region_count = 3
pointer_fields = f08, f20, f70
pointer_cluster_count = 4
front_cluster_count = 3
tail_cluster_count = 1
front_non_singleton_cluster_count = 0
tail_non_singleton_cluster_count = 0
dominant_cluster_size = 1
cluster_layout = front_tail_split
has_valid_anchor = true
dominant_cluster_covers_majority = false
isolated_split_like = false
tie_break_vector = final=21|family=6|pointer=0|isolated=0|blob=0|scalar=3|text=3|clone=10|mirror=0|neg=0|addr=0x3DA065C091C
rank_reason = anchored fragmented split penalty fired on singleton-only split layout despite valid anchor; scalar penalty fired on float-like/scalar template; text penalty fired on little-endian ASCII/UTF16-like chunks; family size 6 raised clone penalty
positive = target value matches, f08 nonzero, f08 not float-like, f18 nonzero, f18 not float-like, f20 nonzero, f20 not float-like, f68 nonzero, f68 not float-like, f70 nonzero, f70 not float-like, f78 nonzero, f78 not float-like, f58 nonzero, f58 not float-like, front metadata present, tail reference block present
negative = none

--- Candidate #99 ---
value_addr = 0x3DA068DCBC4
base_addr  = 0x3DA068DCB9C
f08 = 0x3E000004
f18 = 0xBF3504F4
f20 = 0x80000000
f28 = 0x42C80000 (100.0)
f58 = 0x3D79DB23
f68 = 0x3F000001
f70 = 0x3F000000
f78 = 0x3D79DB31
rank_position = 99
base_score = 40
prescore_score = 40
final_score = 21
total adjustment = -19
score = 21
hard_pass = true
flags = target_match, strong_front_block, strong_tail_block, object_like, anchored_fragmented_split_like, scalar_block_like, text_block_like, template_clone_family
score_breakdown = +10 target_match; +2 f08_nonzero; +2 f08_not_floatlike; +2 f18_nonzero; +2 f18_not_floatlike; +2 f20_nonzero; +2 f20_not_floatlike; +2 f68_nonzero; +2 f68_not_floatlike; +2 f70_nonzero; +2 f70_not_floatlike; +2 f78_nonzero; +2 f78_not_floatlike; +3 f58_nonzero; +2 f58_not_floatlike; +1 legacy_pointer_balanced_compat; -3 anchored_fragmented_split_penalty; -3 scalar_block_penalty; -3 text_block_penalty; -10 clone_penalty
code_blob_score = 0
code_blob_penalty = 0
scalar_block_score = 6
scalar_block_penalty = 3
text_block_score = 8
text_block_penalty = 3
template_family_id = cls:PDAXXPX|layout:front_tail_split|fptr:2|tptr:1|align:3+|preg:3+|dom:1|fns:0|tns:0|scalar:low|text:low|blob:0|mirror:0
clone_family_id = layout:front_tail_split|fptr:2|tptr:1|align:3+|preg:3+|dom:1|fns:0|tns:0|scalar:low|text:low|blob:0|mirror:0
template_family_size = 6
clone_penalty = 10
mirrored_penalty = 0
pointer_reward = 0
strong_structure_bonus = 0
sparse_anchor_tail_penalty = 0
anchored_fragmented_split_penalty = 3
one_sided_anchorless_split_penalty = 0
anchorless_partial_split_penalty = 0
isolated_split_penalty = 0
pointer_alignment_count = 3
pointer_region_count = 3
pointer_fields = f08, f20, f70
pointer_cluster_count = 4
front_cluster_count = 3
tail_cluster_count = 1
front_non_singleton_cluster_count = 0
tail_non_singleton_cluster_count = 0
dominant_cluster_size = 1
cluster_layout = front_tail_split
has_valid_anchor = true
dominant_cluster_covers_majority = false
isolated_split_like = false
tie_break_vector = final=21|family=6|pointer=0|isolated=0|blob=0|scalar=3|text=3|clone=10|mirror=0|neg=0|addr=0x3DA068DCBC4
rank_reason = anchored fragmented split penalty fired on singleton-only split layout despite valid anchor; scalar penalty fired on float-like/scalar template; text penalty fired on little-endian ASCII/UTF16-like chunks; family size 6 raised clone penalty
positive = target value matches, f08 nonzero, f08 not float-like, f18 nonzero, f18 not float-like, f20 nonzero, f20 not float-like, f68 nonzero, f68 not float-like, f70 nonzero, f70 not float-like, f78 nonzero, f78 not float-like, f58 nonzero, f58 not float-like, front metadata present, tail reference block present
negative = none

--- Candidate #100 ---
value_addr = 0x3DA0697E34C
base_addr  = 0x3DA0697E324
f08 = 0x3E000000
f18 = 0xBF3504F4
f20 = 0x80000000
f28 = 0x42C80000 (100.0)
f58 = 0x3D79DB23
f68 = 0x3F000001
f70 = 0x3F000000
f78 = 0x3D79DB31
rank_position = 100
base_score = 40
prescore_score = 40
final_score = 21
total adjustment = -19
score = 21
hard_pass = true
flags = target_match, strong_front_block, strong_tail_block, object_like, anchored_fragmented_split_like, scalar_block_like, text_block_like, template_clone_family
score_breakdown = +10 target_match; +2 f08_nonzero; +2 f08_not_floatlike; +2 f18_nonzero; +2 f18_not_floatlike; +2 f20_nonzero; +2 f20_not_floatlike; +2 f68_nonzero; +2 f68_not_floatlike; +2 f70_nonzero; +2 f70_not_floatlike; +2 f78_nonzero; +2 f78_not_floatlike; +3 f58_nonzero; +2 f58_not_floatlike; +1 legacy_pointer_balanced_compat; -3 anchored_fragmented_split_penalty; -3 scalar_block_penalty; -3 text_block_penalty; -10 clone_penalty
code_blob_score = 0
code_blob_penalty = 0
scalar_block_score = 6
scalar_block_penalty = 3
text_block_score = 8
text_block_penalty = 3
template_family_id = cls:PDAXXPX|layout:front_tail_split|fptr:2|tptr:1|align:3+|preg:3+|dom:1|fns:0|tns:0|scalar:low|text:low|blob:0|mirror:0
clone_family_id = layout:front_tail_split|fptr:2|tptr:1|align:3+|preg:3+|dom:1|fns:0|tns:0|scalar:low|text:low|blob:0|mirror:0
template_family_size = 6
clone_penalty = 10
mirrored_penalty = 0
pointer_reward = 0
strong_structure_bonus = 0
sparse_anchor_tail_penalty = 0
anchored_fragmented_split_penalty = 3
one_sided_anchorless_split_penalty = 0
anchorless_partial_split_penalty = 0
isolated_split_penalty = 0
pointer_alignment_count = 3
pointer_region_count = 3
pointer_fields = f08, f20, f70
pointer_cluster_count = 4
front_cluster_count = 3
tail_cluster_count = 1
front_non_singleton_cluster_count = 0
tail_non_singleton_cluster_count = 0
dominant_cluster_size = 1
cluster_layout = front_tail_split
has_valid_anchor = true
dominant_cluster_covers_majority = false
isolated_split_like = false
tie_break_vector = final=21|family=6|pointer=0|isolated=0|blob=0|scalar=3|text=3|clone=10|mirror=0|neg=0|addr=0x3DA0697E34C
rank_reason = anchored fragmented split penalty fired on singleton-only split layout despite valid anchor; scalar penalty fired on float-like/scalar template; text penalty fired on little-endian ASCII/UTF16-like chunks; family size 6 raised clone penalty
positive = target value matches, f08 nonzero, f08 not float-like, f18 nonzero, f18 not float-like, f20 nonzero, f20 not float-like, f68 nonzero, f68 not float-like, f70 nonzero, f70 not float-like, f78 nonzero, f78 not float-like, f58 nonzero, f58 not float-like, front metadata present, tail reference block present
negative = none
 
