[MVP0] REPORT_BUILD_TAG = probe-20260321-v1 
[MVP0] REPORT_SOURCE = @D:\Lua Developer\mvp0_candidate_report.lua 
[FUNC] MVP0.score_base_candidate -> source=D:\Lua Developer\mvp0_candidate_report.lua line=1661 
[FUNC] MVP0.apply_rank_adjustments -> source=D:\Lua Developer\mvp0_candidate_report.lua line=2281 
[FUNC] MVP0.render_report -> source=D:\Lua Developer\mvp0_candidate_report.lua line=2758 
[FUNC] MVP0.compute_one_sided_anchorless_split_penalty -> source=D:\Lua Developer\mvp0_candidate_report.lua line=2263 
=== collector_stats === 
raw_count                      = 13177 
scanned_count                  = 8000 
unique_count                   = 8000 
filtered_count                 = 4980 
prescored_count                = 4980 
selected_count                 = 100 
selection_strategy             = prescore_diverse_top_scored 
=== truth_probe_flags === 
true_in_full_foundlist_checked = true 
true_in_full_foundlist         = true 
true_in_full_foundlist_observed = true 
true_in_raw                    = true 
true_in_unique                 = true 
true_in_filtered               = true 
true_in_prescored              = true 
true_in_selected               = true 
=== extra_probe_debug === 
known_true_addr                = 0x3BC061C8D48 
true_foundlist_index           = 2489 
probe_window_radius            = 256 
raw_probe_full_foundlist_enabled = true 
raw_probe_used                 = 0 
known_true_raw_admission_path  = even_spread 
=== truth_probe_logs === 
01: [full_foundlist] known_true_addr found at full index 2489 
02: [raw] known_true_addr already admitted by hybrid raw sampling via even_spread 
03: [raw_admission] strategy=hybrid even=5600/5600 structure=79/1200 neighborhood=451/1200 fill=1870/0 probe=0/1 total=8000/8000 
04: [raw_admission] source_counts even=5600 structure=79 neighborhood=451 fill=1870 probe=0 scout=4800 eligible=379 
05: [raw_admission] read_fail_count=0 neighbor_dedup_drops=737 last_read_fail_candidate=nil 
06: [raw_admission] reject_counts duplicate_heavy=2, insufficient_nonzero=1906, neighborhood_duplicate=737, not_target_match=1738, pointerless=18, structure_already_selected=54, structure_signature_cap=246, weak_pointer_regions=740, weak_structure_signal=17 
07: [raw] known_true_addr admitted into raw set 
08: [raw_admission] known_true_addr raw admission path = even_spread 
=== known_true_debug === 
known_true_rank_position       = 1 
known_true_base_score          = 40 
known_true_final_score         = 43 
known_true_tie_break_vector    = final=43|family=1|pointer=5|isolated=0|blob=3|scalar=0|text=0|clone=0|mirror=0|neg=0|addr=0x3BC061C8D48 
=== report_text === 
=== Session Summary ===
Session: collector-retest-wide-2-with-probe
Candidates: 100
Target value pattern: 0x42C80000
Target value float: 100.0
Best candidate: 0x3BC061C8D48
Best base: 0x3BC061C8D20
Best score: 43
Second score: 40
Score gap: 3
Confidence: LOW
Manual review: true
=======================

=== Recommendation ===
Recommendation: REVIEW
Confidence: LOW
Manual review required: true
Recommended value addr: 0x3BC061C8D48
Recommended base addr : 0x3BC061C8D20
Recommended score     : 43
Rationale: best candidate has object-like structure; best candidate has a coherent pointer layout; best candidate triggered code-blob penalty 3; score gap over second place is 3; manual review is recommended before acting on this candidate
======================

--- Candidate #1 ---
value_addr = 0x3BC061C8D48
base_addr  = 0x3BC061C8D20
f08 = 0x042DB3A0
f18 = 0x06D17FE0
f20 = 0x06D17FA0
f28 = 0x42C80000 (100.0)
f58 = 0x0A93F8BA
f68 = 0x06D58790
f70 = 0x06D58780
f78 = 0x06D58830
rank_position = 1
base_score = 40
prescore_score = 40
final_score = 43
total adjustment = 3
score = 43
hard_pass = true
flags = target_match, strong_front_block, strong_tail_block, object_like, pointer_balanced, pointer_diverse, coherent_pointer_layout, strong_structure_layout, code_blob_like
score_breakdown = +10 target_match; +2 f08_nonzero; +2 f08_not_floatlike; +2 f18_nonzero; +2 f18_not_floatlike; +2 f20_nonzero; +2 f20_not_floatlike; +2 f68_nonzero; +2 f68_not_floatlike; +2 f70_nonzero; +2 f70_not_floatlike; +2 f78_nonzero; +2 f78_not_floatlike; +3 f58_nonzero; +2 f58_not_floatlike; +1 legacy_pointer_balanced_compat; +5 pointer_reward; +1 strong_structure_bonus; -3 code_blob_penalty
code_blob_score = 40
code_blob_penalty = 3
scalar_block_score = 0
scalar_block_penalty = 0
text_block_score = 0
text_block_penalty = 0
template_family_id = cls:APPXPPP|layout:front_tail_split|fptr:3+|tptr:3+|align:3+|preg:3+|dom:3|fns:1|tns:1|scalar:0|text:0|blob:high|mirror:0
clone_family_id = layout:front_tail_split|fptr:3+|tptr:3+|align:3+|preg:3+|dom:3|fns:1|tns:1|scalar:0|text:0|blob:high|mirror:0
template_family_size = 1
clone_penalty = 0
mirrored_penalty = 0
pointer_reward = 5
strong_structure_bonus = 1
sparse_anchor_tail_penalty = 0
anchored_fragmented_split_penalty = 0
one_sided_anchorless_split_penalty = 0
anchorless_partial_split_penalty = 0
isolated_split_penalty = 0
pointer_alignment_count = 6
pointer_region_count = 3
pointer_fields = f08, f18, f20, f68, f70, f78
pointer_cluster_count = 3
front_cluster_count = 2
tail_cluster_count = 1
front_non_singleton_cluster_count = 1
tail_non_singleton_cluster_count = 1
dominant_cluster_size = 3
cluster_layout = front_tail_split
has_valid_anchor = true
dominant_cluster_covers_majority = false
isolated_split_like = false
tie_break_vector = final=43|family=1|pointer=5|isolated=0|blob=3|scalar=0|text=0|clone=0|mirror=0|neg=0|addr=0x3BC061C8D48
rank_reason = pointer reward favored front_tail_split cluster layout; strong structure bonus favored anchored two-sided split layout with dense pointer support; blob penalty capped at mild by split-cluster safeguard
positive = target value matches, f08 nonzero, f08 not float-like, f18 nonzero, f18 not float-like, f20 nonzero, f20 not float-like, f68 nonzero, f68 not float-like, f70 nonzero, f70 not float-like, f78 nonzero, f78 not float-like, f58 nonzero, f58 not float-like, front metadata present, tail reference block present
negative = none

--- Candidate #2 ---
value_addr = 0x3B809723340
base_addr  = 0x3B809723318
f08 = 0x93132092
f18 = 0x13201322
f20 = 0x00439293
f28 = 0x42C80000 (100.0)
f58 = 0x02200002
f68 = 0x37100229
f70 = 0x02290320
f78 = 0x03200220
rank_position = 2
base_score = 40
prescore_score = 40
final_score = 40
total adjustment = 0
score = 40
hard_pass = true
flags = target_match, strong_front_block, strong_tail_block, object_like
score_breakdown = +10 target_match; +2 f08_nonzero; +2 f08_not_floatlike; +2 f18_nonzero; +2 f18_not_floatlike; +2 f20_nonzero; +2 f20_not_floatlike; +2 f68_nonzero; +2 f68_not_floatlike; +2 f70_nonzero; +2 f70_not_floatlike; +2 f78_nonzero; +2 f78_not_floatlike; +3 f58_nonzero; +2 f58_not_floatlike; +1 legacy_pointer_balanced_compat
code_blob_score = 0
code_blob_penalty = 0
scalar_block_score = 3
scalar_block_penalty = 0
text_block_score = 0
text_block_penalty = 0
template_family_id = cls:XXXXXDA|layout:scattered|fptr:0|tptr:1|align:1|preg:1|dom:1|fns:0|tns:0|scalar:0|text:0|blob:0|mirror:0
clone_family_id = layout:scattered|fptr:0|tptr:1|align:1|preg:1|dom:1|fns:0|tns:0|scalar:0|text:0|blob:0|mirror:0
template_family_size = 1
clone_penalty = 0
mirrored_penalty = 0
pointer_reward = 0
strong_structure_bonus = 0
sparse_anchor_tail_penalty = 0
anchored_fragmented_split_penalty = 0
one_sided_anchorless_split_penalty = 0
anchorless_partial_split_penalty = 0
isolated_split_penalty = 0
pointer_alignment_count = 1
pointer_region_count = 1
pointer_fields = f78
pointer_cluster_count = 2
front_cluster_count = 0
tail_cluster_count = 2
front_non_singleton_cluster_count = 0
tail_non_singleton_cluster_count = 0
dominant_cluster_size = 1
cluster_layout = scattered
has_valid_anchor = true
dominant_cluster_covers_majority = false
isolated_split_like = false
tie_break_vector = final=40|family=1|pointer=0|isolated=0|blob=0|scalar=0|text=0|clone=0|mirror=0|neg=0|addr=0x3B809723340
rank_reason = rank follows base_score with no extra adjustments
positive = target value matches, f08 nonzero, f08 not float-like, f18 nonzero, f18 not float-like, f20 nonzero, f20 not float-like, f68 nonzero, f68 not float-like, f70 nonzero, f70 not float-like, f78 nonzero, f78 not float-like, f58 nonzero, f58 not float-like, front metadata present, tail reference block present
negative = none

--- Candidate #3 ---
value_addr = 0x3B80A2C44C8
base_addr  = 0x3B80A2C44A0
f08 = 0x43012008
f18 = 0x02380000
f20 = 0x0238B208
f28 = 0x42C80000 (100.0)
f58 = 0x02370802
f68 = 0x41000228
f70 = 0x41002003
f78 = 0x00004300
rank_position = 3
base_score = 40
prescore_score = 40
final_score = 37
total adjustment = -3
score = 37
hard_pass = true
flags = target_match, strong_front_block, strong_tail_block, object_like, pointer_balanced, pointer_diverse, coherent_pointer_layout, one_sided_anchorless_split_like, anchorless_partial_split_like
score_breakdown = +10 target_match; +2 f08_nonzero; +2 f08_not_floatlike; +2 f18_nonzero; +2 f18_not_floatlike; +2 f20_nonzero; +2 f20_not_floatlike; +2 f68_nonzero; +2 f68_not_floatlike; +2 f70_nonzero; +2 f70_not_floatlike; +2 f78_nonzero; +2 f78_not_floatlike; +3 f58_nonzero; +2 f58_not_floatlike; +1 legacy_pointer_balanced_compat; +1 pointer_reward; -2 one_sided_anchorless_split_penalty; -2 anchorless_partial_split_penalty
code_blob_score = 2
code_blob_penalty = 0
scalar_block_score = 4
scalar_block_penalty = 0
text_block_score = 0
text_block_penalty = 0
template_family_id = cls:DPPXPXX|layout:front_tail_split|fptr:2|tptr:1|align:3+|preg:2|dom:2|fns:1|tns:0|scalar:0|text:0|blob:0|mirror:0
clone_family_id = layout:front_tail_split|fptr:2|tptr:1|align:3+|preg:2|dom:2|fns:1|tns:0|scalar:0|text:0|blob:0|mirror:0
template_family_size = 1
clone_penalty = 0
mirrored_penalty = 0
pointer_reward = 1
strong_structure_bonus = 0
sparse_anchor_tail_penalty = 0
anchored_fragmented_split_penalty = 0
one_sided_anchorless_split_penalty = 2
anchorless_partial_split_penalty = 2
isolated_split_penalty = 0
pointer_alignment_count = 3
pointer_region_count = 2
pointer_fields = f18, f20, f68
pointer_cluster_count = 3
front_cluster_count = 2
tail_cluster_count = 1
front_non_singleton_cluster_count = 1
tail_non_singleton_cluster_count = 0
dominant_cluster_size = 2
cluster_layout = front_tail_split
has_valid_anchor = false
dominant_cluster_covers_majority = false
isolated_split_like = false
tie_break_vector = final=37|family=1|pointer=1|isolated=0|blob=0|scalar=0|text=0|clone=0|mirror=0|neg=0|addr=0x3B80A2C44C8
rank_reason = pointer reward favored front_tail_split cluster layout; one-sided anchorless split penalty fired on weak front-tail split with only one-sided support; anchorless partial split penalty fired on one-sided split layout without valid anchor
positive = target value matches, f08 nonzero, f08 not float-like, f18 nonzero, f18 not float-like, f20 nonzero, f20 not float-like, f68 nonzero, f68 not float-like, f70 nonzero, f70 not float-like, f78 nonzero, f78 not float-like, f58 nonzero, f58 not float-like, front metadata present, tail reference block present
negative = none

--- Candidate #4 ---
value_addr = 0x3B80A7D86BC
base_addr  = 0x3B80A7D8694
f08 = 0x00004300
f18 = 0x201C0238
f20 = 0x023842C8
f28 = 0x42C80000 (100.0)
f58 = 0x00004300
f68 = 0x01800238
f70 = 0x383F8000
f78 = 0x00004300
rank_position = 4
base_score = 40
prescore_score = 40
final_score = 37
total adjustment = -3
score = 37
hard_pass = true
flags = target_match, strong_front_block, strong_tail_block, object_like, anchored_fragmented_split_like
score_breakdown = +10 target_match; +2 f08_nonzero; +2 f08_not_floatlike; +2 f18_nonzero; +2 f18_not_floatlike; +2 f20_nonzero; +2 f20_not_floatlike; +2 f68_nonzero; +2 f68_not_floatlike; +2 f70_nonzero; +2 f70_not_floatlike; +2 f78_nonzero; +2 f78_not_floatlike; +3 f58_nonzero; +2 f58_not_floatlike; +1 legacy_pointer_balanced_compat; -3 anchored_fragmented_split_penalty
code_blob_score = 0
code_blob_penalty = 0
scalar_block_score = 2
scalar_block_penalty = 0
text_block_score = 0
text_block_penalty = 0
template_family_id = cls:XADXPDX|layout:front_tail_split|fptr:1|tptr:1|align:2|preg:2|dom:1|fns:0|tns:0|scalar:0|text:0|blob:0|mirror:1
clone_family_id = layout:front_tail_split|fptr:1|tptr:1|align:2|preg:2|dom:1|fns:0|tns:0|scalar:0|text:0|blob:0|mirror:1
template_family_size = 1
clone_penalty = 0
mirrored_penalty = 0
pointer_reward = 0
strong_structure_bonus = 0
sparse_anchor_tail_penalty = 0
anchored_fragmented_split_penalty = 3
one_sided_anchorless_split_penalty = 0
anchorless_partial_split_penalty = 0
isolated_split_penalty = 0
pointer_alignment_count = 2
pointer_region_count = 2
pointer_fields = f18, f68
pointer_cluster_count = 4
front_cluster_count = 2
tail_cluster_count = 2
front_non_singleton_cluster_count = 0
tail_non_singleton_cluster_count = 0
dominant_cluster_size = 1
cluster_layout = front_tail_split
has_valid_anchor = true
dominant_cluster_covers_majority = false
isolated_split_like = false
tie_break_vector = final=37|family=1|pointer=0|isolated=0|blob=0|scalar=0|text=0|clone=0|mirror=0|neg=0|addr=0x3B80A7D86BC
rank_reason = anchored fragmented split penalty fired on singleton-only split layout despite valid anchor
positive = target value matches, f08 nonzero, f08 not float-like, f18 nonzero, f18 not float-like, f20 nonzero, f20 not float-like, f68 nonzero, f68 not float-like, f70 nonzero, f70 not float-like, f78 nonzero, f78 not float-like, f58 nonzero, f58 not float-like, front metadata present, tail reference block present
negative = none

--- Candidate #5 ---
value_addr = 0xE0402ABDBE8
base_addr  = 0xE0402ABDBC0
f08 = 0x21751F41
f18 = 0x741F415D
f20 = 0x01992002
f28 = 0x42C80000 (100.0)
f58 = 0x4300022A
f68 = 0x02367130
f70 = 0x2001DA20
f78 = 0x200501E9
rank_position = 5
base_score = 40
prescore_score = 40
final_score = 37
total adjustment = -3
score = 37
hard_pass = true
flags = target_match, strong_front_block, strong_tail_block, object_like, text_block_like
score_breakdown = +10 target_match; +2 f08_nonzero; +2 f08_not_floatlike; +2 f18_nonzero; +2 f18_not_floatlike; +2 f20_nonzero; +2 f20_not_floatlike; +2 f68_nonzero; +2 f68_not_floatlike; +2 f70_nonzero; +2 f70_not_floatlike; +2 f78_nonzero; +2 f78_not_floatlike; +3 f58_nonzero; +2 f58_not_floatlike; +1 legacy_pointer_balanced_compat; -3 text_block_penalty
code_blob_score = 0
code_blob_penalty = 0
scalar_block_score = 3
scalar_block_penalty = 0
text_block_score = 9
text_block_penalty = 3
template_family_id = cls:XXXXDAX|layout:scattered|fptr:0|tptr:1|align:1|preg:1|dom:1|fns:0|tns:0|scalar:0|text:low|blob:0|mirror:0
clone_family_id = layout:scattered|fptr:0|tptr:1|align:1|preg:1|dom:1|fns:0|tns:0|scalar:0|text:low|blob:0|mirror:0
template_family_size = 1
clone_penalty = 0
mirrored_penalty = 0
pointer_reward = 0
strong_structure_bonus = 0
sparse_anchor_tail_penalty = 0
anchored_fragmented_split_penalty = 0
one_sided_anchorless_split_penalty = 0
anchorless_partial_split_penalty = 0
isolated_split_penalty = 0
pointer_alignment_count = 1
pointer_region_count = 1
pointer_fields = f70
pointer_cluster_count = 2
front_cluster_count = 0
tail_cluster_count = 2
front_non_singleton_cluster_count = 0
tail_non_singleton_cluster_count = 0
dominant_cluster_size = 1
cluster_layout = scattered
has_valid_anchor = true
dominant_cluster_covers_majority = false
isolated_split_like = false
tie_break_vector = final=37|family=1|pointer=0|isolated=0|blob=0|scalar=0|text=3|clone=0|mirror=0|neg=0|addr=0xE0402ABDBE8
rank_reason = text penalty fired on little-endian ASCII/UTF16-like chunks
positive = target value matches, f08 nonzero, f08 not float-like, f18 nonzero, f18 not float-like, f20 nonzero, f20 not float-like, f68 nonzero, f68 not float-like, f70 nonzero, f70 not float-like, f78 nonzero, f78 not float-like, f58 nonzero, f58 not float-like, front metadata present, tail reference block present
negative = none

--- Candidate #6 ---
value_addr = 0x3B80A4EEF60
base_addr  = 0x3B80A4EEF38
f08 = 0x20000237
f18 = 0x38B26A00
f20 = 0x02381020
f28 = 0x42C80000 (100.0)
f58 = 0x206A00F0
f68 = 0x00420720
f70 = 0x37004207
f78 = 0x02380F20
rank_position = 6
base_score = 40
prescore_score = 40
final_score = 36
total adjustment = -4
score = 36
hard_pass = true
flags = target_match, strong_front_block, strong_tail_block, object_like, pointer_balanced, pointer_diverse, coherent_pointer_layout, sparse_anchor_tail_like, code_blob_like
score_breakdown = +10 target_match; +2 f08_nonzero; +2 f08_not_floatlike; +2 f18_nonzero; +2 f18_not_floatlike; +2 f20_nonzero; +2 f20_not_floatlike; +2 f68_nonzero; +2 f68_not_floatlike; +2 f70_nonzero; +2 f70_not_floatlike; +2 f78_nonzero; +2 f78_not_floatlike; +3 f58_nonzero; +2 f58_not_floatlike; +1 legacy_pointer_balanced_compat; +2 pointer_reward; -3 sparse_anchor_tail_penalty; -3 code_blob_penalty
code_blob_score = 7
code_blob_penalty = 3
scalar_block_score = 2
scalar_block_penalty = 0
text_block_score = 0
text_block_penalty = 0
template_family_id = cls:XDPADXP|layout:anchor_plus_tail_cluster|fptr:1|tptr:1|align:3+|preg:2|dom:2|fns:1|tns:1|scalar:0|text:0|blob:low|mirror:0
clone_family_id = layout:anchor_plus_tail_cluster|fptr:1|tptr:1|align:3+|preg:2|dom:2|fns:1|tns:1|scalar:0|text:0|blob:low|mirror:0
template_family_size = 1
clone_penalty = 0
mirrored_penalty = 0
pointer_reward = 2
strong_structure_bonus = 0
sparse_anchor_tail_penalty = 3
anchored_fragmented_split_penalty = 0
one_sided_anchorless_split_penalty = 0
anchorless_partial_split_penalty = 0
isolated_split_penalty = 0
pointer_alignment_count = 3
pointer_region_count = 2
pointer_fields = f20, f58, f78
pointer_cluster_count = 3
front_cluster_count = 2
tail_cluster_count = 2
front_non_singleton_cluster_count = 1
tail_non_singleton_cluster_count = 1
dominant_cluster_size = 2
cluster_layout = anchor_plus_tail_cluster
has_valid_anchor = true
dominant_cluster_covers_majority = false
isolated_split_like = false
tie_break_vector = final=36|family=1|pointer=2|isolated=0|blob=3|scalar=0|text=0|clone=0|mirror=0|neg=0|addr=0x3B80A4EEF60
rank_reason = pointer reward favored anchor_plus_tail_cluster cluster layout; sparse anchor-plus-tail penalty fired on weak anchor-plus-tail layout with only sparse pointer support; blob penalty capped at mild by split-cluster safeguard
positive = target value matches, f08 nonzero, f08 not float-like, f18 nonzero, f18 not float-like, f20 nonzero, f20 not float-like, f68 nonzero, f68 not float-like, f70 nonzero, f70 not float-like, f78 nonzero, f78 not float-like, f58 nonzero, f58 not float-like, front metadata present, tail reference block present
negative = none

--- Candidate #7 ---
value_addr = 0x3B80A640C3C
base_addr  = 0x3B80A640C14
f08 = 0x00022801
f18 = 0x02280020
f20 = 0x02280520
f28 = 0x42C80000 (100.0)
f58 = 0x03200002
f68 = 0x18410320
f70 = 0x022801FF
f78 = 0xFAB78041
rank_position = 7
base_score = 40
prescore_score = 40
final_score = 34
total adjustment = -6
score = 34
hard_pass = true
flags = target_match, strong_front_block, strong_tail_block, object_like, pointer_balanced, pointer_diverse, coherent_pointer_layout, one_sided_anchorless_split_like, anchorless_partial_split_like, code_blob_like
score_breakdown = +10 target_match; +2 f08_nonzero; +2 f08_not_floatlike; +2 f18_nonzero; +2 f18_not_floatlike; +2 f20_nonzero; +2 f20_not_floatlike; +2 f68_nonzero; +2 f68_not_floatlike; +2 f70_nonzero; +2 f70_not_floatlike; +2 f78_nonzero; +2 f78_not_floatlike; +3 f58_nonzero; +2 f58_not_floatlike; +1 legacy_pointer_balanced_compat; +1 pointer_reward; -2 one_sided_anchorless_split_penalty; -2 anchorless_partial_split_penalty; -3 code_blob_penalty
code_blob_score = 8
code_blob_penalty = 3
scalar_block_score = 0
scalar_block_penalty = 0
text_block_score = 0
text_block_penalty = 0
template_family_id = cls:XPPXPXX|layout:front_tail_split|fptr:2|tptr:1|align:3+|preg:2|dom:2|fns:1|tns:0|scalar:0|text:0|blob:low|mirror:0
clone_family_id = layout:front_tail_split|fptr:2|tptr:1|align:3+|preg:2|dom:2|fns:1|tns:0|scalar:0|text:0|blob:low|mirror:0
template_family_size = 1
clone_penalty = 0
mirrored_penalty = 0
pointer_reward = 1
strong_structure_bonus = 0
sparse_anchor_tail_penalty = 0
anchored_fragmented_split_penalty = 0
one_sided_anchorless_split_penalty = 2
anchorless_partial_split_penalty = 2
isolated_split_penalty = 0
pointer_alignment_count = 3
pointer_region_count = 2
pointer_fields = f18, f20, f68
pointer_cluster_count = 2
front_cluster_count = 1
tail_cluster_count = 1
front_non_singleton_cluster_count = 1
tail_non_singleton_cluster_count = 0
dominant_cluster_size = 2
cluster_layout = front_tail_split
has_valid_anchor = false
dominant_cluster_covers_majority = false
isolated_split_like = false
tie_break_vector = final=34|family=1|pointer=1|isolated=0|blob=3|scalar=0|text=0|clone=0|mirror=0|neg=0|addr=0x3B80A640C3C
rank_reason = pointer reward favored front_tail_split cluster layout; one-sided anchorless split penalty fired on weak front-tail split with only one-sided support; anchorless partial split penalty fired on one-sided split layout without valid anchor; blob penalty capped at mild by split-cluster safeguard
positive = target value matches, f08 nonzero, f08 not float-like, f18 nonzero, f18 not float-like, f20 nonzero, f20 not float-like, f68 nonzero, f68 not float-like, f70 nonzero, f70 not float-like, f78 nonzero, f78 not float-like, f58 nonzero, f58 not float-like, front metadata present, tail reference block present
negative = none

--- Candidate #8 ---
value_addr = 0x3B80A99A2C8
base_addr  = 0x3B80A99A2A0
f08 = 0xFFFFFD8E
f18 = 0x3E800000
f20 = 0x459C4000
f28 = 0x42C80000 (100.0)
f58 = 0x20000000
f68 = 0x41006F69
f70 = 0x41002501
f78 = 0x30771429
rank_position = 8
base_score = 40
prescore_score = 40
final_score = 34
total adjustment = -6
score = 34
hard_pass = true
flags = target_match, strong_front_block, strong_tail_block, object_like, scalar_block_like, text_block_like
score_breakdown = +10 target_match; +2 f08_nonzero; +2 f08_not_floatlike; +2 f18_nonzero; +2 f18_not_floatlike; +2 f20_nonzero; +2 f20_not_floatlike; +2 f68_nonzero; +2 f68_not_floatlike; +2 f70_nonzero; +2 f70_not_floatlike; +2 f78_nonzero; +2 f78_not_floatlike; +3 f58_nonzero; +2 f58_not_floatlike; +1 legacy_pointer_balanced_compat; -3 scalar_block_penalty; -3 text_block_penalty
code_blob_score = 0
code_blob_penalty = 0
scalar_block_score = 7
scalar_block_penalty = 3
text_block_score = 6
text_block_penalty = 3
template_family_id = cls:XDDAXXX|layout:scattered|fptr:0|tptr:0|align:1|preg:1|dom:1|fns:0|tns:0|scalar:low|text:low|blob:0|mirror:0
clone_family_id = layout:scattered|fptr:0|tptr:0|align:1|preg:1|dom:1|fns:0|tns:0|scalar:low|text:low|blob:0|mirror:0
template_family_size = 1
clone_penalty = 0
mirrored_penalty = 0
pointer_reward = 0
strong_structure_bonus = 0
sparse_anchor_tail_penalty = 0
anchored_fragmented_split_penalty = 0
one_sided_anchorless_split_penalty = 0
anchorless_partial_split_penalty = 0
isolated_split_penalty = 0
pointer_alignment_count = 1
pointer_region_count = 1
pointer_fields = f58
pointer_cluster_count = 2
front_cluster_count = 2
tail_cluster_count = 0
front_non_singleton_cluster_count = 0
tail_non_singleton_cluster_count = 0
dominant_cluster_size = 1
cluster_layout = scattered
has_valid_anchor = true
dominant_cluster_covers_majority = false
isolated_split_like = false
tie_break_vector = final=34|family=1|pointer=0|isolated=0|blob=0|scalar=3|text=3|clone=0|mirror=0|neg=0|addr=0x3B80A99A2C8
rank_reason = scalar penalty fired on float-like/scalar template; text penalty fired on little-endian ASCII/UTF16-like chunks
positive = target value matches, f08 nonzero, f08 not float-like, f18 nonzero, f18 not float-like, f20 nonzero, f20 not float-like, f68 nonzero, f68 not float-like, f70 nonzero, f70 not float-like, f78 nonzero, f78 not float-like, f58 nonzero, f58 not float-like, front metadata present, tail reference block present
negative = none

--- Candidate #9 ---
value_addr = 0x3BC089709B8
base_addr  = 0x3BC08970990
f08 = 0xFFFFFFFF
f18 = 0xBA73E706
f20 = 0x40B1B75B
f28 = 0x42C80000 (100.0)
f58 = 0x3C23D70A
f68 = 0x41C80000
f70 = 0x42340000
f78 = 0x42A00000
rank_position = 9
base_score = 40
prescore_score = 40
final_score = 34
total adjustment = -6
score = 34
hard_pass = true
flags = target_match, strong_front_block, strong_tail_block, object_like, scalar_block_like
score_breakdown = +10 target_match; +2 f08_nonzero; +2 f08_not_floatlike; +2 f18_nonzero; +2 f18_not_floatlike; +2 f20_nonzero; +2 f20_not_floatlike; +2 f68_nonzero; +2 f68_not_floatlike; +2 f70_nonzero; +2 f70_not_floatlike; +2 f78_nonzero; +2 f78_not_floatlike; +3 f58_nonzero; +2 f58_not_floatlike; +1 legacy_pointer_balanced_compat; -6 scalar_block_penalty
code_blob_score = 0
code_blob_penalty = 0
scalar_block_score = 11
scalar_block_penalty = 6
text_block_score = 0
text_block_penalty = 0
template_family_id = cls:XXXXDDD|layout:scattered|fptr:0|tptr:0|align:0|preg:0|dom:1|fns:0|tns:0|scalar:medium|text:0|blob:0|mirror:0
clone_family_id = layout:scattered|fptr:0|tptr:0|align:0|preg:0|dom:1|fns:0|tns:0|scalar:medium|text:0|blob:0|mirror:0
template_family_size = 1
clone_penalty = 0
mirrored_penalty = 0
pointer_reward = 0
strong_structure_bonus = 0
sparse_anchor_tail_penalty = 0
anchored_fragmented_split_penalty = 0
one_sided_anchorless_split_penalty = 0
anchorless_partial_split_penalty = 0
isolated_split_penalty = 0
pointer_alignment_count = 0
pointer_region_count = 0
pointer_fields = none
pointer_cluster_count = 3
front_cluster_count = 0
tail_cluster_count = 3
front_non_singleton_cluster_count = 0
tail_non_singleton_cluster_count = 0
dominant_cluster_size = 1
cluster_layout = scattered
has_valid_anchor = false
dominant_cluster_covers_majority = false
isolated_split_like = false
tie_break_vector = final=34|family=1|pointer=0|isolated=0|blob=0|scalar=6|text=0|clone=0|mirror=0|neg=0|addr=0x3BC089709B8
rank_reason = scalar penalty fired on float-like/scalar template
positive = target value matches, f08 nonzero, f08 not float-like, f18 nonzero, f18 not float-like, f20 nonzero, f20 not float-like, f68 nonzero, f68 not float-like, f70 nonzero, f70 not float-like, f78 nonzero, f78 not float-like, f58 nonzero, f58 not float-like, front metadata present, tail reference block present
negative = none

--- Candidate #10 ---
value_addr = 0x3B80920B5E8
base_addr  = 0x3B80920B5C0
f08 = 0x00004300
f18 = 0x204C0238
f20 = 0x023842C8
f28 = 0x42C80000 (100.0)
f58 = 0x361B4100
f68 = 0x20002000
f70 = 0x2000090B
f78 = 0x240B24B3
rank_position = 10
base_score = 40
prescore_score = 40
final_score = 34
total adjustment = -6
score = 34
hard_pass = true
flags = target_match, strong_front_block, strong_tail_block, object_like, anchored_fragmented_split_like, template_clone_family
score_breakdown = +10 target_match; +2 f08_nonzero; +2 f08_not_floatlike; +2 f18_nonzero; +2 f18_not_floatlike; +2 f20_nonzero; +2 f20_not_floatlike; +2 f68_nonzero; +2 f68_not_floatlike; +2 f70_nonzero; +2 f70_not_floatlike; +2 f78_nonzero; +2 f78_not_floatlike; +3 f58_nonzero; +2 f58_not_floatlike; +1 legacy_pointer_balanced_compat; -3 anchored_fragmented_split_penalty; -3 clone_penalty
code_blob_score = 0
code_blob_penalty = 0
scalar_block_score = 2
scalar_block_penalty = 0
text_block_score = 0
text_block_penalty = 0
template_family_id = cls:XPADPXX|layout:front_tail_split|fptr:2|tptr:1|align:3+|preg:3+|dom:1|fns:0|tns:0|scalar:0|text:0|blob:0|mirror:0
clone_family_id = layout:front_tail_split|fptr:2|tptr:1|align:3+|preg:3+|dom:1|fns:0|tns:0|scalar:0|text:0|blob:0|mirror:0
template_family_size = 2
clone_penalty = 3
mirrored_penalty = 0
pointer_reward = 0
strong_structure_bonus = 0
sparse_anchor_tail_penalty = 0
anchored_fragmented_split_penalty = 3
one_sided_anchorless_split_penalty = 0
anchorless_partial_split_penalty = 0
isolated_split_penalty = 0
pointer_alignment_count = 3
pointer_region_count = 3
pointer_fields = f18, f20, f68
pointer_cluster_count = 3
front_cluster_count = 2
tail_cluster_count = 1
front_non_singleton_cluster_count = 0
tail_non_singleton_cluster_count = 0
dominant_cluster_size = 1
cluster_layout = front_tail_split
has_valid_anchor = true
dominant_cluster_covers_majority = false
isolated_split_like = false
tie_break_vector = final=34|family=2|pointer=0|isolated=0|blob=0|scalar=0|text=0|clone=3|mirror=0|neg=0|addr=0x3B80920B5E8
rank_reason = anchored fragmented split penalty fired on singleton-only split layout despite valid anchor; family size 2 raised clone penalty
positive = target value matches, f08 nonzero, f08 not float-like, f18 nonzero, f18 not float-like, f20 nonzero, f20 not float-like, f68 nonzero, f68 not float-like, f70 nonzero, f70 not float-like, f78 nonzero, f78 not float-like, f58 nonzero, f58 not float-like, front metadata present, tail reference block present
negative = none

--- Candidate #11 ---
value_addr = 0xE040240B5E8
base_addr  = 0xE040240B5C0
f08 = 0x00004300
f18 = 0x204C0238
f20 = 0x023842C8
f28 = 0x42C80000 (100.0)
f58 = 0x361B4100
f68 = 0x20002000
f70 = 0x2000090B
f78 = 0x240B24B3
rank_position = 11
base_score = 40
prescore_score = 40
final_score = 34
total adjustment = -6
score = 34
hard_pass = true
flags = target_match, strong_front_block, strong_tail_block, object_like, anchored_fragmented_split_like, template_clone_family
score_breakdown = +10 target_match; +2 f08_nonzero; +2 f08_not_floatlike; +2 f18_nonzero; +2 f18_not_floatlike; +2 f20_nonzero; +2 f20_not_floatlike; +2 f68_nonzero; +2 f68_not_floatlike; +2 f70_nonzero; +2 f70_not_floatlike; +2 f78_nonzero; +2 f78_not_floatlike; +3 f58_nonzero; +2 f58_not_floatlike; +1 legacy_pointer_balanced_compat; -3 anchored_fragmented_split_penalty; -3 clone_penalty
code_blob_score = 0
code_blob_penalty = 0
scalar_block_score = 2
scalar_block_penalty = 0
text_block_score = 0
text_block_penalty = 0
template_family_id = cls:XPADPXX|layout:front_tail_split|fptr:2|tptr:1|align:3+|preg:3+|dom:1|fns:0|tns:0|scalar:0|text:0|blob:0|mirror:0
clone_family_id = layout:front_tail_split|fptr:2|tptr:1|align:3+|preg:3+|dom:1|fns:0|tns:0|scalar:0|text:0|blob:0|mirror:0
template_family_size = 2
clone_penalty = 3
mirrored_penalty = 0
pointer_reward = 0
strong_structure_bonus = 0
sparse_anchor_tail_penalty = 0
anchored_fragmented_split_penalty = 3
one_sided_anchorless_split_penalty = 0
anchorless_partial_split_penalty = 0
isolated_split_penalty = 0
pointer_alignment_count = 3
pointer_region_count = 3
pointer_fields = f18, f20, f68
pointer_cluster_count = 3
front_cluster_count = 2
tail_cluster_count = 1
front_non_singleton_cluster_count = 0
tail_non_singleton_cluster_count = 0
dominant_cluster_size = 1
cluster_layout = front_tail_split
has_valid_anchor = true
dominant_cluster_covers_majority = false
isolated_split_like = false
tie_break_vector = final=34|family=2|pointer=0|isolated=0|blob=0|scalar=0|text=0|clone=3|mirror=0|neg=0|addr=0xE040240B5E8
rank_reason = anchored fragmented split penalty fired on singleton-only split layout despite valid anchor; family size 2 raised clone penalty
positive = target value matches, f08 nonzero, f08 not float-like, f18 nonzero, f18 not float-like, f20 nonzero, f20 not float-like, f68 nonzero, f68 not float-like, f70 nonzero, f70 not float-like, f78 nonzero, f78 not float-like, f58 nonzero, f58 not float-like, front metadata present, tail reference block present
negative = none

--- Candidate #12 ---
value_addr = 0x3BC00BBAFB0
base_addr  = 0x3BC00BBAF88
f08 = 0xBDB0043E
f18 = 0xBA24E87F
f20 = 0x43D90000
f28 = 0x42C80000 (100.0)
f58 = 0x3F3345F8
f68 = 0xBF5EEBC3
f70 = 0x41DBA6B8
f78 = 0xBE0F65ED
rank_position = 12
base_score = 40
prescore_score = 40
final_score = 33
total adjustment = -7
score = 33
hard_pass = true
flags = target_match, strong_front_block, strong_tail_block, object_like, anchorless_partial_split_like, isolated_split_like, scalar_block_like
score_breakdown = +10 target_match; +2 f08_nonzero; +2 f08_not_floatlike; +2 f18_nonzero; +2 f18_not_floatlike; +2 f20_nonzero; +2 f20_not_floatlike; +2 f68_nonzero; +2 f68_not_floatlike; +2 f70_nonzero; +2 f70_not_floatlike; +2 f78_nonzero; +2 f78_not_floatlike; +3 f58_nonzero; +2 f58_not_floatlike; +1 legacy_pointer_balanced_compat; -2 anchorless_partial_split_penalty; -2 isolated_split_penalty(no_anchor_no_non_singleton_split_support); -3 scalar_block_penalty
code_blob_score = 0
code_blob_penalty = 0
scalar_block_score = 6
scalar_block_penalty = 3
text_block_score = 0
text_block_penalty = 0
template_family_id = cls:XXPDXPX|layout:front_tail_split|fptr:1|tptr:1|align:2|preg:2|dom:1|fns:0|tns:0|scalar:low|text:0|blob:0|mirror:0
clone_family_id = layout:front_tail_split|fptr:1|tptr:1|align:2|preg:2|dom:1|fns:0|tns:0|scalar:low|text:0|blob:0|mirror:0
template_family_size = 1
clone_penalty = 0
mirrored_penalty = 0
pointer_reward = 0
strong_structure_bonus = 0
sparse_anchor_tail_penalty = 0
anchored_fragmented_split_penalty = 0
one_sided_anchorless_split_penalty = 0
anchorless_partial_split_penalty = 2
isolated_split_penalty = 2
pointer_alignment_count = 2
pointer_region_count = 2
pointer_fields = f20, f70
pointer_cluster_count = 2
front_cluster_count = 1
tail_cluster_count = 1
front_non_singleton_cluster_count = 0
tail_non_singleton_cluster_count = 0
dominant_cluster_size = 1
cluster_layout = front_tail_split
has_valid_anchor = false
dominant_cluster_covers_majority = false
isolated_split_like = true
tie_break_vector = final=33|family=1|pointer=0|isolated=2|blob=0|scalar=3|text=0|clone=0|mirror=0|neg=0|addr=0x3BC00BBAFB0
rank_reason = anchorless partial split penalty fired on one-sided split layout without valid anchor; isolated split penalty fired on fragmentary split layout with no valid anchor and no non-singleton split support; scalar penalty fired on float-like/scalar template
positive = target value matches, f08 nonzero, f08 not float-like, f18 nonzero, f18 not float-like, f20 nonzero, f20 not float-like, f68 nonzero, f68 not float-like, f70 nonzero, f70 not float-like, f78 nonzero, f78 not float-like, f58 nonzero, f58 not float-like, front metadata present, tail reference block present
negative = none

--- Candidate #13 ---
value_addr = 0x3B80999A268
base_addr  = 0x3B80999A240
f08 = 0x00004300
f18 = 0x20340238
f20 = 0x02384100
f28 = 0x42C80000 (100.0)
f58 = 0x00204C02
f68 = 0x383C23D7
f70 = 0x00000043
f78 = 0x85A69041
rank_position = 13
base_score = 40
prescore_score = 40
final_score = 32
total adjustment = -8
score = 32
hard_pass = true
flags = target_match, strong_front_block, strong_tail_block, object_like, text_block_like, template_clone_family
score_breakdown = +10 target_match; +2 f08_nonzero; +2 f08_not_floatlike; +2 f18_nonzero; +2 f18_not_floatlike; +2 f20_nonzero; +2 f20_not_floatlike; +2 f68_nonzero; +2 f68_not_floatlike; +2 f70_nonzero; +2 f70_not_floatlike; +2 f78_nonzero; +2 f78_not_floatlike; +3 f58_nonzero; +2 f58_not_floatlike; +1 legacy_pointer_balanced_compat; -3 text_block_penalty; -5 clone_penalty
code_blob_score = 0
code_blob_penalty = 0
scalar_block_score = 3
scalar_block_penalty = 0
text_block_score = 6
text_block_penalty = 3
template_family_id = cls:XDAXXSX|layout:scattered|fptr:1|tptr:0|align:1|preg:1|dom:1|fns:0|tns:0|scalar:0|text:low|blob:0|mirror:0
clone_family_id = layout:scattered|fptr:1|tptr:0|align:1|preg:1|dom:1|fns:0|tns:0|scalar:0|text:low|blob:0|mirror:0
template_family_size = 2
clone_penalty = 5
mirrored_penalty = 0
pointer_reward = 0
strong_structure_bonus = 0
sparse_anchor_tail_penalty = 0
anchored_fragmented_split_penalty = 0
one_sided_anchorless_split_penalty = 0
anchorless_partial_split_penalty = 0
isolated_split_penalty = 0
pointer_alignment_count = 1
pointer_region_count = 1
pointer_fields = f20
pointer_cluster_count = 2
front_cluster_count = 2
tail_cluster_count = 0
front_non_singleton_cluster_count = 0
tail_non_singleton_cluster_count = 0
dominant_cluster_size = 1
cluster_layout = scattered
has_valid_anchor = true
dominant_cluster_covers_majority = false
isolated_split_like = false
tie_break_vector = final=32|family=2|pointer=0|isolated=0|blob=0|scalar=0|text=3|clone=5|mirror=0|neg=0|addr=0x3B80999A268
rank_reason = text penalty fired on little-endian ASCII/UTF16-like chunks; family size 2 raised clone penalty on scattered pointer-poor family
positive = target value matches, f08 nonzero, f08 not float-like, f18 nonzero, f18 not float-like, f20 nonzero, f20 not float-like, f68 nonzero, f68 not float-like, f70 nonzero, f70 not float-like, f78 nonzero, f78 not float-like, f58 nonzero, f58 not float-like, front metadata present, tail reference block present
negative = none

--- Candidate #14 ---
value_addr = 0xE0402B9A268
base_addr  = 0xE0402B9A240
f08 = 0x00004300
f18 = 0x20340238
f20 = 0x02384100
f28 = 0x42C80000 (100.0)
f58 = 0x00204C02
f68 = 0x383C23D7
f70 = 0x00000043
f78 = 0x85A69041
rank_position = 14
base_score = 40
prescore_score = 40
final_score = 32
total adjustment = -8
score = 32
hard_pass = true
flags = target_match, strong_front_block, strong_tail_block, object_like, text_block_like, template_clone_family
score_breakdown = +10 target_match; +2 f08_nonzero; +2 f08_not_floatlike; +2 f18_nonzero; +2 f18_not_floatlike; +2 f20_nonzero; +2 f20_not_floatlike; +2 f68_nonzero; +2 f68_not_floatlike; +2 f70_nonzero; +2 f70_not_floatlike; +2 f78_nonzero; +2 f78_not_floatlike; +3 f58_nonzero; +2 f58_not_floatlike; +1 legacy_pointer_balanced_compat; -3 text_block_penalty; -5 clone_penalty
code_blob_score = 0
code_blob_penalty = 0
scalar_block_score = 3
scalar_block_penalty = 0
text_block_score = 6
text_block_penalty = 3
template_family_id = cls:XDAXXSX|layout:scattered|fptr:1|tptr:0|align:1|preg:1|dom:1|fns:0|tns:0|scalar:0|text:low|blob:0|mirror:0
clone_family_id = layout:scattered|fptr:1|tptr:0|align:1|preg:1|dom:1|fns:0|tns:0|scalar:0|text:low|blob:0|mirror:0
template_family_size = 2
clone_penalty = 5
mirrored_penalty = 0
pointer_reward = 0
strong_structure_bonus = 0
sparse_anchor_tail_penalty = 0
anchored_fragmented_split_penalty = 0
one_sided_anchorless_split_penalty = 0
anchorless_partial_split_penalty = 0
isolated_split_penalty = 0
pointer_alignment_count = 1
pointer_region_count = 1
pointer_fields = f20
pointer_cluster_count = 2
front_cluster_count = 2
tail_cluster_count = 0
front_non_singleton_cluster_count = 0
tail_non_singleton_cluster_count = 0
dominant_cluster_size = 1
cluster_layout = scattered
has_valid_anchor = true
dominant_cluster_covers_majority = false
isolated_split_like = false
tie_break_vector = final=32|family=2|pointer=0|isolated=0|blob=0|scalar=0|text=3|clone=5|mirror=0|neg=0|addr=0xE0402B9A268
rank_reason = text penalty fired on little-endian ASCII/UTF16-like chunks; family size 2 raised clone penalty on scattered pointer-poor family
positive = target value matches, f08 nonzero, f08 not float-like, f18 nonzero, f18 not float-like, f20 nonzero, f20 not float-like, f68 nonzero, f68 not float-like, f70 nonzero, f70 not float-like, f78 nonzero, f78 not float-like, f58 nonzero, f58 not float-like, front metadata present, tail reference block present
negative = none

--- Candidate #15 ---
value_addr = 0x3BC02BE000C
base_addr  = 0x3BC02BDFFE4
f08 = 0x00000002
f18 = 0x02BDFF90
f20 = 0xC2480000
f28 = 0x42C80000 (100.0)
f58 = 0x3EE00000
f68 = 0x000000F3
f70 = 0xABABABAB
f78 = 0x000001B1
rank_position = 15
base_score = 40
prescore_score = 40
final_score = 32
total adjustment = -8
score = 32
hard_pass = true
flags = target_match, strong_front_block, strong_tail_block, object_like, scalar_block_like, template_clone_family
score_breakdown = +10 target_match; +2 f08_nonzero; +2 f08_not_floatlike; +2 f18_nonzero; +2 f18_not_floatlike; +2 f20_nonzero; +2 f20_not_floatlike; +2 f68_nonzero; +2 f68_not_floatlike; +2 f70_nonzero; +2 f70_not_floatlike; +2 f78_nonzero; +2 f78_not_floatlike; +3 f58_nonzero; +2 f58_not_floatlike; +1 legacy_pointer_balanced_compat; -3 scalar_block_penalty; -5 clone_penalty
code_blob_score = 0
code_blob_penalty = 0
scalar_block_score = 7
scalar_block_penalty = 3
text_block_score = 0
text_block_penalty = 0
template_family_id = cls:SADDSXS|layout:scattered|fptr:1|tptr:0|align:1|preg:1|dom:1|fns:0|tns:0|scalar:low|text:0|blob:0|mirror:0
clone_family_id = layout:scattered|fptr:1|tptr:0|align:1|preg:1|dom:1|fns:0|tns:0|scalar:low|text:0|blob:0|mirror:0
template_family_size = 2
clone_penalty = 5
mirrored_penalty = 0
pointer_reward = 0
strong_structure_bonus = 0
sparse_anchor_tail_penalty = 0
anchored_fragmented_split_penalty = 0
one_sided_anchorless_split_penalty = 0
anchorless_partial_split_penalty = 0
isolated_split_penalty = 0
pointer_alignment_count = 1
pointer_region_count = 1
pointer_fields = f18
pointer_cluster_count = 2
front_cluster_count = 2
tail_cluster_count = 0
front_non_singleton_cluster_count = 0
tail_non_singleton_cluster_count = 0
dominant_cluster_size = 1
cluster_layout = scattered
has_valid_anchor = true
dominant_cluster_covers_majority = false
isolated_split_like = false
tie_break_vector = final=32|family=2|pointer=0|isolated=0|blob=0|scalar=3|text=0|clone=5|mirror=0|neg=0|addr=0x3BC02BE000C
rank_reason = scalar penalty fired on float-like/scalar template; family size 2 raised clone penalty on scattered pointer-poor family
positive = target value matches, f08 nonzero, f08 not float-like, f18 nonzero, f18 not float-like, f20 nonzero, f20 not float-like, f68 nonzero, f68 not float-like, f70 nonzero, f70 not float-like, f78 nonzero, f78 not float-like, f58 nonzero, f58 not float-like, front metadata present, tail reference block present
negative = none

--- Candidate #16 ---
value_addr = 0x3BC042C405C
base_addr  = 0x3BC042C4034
f08 = 0x00000002
f18 = 0x042C3FE0
f20 = 0xC2480000
f28 = 0x42C80000 (100.0)
f58 = 0x46550000
f68 = 0x000000F2
f70 = 0xABABABAB
f78 = 0x000001B1
rank_position = 16
base_score = 40
prescore_score = 40
final_score = 32
total adjustment = -8
score = 32
hard_pass = true
flags = target_match, strong_front_block, strong_tail_block, object_like, scalar_block_like, template_clone_family
score_breakdown = +10 target_match; +2 f08_nonzero; +2 f08_not_floatlike; +2 f18_nonzero; +2 f18_not_floatlike; +2 f20_nonzero; +2 f20_not_floatlike; +2 f68_nonzero; +2 f68_not_floatlike; +2 f70_nonzero; +2 f70_not_floatlike; +2 f78_nonzero; +2 f78_not_floatlike; +3 f58_nonzero; +2 f58_not_floatlike; +1 legacy_pointer_balanced_compat; -3 scalar_block_penalty; -5 clone_penalty
code_blob_score = 0
code_blob_penalty = 0
scalar_block_score = 7
scalar_block_penalty = 3
text_block_score = 0
text_block_penalty = 0
template_family_id = cls:SADDSXS|layout:scattered|fptr:1|tptr:0|align:1|preg:1|dom:1|fns:0|tns:0|scalar:low|text:0|blob:0|mirror:0
clone_family_id = layout:scattered|fptr:1|tptr:0|align:1|preg:1|dom:1|fns:0|tns:0|scalar:low|text:0|blob:0|mirror:0
template_family_size = 2
clone_penalty = 5
mirrored_penalty = 0
pointer_reward = 0
strong_structure_bonus = 0
sparse_anchor_tail_penalty = 0
anchored_fragmented_split_penalty = 0
one_sided_anchorless_split_penalty = 0
anchorless_partial_split_penalty = 0
isolated_split_penalty = 0
pointer_alignment_count = 1
pointer_region_count = 1
pointer_fields = f18
pointer_cluster_count = 2
front_cluster_count = 2
tail_cluster_count = 0
front_non_singleton_cluster_count = 0
tail_non_singleton_cluster_count = 0
dominant_cluster_size = 1
cluster_layout = scattered
has_valid_anchor = true
dominant_cluster_covers_majority = false
isolated_split_like = false
tie_break_vector = final=32|family=2|pointer=0|isolated=0|blob=0|scalar=3|text=0|clone=5|mirror=0|neg=0|addr=0x3BC042C405C
rank_reason = scalar penalty fired on float-like/scalar template; family size 2 raised clone penalty on scattered pointer-poor family
positive = target value matches, f08 nonzero, f08 not float-like, f18 nonzero, f18 not float-like, f20 nonzero, f20 not float-like, f68 nonzero, f68 not float-like, f70 nonzero, f70 not float-like, f78 nonzero, f78 not float-like, f58 nonzero, f58 not float-like, front metadata present, tail reference block present
negative = none

--- Candidate #17 ---
value_addr = 0x3B8098A5910
base_addr  = 0x3B8098A58E8
f08 = 0x21751F41
f18 = 0x741F415D
f20 = 0x019C2002
f28 = 0x42C80000 (100.0)
f58 = 0x4300022A
f68 = 0x367101DB
f70 = 0x041A2001
f78 = 0x01E12005
rank_position = 17
base_score = 40
prescore_score = 40
final_score = 32
total adjustment = -8
score = 32
hard_pass = true
flags = target_match, strong_front_block, strong_tail_block, object_like, text_block_like, template_clone_family
score_breakdown = +10 target_match; +2 f08_nonzero; +2 f08_not_floatlike; +2 f18_nonzero; +2 f18_not_floatlike; +2 f20_nonzero; +2 f20_not_floatlike; +2 f68_nonzero; +2 f68_not_floatlike; +2 f70_nonzero; +2 f70_not_floatlike; +2 f78_nonzero; +2 f78_not_floatlike; +3 f58_nonzero; +2 f58_not_floatlike; +1 legacy_pointer_balanced_compat; -3 text_block_penalty; -5 clone_penalty
code_blob_score = 0
code_blob_penalty = 0
scalar_block_score = 3
scalar_block_penalty = 0
text_block_score = 9
text_block_penalty = 3
template_family_id = cls:XXXXXXX|layout:scattered|fptr:0|tptr:0|align:0|preg:0|dom:1|fns:0|tns:0|scalar:0|text:low|blob:0|mirror:0
clone_family_id = layout:scattered|fptr:0|tptr:0|align:0|preg:0|dom:1|fns:0|tns:0|scalar:0|text:low|blob:0|mirror:0
template_family_size = 3
clone_penalty = 5
mirrored_penalty = 0
pointer_reward = 0
strong_structure_bonus = 0
sparse_anchor_tail_penalty = 0
anchored_fragmented_split_penalty = 0
one_sided_anchorless_split_penalty = 0
anchorless_partial_split_penalty = 0
isolated_split_penalty = 0
pointer_alignment_count = 0
pointer_region_count = 0
pointer_fields = none
pointer_cluster_count = 0
front_cluster_count = 0
tail_cluster_count = 0
front_non_singleton_cluster_count = 0
tail_non_singleton_cluster_count = 0
dominant_cluster_size = 0
cluster_layout = scattered
has_valid_anchor = false
dominant_cluster_covers_majority = false
isolated_split_like = false
tie_break_vector = final=32|family=3|pointer=0|isolated=0|blob=0|scalar=0|text=3|clone=5|mirror=0|neg=0|addr=0x3B8098A5910
rank_reason = text penalty fired on little-endian ASCII/UTF16-like chunks; family size 3 raised clone penalty on scattered pointer-poor family
positive = target value matches, f08 nonzero, f08 not float-like, f18 nonzero, f18 not float-like, f20 nonzero, f20 not float-like, f68 nonzero, f68 not float-like, f70 nonzero, f70 not float-like, f78 nonzero, f78 not float-like, f58 nonzero, f58 not float-like, front metadata present, tail reference block present
negative = none

--- Candidate #18 ---
value_addr = 0x3BC06C4C868
base_addr  = 0x3BC06C4C840
f08 = 0x3F7CC962
f18 = 0xBF7CC97B
f20 = 0xBD959C22
f28 = 0x42C80000 (100.0)
f58 = 0x3F25F750
f68 = 0x3D5D9B1E
f70 = 0x3EFB19B5
f78 = 0x3D0EB019
rank_position = 18
base_score = 40
prescore_score = 40
final_score = 32
total adjustment = -8
score = 32
hard_pass = true
flags = target_match, strong_front_block, strong_tail_block, object_like, text_block_like, template_clone_family
score_breakdown = +10 target_match; +2 f08_nonzero; +2 f08_not_floatlike; +2 f18_nonzero; +2 f18_not_floatlike; +2 f20_nonzero; +2 f20_not_floatlike; +2 f68_nonzero; +2 f68_not_floatlike; +2 f70_nonzero; +2 f70_not_floatlike; +2 f78_nonzero; +2 f78_not_floatlike; +3 f58_nonzero; +2 f58_not_floatlike; +1 legacy_pointer_balanced_compat; -3 text_block_penalty; -5 clone_penalty
code_blob_score = 0
code_blob_penalty = 0
scalar_block_score = 5
scalar_block_penalty = 0
text_block_score = 9
text_block_penalty = 3
template_family_id = cls:XXXDXXX|layout:scattered|fptr:0|tptr:0|align:0|preg:0|dom:1|fns:0|tns:0|scalar:0|text:low|blob:0|mirror:0
clone_family_id = layout:scattered|fptr:0|tptr:0|align:0|preg:0|dom:1|fns:0|tns:0|scalar:0|text:low|blob:0|mirror:0
template_family_size = 3
clone_penalty = 5
mirrored_penalty = 0
pointer_reward = 0
strong_structure_bonus = 0
sparse_anchor_tail_penalty = 0
anchored_fragmented_split_penalty = 0
one_sided_anchorless_split_penalty = 0
anchorless_partial_split_penalty = 0
isolated_split_penalty = 0
pointer_alignment_count = 0
pointer_region_count = 0
pointer_fields = none
pointer_cluster_count = 0
front_cluster_count = 0
tail_cluster_count = 0
front_non_singleton_cluster_count = 0
tail_non_singleton_cluster_count = 0
dominant_cluster_size = 1
cluster_layout = scattered
has_valid_anchor = false
dominant_cluster_covers_majority = false
isolated_split_like = false
tie_break_vector = final=32|family=3|pointer=0|isolated=0|blob=0|scalar=0|text=3|clone=5|mirror=0|neg=0|addr=0x3BC06C4C868
rank_reason = text penalty fired on little-endian ASCII/UTF16-like chunks; family size 3 raised clone penalty on scattered pointer-poor family
positive = target value matches, f08 nonzero, f08 not float-like, f18 nonzero, f18 not float-like, f20 nonzero, f20 not float-like, f68 nonzero, f68 not float-like, f70 nonzero, f70 not float-like, f78 nonzero, f78 not float-like, f58 nonzero, f58 not float-like, front metadata present, tail reference block present
negative = none

--- Candidate #19 ---
value_addr = 0x3BC06C4C8E4
base_addr  = 0x3BC06C4C8BC
f08 = 0xBE0F65EB
f18 = 0x3E0F62E6
f20 = 0x4206A93F
f28 = 0x42C80000 (100.0)
f58 = 0x42338A7D
f68 = 0x41E7B79A
f70 = 0xBF5EEBAD
f78 = 0x41DB7132
rank_position = 19
base_score = 40
prescore_score = 40
final_score = 32
total adjustment = -8
score = 32
hard_pass = true
flags = target_match, strong_front_block, strong_tail_block, object_like, text_block_like, template_clone_family
score_breakdown = +10 target_match; +2 f08_nonzero; +2 f08_not_floatlike; +2 f18_nonzero; +2 f18_not_floatlike; +2 f20_nonzero; +2 f20_not_floatlike; +2 f68_nonzero; +2 f68_not_floatlike; +2 f70_nonzero; +2 f70_not_floatlike; +2 f78_nonzero; +2 f78_not_floatlike; +3 f58_nonzero; +2 f58_not_floatlike; +1 legacy_pointer_balanced_compat; -3 text_block_penalty; -5 clone_penalty
code_blob_score = 0
code_blob_penalty = 0
scalar_block_score = 3
scalar_block_penalty = 0
text_block_score = 9
text_block_penalty = 3
template_family_id = cls:XXXXXXX|layout:scattered|fptr:0|tptr:0|align:0|preg:0|dom:1|fns:0|tns:0|scalar:0|text:low|blob:0|mirror:0
clone_family_id = layout:scattered|fptr:0|tptr:0|align:0|preg:0|dom:1|fns:0|tns:0|scalar:0|text:low|blob:0|mirror:0
template_family_size = 3
clone_penalty = 5
mirrored_penalty = 0
pointer_reward = 0
strong_structure_bonus = 0
sparse_anchor_tail_penalty = 0
anchored_fragmented_split_penalty = 0
one_sided_anchorless_split_penalty = 0
anchorless_partial_split_penalty = 0
isolated_split_penalty = 0
pointer_alignment_count = 0
pointer_region_count = 0
pointer_fields = none
pointer_cluster_count = 0
front_cluster_count = 0
tail_cluster_count = 0
front_non_singleton_cluster_count = 0
tail_non_singleton_cluster_count = 0
dominant_cluster_size = 0
cluster_layout = scattered
has_valid_anchor = false
dominant_cluster_covers_majority = false
isolated_split_like = false
tie_break_vector = final=32|family=3|pointer=0|isolated=0|blob=0|scalar=0|text=3|clone=5|mirror=0|neg=0|addr=0x3BC06C4C8E4
rank_reason = text penalty fired on little-endian ASCII/UTF16-like chunks; family size 3 raised clone penalty on scattered pointer-poor family
positive = target value matches, f08 nonzero, f08 not float-like, f18 nonzero, f18 not float-like, f20 nonzero, f20 not float-like, f68 nonzero, f68 not float-like, f70 nonzero, f70 not float-like, f78 nonzero, f78 not float-like, f58 nonzero, f58 not float-like, front metadata present, tail reference block present
negative = none

--- Candidate #20 ---
value_addr = 0x3B80A46E904
base_addr  = 0x3B80A46E8DC
f08 = 0x8A100002
f18 = 0x4101200B
f20 = 0x03370042
f28 = 0x42C80000 (100.0)
f58 = 0x6B404100
f68 = 0x00022801
f70 = 0x804101BA
f78 = 0x02280320
rank_position = 20
base_score = 40
prescore_score = 40
final_score = 32
total adjustment = -8
score = 32
hard_pass = true
flags = target_match, strong_front_block, strong_tail_block, object_like, template_clone_family
score_breakdown = +10 target_match; +2 f08_nonzero; +2 f08_not_floatlike; +2 f18_nonzero; +2 f18_not_floatlike; +2 f20_nonzero; +2 f20_not_floatlike; +2 f68_nonzero; +2 f68_not_floatlike; +2 f70_nonzero; +2 f70_not_floatlike; +2 f78_nonzero; +2 f78_not_floatlike; +3 f58_nonzero; +2 f58_not_floatlike; +1 legacy_pointer_balanced_compat; -8 clone_penalty
code_blob_score = 0
code_blob_penalty = 0
scalar_block_score = 3
scalar_block_penalty = 0
text_block_score = 0
text_block_penalty = 0
template_family_id = cls:XXXDXXD|layout:scattered|fptr:0|tptr:0|align:0|preg:0|dom:1|fns:0|tns:0|scalar:0|text:0|blob:0|mirror:0
clone_family_id = layout:scattered|fptr:0|tptr:0|align:0|preg:0|dom:1|fns:0|tns:0|scalar:0|text:0|blob:0|mirror:0
template_family_size = 4
clone_penalty = 8
mirrored_penalty = 0
pointer_reward = 0
strong_structure_bonus = 0
sparse_anchor_tail_penalty = 0
anchored_fragmented_split_penalty = 0
one_sided_anchorless_split_penalty = 0
anchorless_partial_split_penalty = 0
isolated_split_penalty = 0
pointer_alignment_count = 0
pointer_region_count = 0
pointer_fields = none
pointer_cluster_count = 1
front_cluster_count = 0
tail_cluster_count = 1
front_non_singleton_cluster_count = 0
tail_non_singleton_cluster_count = 0
dominant_cluster_size = 1
cluster_layout = scattered
has_valid_anchor = false
dominant_cluster_covers_majority = false
isolated_split_like = false
tie_break_vector = final=32|family=4|pointer=0|isolated=0|blob=0|scalar=0|text=0|clone=8|mirror=0|neg=0|addr=0x3B80A46E904
rank_reason = family size 4 raised clone penalty on scattered pointer-poor family
positive = target value matches, f08 nonzero, f08 not float-like, f18 nonzero, f18 not float-like, f20 nonzero, f20 not float-like, f68 nonzero, f68 not float-like, f70 nonzero, f70 not float-like, f78 nonzero, f78 not float-like, f58 nonzero, f58 not float-like, front metadata present, tail reference block present
negative = none

--- Candidate #21 ---
value_addr = 0x3BC00BBF290
base_addr  = 0x3BC00BBF268
f08 = 0x3DC58C4A
f18 = 0x3B1018E6
f20 = 0x43D90000
f28 = 0x42C80000 (100.0)
f58 = 0x3F3345DD
f68 = 0xBF5EEBA7
f70 = 0x41DB6EC7
f78 = 0xBE0F65EB
rank_position = 21
base_score = 40
prescore_score = 40
final_score = 32
total adjustment = -8
score = 32
hard_pass = true
flags = target_match, strong_front_block, strong_tail_block, object_like, template_clone_family
score_breakdown = +10 target_match; +2 f08_nonzero; +2 f08_not_floatlike; +2 f18_nonzero; +2 f18_not_floatlike; +2 f20_nonzero; +2 f20_not_floatlike; +2 f68_nonzero; +2 f68_not_floatlike; +2 f70_nonzero; +2 f70_not_floatlike; +2 f78_nonzero; +2 f78_not_floatlike; +3 f58_nonzero; +2 f58_not_floatlike; +1 legacy_pointer_balanced_compat; -8 clone_penalty
code_blob_score = 0
code_blob_penalty = 0
scalar_block_score = 5
scalar_block_penalty = 0
text_block_score = 0
text_block_penalty = 0
template_family_id = cls:XXDXXXX|layout:scattered|fptr:0|tptr:0|align:0|preg:0|dom:1|fns:0|tns:0|scalar:0|text:0|blob:0|mirror:0
clone_family_id = layout:scattered|fptr:0|tptr:0|align:0|preg:0|dom:1|fns:0|tns:0|scalar:0|text:0|blob:0|mirror:0
template_family_size = 4
clone_penalty = 8
mirrored_penalty = 0
pointer_reward = 0
strong_structure_bonus = 0
sparse_anchor_tail_penalty = 0
anchored_fragmented_split_penalty = 0
one_sided_anchorless_split_penalty = 0
anchorless_partial_split_penalty = 0
isolated_split_penalty = 0
pointer_alignment_count = 0
pointer_region_count = 0
pointer_fields = none
pointer_cluster_count = 1
front_cluster_count = 1
tail_cluster_count = 0
front_non_singleton_cluster_count = 0
tail_non_singleton_cluster_count = 0
dominant_cluster_size = 1
cluster_layout = scattered
has_valid_anchor = false
dominant_cluster_covers_majority = false
isolated_split_like = false
tie_break_vector = final=32|family=4|pointer=0|isolated=0|blob=0|scalar=0|text=0|clone=8|mirror=0|neg=0|addr=0x3BC00BBF290
rank_reason = family size 4 raised clone penalty on scattered pointer-poor family
positive = target value matches, f08 nonzero, f08 not float-like, f18 nonzero, f18 not float-like, f20 nonzero, f20 not float-like, f68 nonzero, f68 not float-like, f70 nonzero, f70 not float-like, f78 nonzero, f78 not float-like, f58 nonzero, f58 not float-like, front metadata present, tail reference block present
negative = none

--- Candidate #22 ---
value_addr = 0x3BC00C67848
base_addr  = 0x3BC00C67820
f08 = 0x43C7FFFF
f18 = 0x4261E821
f20 = 0xC261E821
f28 = 0x42C80000 (100.0)
f58 = 0xC2C7FFFF
f68 = 0x42C7FFFF
f70 = 0xC2C7FFFF
f78 = 0xC297FFFF
rank_position = 22
base_score = 40
prescore_score = 40
final_score = 32
total adjustment = -8
score = 32
hard_pass = true
flags = target_match, strong_front_block, strong_tail_block, object_like, template_clone_family
score_breakdown = +10 target_match; +2 f08_nonzero; +2 f08_not_floatlike; +2 f18_nonzero; +2 f18_not_floatlike; +2 f20_nonzero; +2 f20_not_floatlike; +2 f68_nonzero; +2 f68_not_floatlike; +2 f70_nonzero; +2 f70_not_floatlike; +2 f78_nonzero; +2 f78_not_floatlike; +3 f58_nonzero; +2 f58_not_floatlike; +1 legacy_pointer_balanced_compat; -8 clone_penalty
code_blob_score = 0
code_blob_penalty = 0
scalar_block_score = 3
scalar_block_penalty = 0
text_block_score = 0
text_block_penalty = 0
template_family_id = cls:XXXXXXX|layout:scattered|fptr:0|tptr:0|align:0|preg:0|dom:1|fns:0|tns:0|scalar:0|text:0|blob:0|mirror:0
clone_family_id = layout:scattered|fptr:0|tptr:0|align:0|preg:0|dom:1|fns:0|tns:0|scalar:0|text:0|blob:0|mirror:0
template_family_size = 4
clone_penalty = 8
mirrored_penalty = 0
pointer_reward = 0
strong_structure_bonus = 0
sparse_anchor_tail_penalty = 0
anchored_fragmented_split_penalty = 0
one_sided_anchorless_split_penalty = 0
anchorless_partial_split_penalty = 0
isolated_split_penalty = 0
pointer_alignment_count = 0
pointer_region_count = 0
pointer_fields = none
pointer_cluster_count = 0
front_cluster_count = 0
tail_cluster_count = 0
front_non_singleton_cluster_count = 0
tail_non_singleton_cluster_count = 0
dominant_cluster_size = 0
cluster_layout = scattered
has_valid_anchor = false
dominant_cluster_covers_majority = false
isolated_split_like = false
tie_break_vector = final=32|family=4|pointer=0|isolated=0|blob=0|scalar=0|text=0|clone=8|mirror=0|neg=0|addr=0x3BC00C67848
rank_reason = family size 4 raised clone penalty on scattered pointer-poor family
positive = target value matches, f08 nonzero, f08 not float-like, f18 nonzero, f18 not float-like, f20 nonzero, f20 not float-like, f68 nonzero, f68 not float-like, f70 nonzero, f70 not float-like, f78 nonzero, f78 not float-like, f58 nonzero, f58 not float-like, front metadata present, tail reference block present
negative = none

--- Candidate #23 ---
value_addr = 0x3BC06B0C160
base_addr  = 0x3BC06B0C138
f08 = 0x3F7CC964
f18 = 0xBF7CC97B
f20 = 0xBD959C22
f28 = 0x42C80000 (100.0)
f58 = 0x3F25F681
f68 = 0x3D62C1D5
f70 = 0x3EFB25F9
f78 = 0x3D098927
rank_position = 23
base_score = 40
prescore_score = 40
final_score = 32
total adjustment = -8
score = 32
hard_pass = true
flags = target_match, strong_front_block, strong_tail_block, object_like, template_clone_family
score_breakdown = +10 target_match; +2 f08_nonzero; +2 f08_not_floatlike; +2 f18_nonzero; +2 f18_not_floatlike; +2 f20_nonzero; +2 f20_not_floatlike; +2 f68_nonzero; +2 f68_not_floatlike; +2 f70_nonzero; +2 f70_not_floatlike; +2 f78_nonzero; +2 f78_not_floatlike; +3 f58_nonzero; +2 f58_not_floatlike; +1 legacy_pointer_balanced_compat; -8 clone_penalty
code_blob_score = 0
code_blob_penalty = 0
scalar_block_score = 5
scalar_block_penalty = 0
text_block_score = 0
text_block_penalty = 0
template_family_id = cls:DXXXXXX|layout:scattered|fptr:0|tptr:0|align:0|preg:0|dom:1|fns:0|tns:0|scalar:0|text:0|blob:0|mirror:0
clone_family_id = layout:scattered|fptr:0|tptr:0|align:0|preg:0|dom:1|fns:0|tns:0|scalar:0|text:0|blob:0|mirror:0
template_family_size = 4
clone_penalty = 8
mirrored_penalty = 0
pointer_reward = 0
strong_structure_bonus = 0
sparse_anchor_tail_penalty = 0
anchored_fragmented_split_penalty = 0
one_sided_anchorless_split_penalty = 0
anchorless_partial_split_penalty = 0
isolated_split_penalty = 0
pointer_alignment_count = 0
pointer_region_count = 0
pointer_fields = none
pointer_cluster_count = 1
front_cluster_count = 1
tail_cluster_count = 0
front_non_singleton_cluster_count = 0
tail_non_singleton_cluster_count = 0
dominant_cluster_size = 1
cluster_layout = scattered
has_valid_anchor = false
dominant_cluster_covers_majority = false
isolated_split_like = false
tie_break_vector = final=32|family=4|pointer=0|isolated=0|blob=0|scalar=0|text=0|clone=8|mirror=0|neg=0|addr=0x3BC06B0C160
rank_reason = family size 4 raised clone penalty on scattered pointer-poor family
positive = target value matches, f08 nonzero, f08 not float-like, f18 nonzero, f18 not float-like, f20 nonzero, f20 not float-like, f68 nonzero, f68 not float-like, f70 nonzero, f70 not float-like, f78 nonzero, f78 not float-like, f58 nonzero, f58 not float-like, front metadata present, tail reference block present
negative = none

--- Candidate #24 ---
value_addr = 0x3BC06EB00E8
base_addr  = 0x3BC06EB00C0
f08 = 0x3F7CC962
f18 = 0xBF7CC97B
f20 = 0xBD959C22
f28 = 0x42C80000 (100.0)
f58 = 0x3F25F838
f68 = 0x3D56B15C
f70 = 0x3EFB0954
f78 = 0x3D15998B
rank_position = 24
base_score = 40
prescore_score = 40
final_score = 31
total adjustment = -9
score = 31
hard_pass = true
flags = target_match, strong_front_block, strong_tail_block, object_like, scalar_block_like, text_block_like
score_breakdown = +10 target_match; +2 f08_nonzero; +2 f08_not_floatlike; +2 f18_nonzero; +2 f18_not_floatlike; +2 f20_nonzero; +2 f20_not_floatlike; +2 f68_nonzero; +2 f68_not_floatlike; +2 f70_nonzero; +2 f70_not_floatlike; +2 f78_nonzero; +2 f78_not_floatlike; +3 f58_nonzero; +2 f58_not_floatlike; +1 legacy_pointer_balanced_compat; -3 scalar_block_penalty; -6 text_block_penalty
code_blob_score = 0
code_blob_penalty = 0
scalar_block_score = 9
scalar_block_penalty = 3
text_block_score = 12
text_block_penalty = 6
template_family_id = cls:XXXDDDX|layout:scattered|fptr:0|tptr:0|align:0|preg:0|dom:1|fns:0|tns:0|scalar:low|text:medium|blob:0|mirror:0
clone_family_id = layout:scattered|fptr:0|tptr:0|align:0|preg:0|dom:1|fns:0|tns:0|scalar:low|text:medium|blob:0|mirror:0
template_family_size = 1
clone_penalty = 0
mirrored_penalty = 0
pointer_reward = 0
strong_structure_bonus = 0
sparse_anchor_tail_penalty = 0
anchored_fragmented_split_penalty = 0
one_sided_anchorless_split_penalty = 0
anchorless_partial_split_penalty = 0
isolated_split_penalty = 0
pointer_alignment_count = 0
pointer_region_count = 0
pointer_fields = none
pointer_cluster_count = 2
front_cluster_count = 0
tail_cluster_count = 2
front_non_singleton_cluster_count = 0
tail_non_singleton_cluster_count = 0
dominant_cluster_size = 1
cluster_layout = scattered
has_valid_anchor = false
dominant_cluster_covers_majority = false
isolated_split_like = false
tie_break_vector = final=31|family=1|pointer=0|isolated=0|blob=0|scalar=3|text=6|clone=0|mirror=0|neg=0|addr=0x3BC06EB00E8
rank_reason = scalar penalty fired on float-like/scalar template; text penalty fired on little-endian ASCII/UTF16-like chunks
positive = target value matches, f08 nonzero, f08 not float-like, f18 nonzero, f18 not float-like, f20 nonzero, f20 not float-like, f68 nonzero, f68 not float-like, f70 nonzero, f70 not float-like, f78 nonzero, f78 not float-like, f58 nonzero, f58 not float-like, front metadata present, tail reference block present
negative = none

--- Candidate #25 ---
value_addr = 0x3B80924037C
base_addr  = 0x3B809240354
f08 = 0x00004300
f18 = 0x204C0238
f20 = 0x023842C8
f28 = 0x42C80000 (100.0)
f58 = 0x20240236
f68 = 0x23022107
f70 = 0x02200724
f78 = 0x36042200
rank_position = 25
base_score = 40
prescore_score = 40
final_score = 31
total adjustment = -9
score = 31
hard_pass = true
flags = target_match, strong_front_block, strong_tail_block, object_like, anchored_fragmented_split_like, text_block_like, template_clone_family
score_breakdown = +10 target_match; +2 f08_nonzero; +2 f08_not_floatlike; +2 f18_nonzero; +2 f18_not_floatlike; +2 f20_nonzero; +2 f20_not_floatlike; +2 f68_nonzero; +2 f68_not_floatlike; +2 f70_nonzero; +2 f70_not_floatlike; +2 f78_nonzero; +2 f78_not_floatlike; +3 f58_nonzero; +2 f58_not_floatlike; +1 legacy_pointer_balanced_compat; -3 anchored_fragmented_split_penalty; -3 text_block_penalty; -3 clone_penalty
code_blob_score = 0
code_blob_penalty = 0
scalar_block_score = 2
scalar_block_penalty = 0
text_block_score = 6
text_block_penalty = 3
template_family_id = cls:XPAXXPD|layout:front_tail_split|fptr:2|tptr:1|align:3+|preg:3+|dom:1|fns:0|tns:0|scalar:0|text:low|blob:0|mirror:0
clone_family_id = layout:front_tail_split|fptr:2|tptr:1|align:3+|preg:3+|dom:1|fns:0|tns:0|scalar:0|text:low|blob:0|mirror:0
template_family_size = 3
clone_penalty = 3
mirrored_penalty = 0
pointer_reward = 0
strong_structure_bonus = 0
sparse_anchor_tail_penalty = 0
anchored_fragmented_split_penalty = 3
one_sided_anchorless_split_penalty = 0
anchorless_partial_split_penalty = 0
isolated_split_penalty = 0
pointer_alignment_count = 3
pointer_region_count = 3
pointer_fields = f18, f20, f70
pointer_cluster_count = 4
front_cluster_count = 2
tail_cluster_count = 2
front_non_singleton_cluster_count = 0
tail_non_singleton_cluster_count = 0
dominant_cluster_size = 1
cluster_layout = front_tail_split
has_valid_anchor = true
dominant_cluster_covers_majority = false
isolated_split_like = false
tie_break_vector = final=31|family=3|pointer=0|isolated=0|blob=0|scalar=0|text=3|clone=3|mirror=0|neg=0|addr=0x3B80924037C
rank_reason = anchored fragmented split penalty fired on singleton-only split layout despite valid anchor; text penalty fired on little-endian ASCII/UTF16-like chunks; family size 3 raised clone penalty
positive = target value matches, f08 nonzero, f08 not float-like, f18 nonzero, f18 not float-like, f20 nonzero, f20 not float-like, f68 nonzero, f68 not float-like, f70 nonzero, f70 not float-like, f78 nonzero, f78 not float-like, f58 nonzero, f58 not float-like, front metadata present, tail reference block present
negative = none

--- Candidate #26 ---
value_addr = 0x3BC068DE1FC
base_addr  = 0x3BC068DE1D4
f08 = 0x3DE0000E
f18 = 0xBF3504F4
f20 = 0x80000000
f28 = 0x42C80000 (100.0)
f58 = 0x3D79DB23
f68 = 0x3F000001
f70 = 0x3F000000
f78 = 0x3D79DB31
rank_position = 26
base_score = 40
prescore_score = 40
final_score = 31
total adjustment = -9
score = 31
hard_pass = true
flags = target_match, strong_front_block, strong_tail_block, object_like, anchored_fragmented_split_like, text_block_like, template_clone_family
score_breakdown = +10 target_match; +2 f08_nonzero; +2 f08_not_floatlike; +2 f18_nonzero; +2 f18_not_floatlike; +2 f20_nonzero; +2 f20_not_floatlike; +2 f68_nonzero; +2 f68_not_floatlike; +2 f70_nonzero; +2 f70_not_floatlike; +2 f78_nonzero; +2 f78_not_floatlike; +3 f58_nonzero; +2 f58_not_floatlike; +1 legacy_pointer_balanced_compat; -3 anchored_fragmented_split_penalty; -3 text_block_penalty; -3 clone_penalty
code_blob_score = 0
code_blob_penalty = 0
scalar_block_score = 4
scalar_block_penalty = 0
text_block_score = 8
text_block_penalty = 3
template_family_id = cls:XPAXXPX|layout:front_tail_split|fptr:2|tptr:1|align:3+|preg:3+|dom:1|fns:0|tns:0|scalar:0|text:low|blob:0|mirror:0
clone_family_id = layout:front_tail_split|fptr:2|tptr:1|align:3+|preg:3+|dom:1|fns:0|tns:0|scalar:0|text:low|blob:0|mirror:0
template_family_size = 3
clone_penalty = 3
mirrored_penalty = 0
pointer_reward = 0
strong_structure_bonus = 0
sparse_anchor_tail_penalty = 0
anchored_fragmented_split_penalty = 3
one_sided_anchorless_split_penalty = 0
anchorless_partial_split_penalty = 0
isolated_split_penalty = 0
pointer_alignment_count = 3
pointer_region_count = 3
pointer_fields = f18, f20, f70
pointer_cluster_count = 3
front_cluster_count = 2
tail_cluster_count = 1
front_non_singleton_cluster_count = 0
tail_non_singleton_cluster_count = 0
dominant_cluster_size = 1
cluster_layout = front_tail_split
has_valid_anchor = true
dominant_cluster_covers_majority = false
isolated_split_like = false
tie_break_vector = final=31|family=3|pointer=0|isolated=0|blob=0|scalar=0|text=3|clone=3|mirror=0|neg=0|addr=0x3BC068DE1FC
rank_reason = anchored fragmented split penalty fired on singleton-only split layout despite valid anchor; text penalty fired on little-endian ASCII/UTF16-like chunks; family size 3 raised clone penalty
positive = target value matches, f08 nonzero, f08 not float-like, f18 nonzero, f18 not float-like, f20 nonzero, f20 not float-like, f68 nonzero, f68 not float-like, f70 nonzero, f70 not float-like, f78 nonzero, f78 not float-like, f58 nonzero, f58 not float-like, front metadata present, tail reference block present
negative = none

--- Candidate #27 ---
value_addr = 0xE040244037C
base_addr  = 0xE0402440354
f08 = 0x00004300
f18 = 0x204C0238
f20 = 0x023842C8
f28 = 0x42C80000 (100.0)
f58 = 0x20240236
f68 = 0x23022107
f70 = 0x02200724
f78 = 0x36042200
rank_position = 27
base_score = 40
prescore_score = 40
final_score = 31
total adjustment = -9
score = 31
hard_pass = true
flags = target_match, strong_front_block, strong_tail_block, object_like, anchored_fragmented_split_like, text_block_like, template_clone_family
score_breakdown = +10 target_match; +2 f08_nonzero; +2 f08_not_floatlike; +2 f18_nonzero; +2 f18_not_floatlike; +2 f20_nonzero; +2 f20_not_floatlike; +2 f68_nonzero; +2 f68_not_floatlike; +2 f70_nonzero; +2 f70_not_floatlike; +2 f78_nonzero; +2 f78_not_floatlike; +3 f58_nonzero; +2 f58_not_floatlike; +1 legacy_pointer_balanced_compat; -3 anchored_fragmented_split_penalty; -3 text_block_penalty; -3 clone_penalty
code_blob_score = 0
code_blob_penalty = 0
scalar_block_score = 2
scalar_block_penalty = 0
text_block_score = 6
text_block_penalty = 3
template_family_id = cls:XPAXXPD|layout:front_tail_split|fptr:2|tptr:1|align:3+|preg:3+|dom:1|fns:0|tns:0|scalar:0|text:low|blob:0|mirror:0
clone_family_id = layout:front_tail_split|fptr:2|tptr:1|align:3+|preg:3+|dom:1|fns:0|tns:0|scalar:0|text:low|blob:0|mirror:0
template_family_size = 3
clone_penalty = 3
mirrored_penalty = 0
pointer_reward = 0
strong_structure_bonus = 0
sparse_anchor_tail_penalty = 0
anchored_fragmented_split_penalty = 3
one_sided_anchorless_split_penalty = 0
anchorless_partial_split_penalty = 0
isolated_split_penalty = 0
pointer_alignment_count = 3
pointer_region_count = 3
pointer_fields = f18, f20, f70
pointer_cluster_count = 4
front_cluster_count = 2
tail_cluster_count = 2
front_non_singleton_cluster_count = 0
tail_non_singleton_cluster_count = 0
dominant_cluster_size = 1
cluster_layout = front_tail_split
has_valid_anchor = true
dominant_cluster_covers_majority = false
isolated_split_like = false
tie_break_vector = final=31|family=3|pointer=0|isolated=0|blob=0|scalar=0|text=3|clone=3|mirror=0|neg=0|addr=0xE040244037C
rank_reason = anchored fragmented split penalty fired on singleton-only split layout despite valid anchor; text penalty fired on little-endian ASCII/UTF16-like chunks; family size 3 raised clone penalty
positive = target value matches, f08 nonzero, f08 not float-like, f18 nonzero, f18 not float-like, f20 nonzero, f20 not float-like, f68 nonzero, f68 not float-like, f70 nonzero, f70 not float-like, f78 nonzero, f78 not float-like, f58 nonzero, f58 not float-like, front metadata present, tail reference block present
negative = none

--- Candidate #28 ---
value_addr = 0x3BC06B0C0E8
base_addr  = 0x3BC06B0C0C0
f08 = 0x3F7CC962
f18 = 0xBF7CC97B
f20 = 0xBD959C22
f28 = 0x42C80000 (100.0)
f58 = 0x3F25F67E
f68 = 0x3D62D92E
f70 = 0x3EFB2630
f78 = 0x3D0971CE
rank_position = 28
base_score = 40
prescore_score = 40
final_score = 30
total adjustment = -10
score = 30
hard_pass = true
flags = target_match, strong_front_block, strong_tail_block, object_like, text_block_like
score_breakdown = +10 target_match; +2 f08_nonzero; +2 f08_not_floatlike; +2 f18_nonzero; +2 f18_not_floatlike; +2 f20_nonzero; +2 f20_not_floatlike; +2 f68_nonzero; +2 f68_not_floatlike; +2 f70_nonzero; +2 f70_not_floatlike; +2 f78_nonzero; +2 f78_not_floatlike; +3 f58_nonzero; +2 f58_not_floatlike; +1 legacy_pointer_balanced_compat; -10 text_block_penalty
code_blob_score = 0
code_blob_penalty = 0
scalar_block_score = 5
scalar_block_penalty = 0
text_block_score = 15
text_block_penalty = 10
template_family_id = cls:XXXXXDX|layout:scattered|fptr:0|tptr:0|align:0|preg:0|dom:1|fns:0|tns:0|scalar:0|text:high|blob:0|mirror:0
clone_family_id = layout:scattered|fptr:0|tptr:0|align:0|preg:0|dom:1|fns:0|tns:0|scalar:0|text:high|blob:0|mirror:0
template_family_size = 1
clone_penalty = 0
mirrored_penalty = 0
pointer_reward = 0
strong_structure_bonus = 0
sparse_anchor_tail_penalty = 0
anchored_fragmented_split_penalty = 0
one_sided_anchorless_split_penalty = 0
anchorless_partial_split_penalty = 0
isolated_split_penalty = 0
pointer_alignment_count = 0
pointer_region_count = 0
pointer_fields = none
pointer_cluster_count = 1
front_cluster_count = 0
tail_cluster_count = 1
front_non_singleton_cluster_count = 0
tail_non_singleton_cluster_count = 0
dominant_cluster_size = 1
cluster_layout = scattered
has_valid_anchor = false
dominant_cluster_covers_majority = false
isolated_split_like = false
tie_break_vector = final=30|family=1|pointer=0|isolated=0|blob=0|scalar=0|text=10|clone=0|mirror=0|neg=0|addr=0x3BC06B0C0E8
rank_reason = text penalty fired on little-endian ASCII/UTF16-like chunks
positive = target value matches, f08 nonzero, f08 not float-like, f18 nonzero, f18 not float-like, f20 nonzero, f20 not float-like, f68 nonzero, f68 not float-like, f70 nonzero, f70 not float-like, f78 nonzero, f78 not float-like, f58 nonzero, f58 not float-like, front metadata present, tail reference block present
negative = none

--- Candidate #29 ---
value_addr = 0x3BC04F97A40
base_addr  = 0x3BC04F97A18
f08 = 0x3DD8275C
f18 = 0xBB25DE14
f20 = 0x43D90000
f28 = 0x42C80000 (100.0)
f58 = 0x3F3345D0
f68 = 0xBF5EEB9C
f70 = 0x41DBDF15
f78 = 0xBE0F65EC
rank_position = 29
base_score = 40
prescore_score = 40
final_score = 30
total adjustment = -10
score = 30
hard_pass = true
flags = target_match, strong_front_block, strong_tail_block, object_like, anchorless_partial_split_like, isolated_split_like, scalar_block_like, text_block_like
score_breakdown = +10 target_match; +2 f08_nonzero; +2 f08_not_floatlike; +2 f18_nonzero; +2 f18_not_floatlike; +2 f20_nonzero; +2 f20_not_floatlike; +2 f68_nonzero; +2 f68_not_floatlike; +2 f70_nonzero; +2 f70_not_floatlike; +2 f78_nonzero; +2 f78_not_floatlike; +3 f58_nonzero; +2 f58_not_floatlike; +1 legacy_pointer_balanced_compat; -2 anchorless_partial_split_penalty; -2 isolated_split_penalty(no_anchor_no_non_singleton_split_support); -3 scalar_block_penalty; -3 text_block_penalty
code_blob_score = 0
code_blob_penalty = 0
scalar_block_score = 15
scalar_block_penalty = 3
text_block_score = 6
text_block_penalty = 3
template_family_id = cls:PDDDPXD|layout:front_tail_split|fptr:1|tptr:1|align:2|preg:2|dom:1|fns:0|tns:0|scalar:high|text:low|blob:0|mirror:0
clone_family_id = layout:front_tail_split|fptr:1|tptr:1|align:2|preg:2|dom:1|fns:0|tns:0|scalar:high|text:low|blob:0|mirror:0
template_family_size = 1
clone_penalty = 0
mirrored_penalty = 0
pointer_reward = 0
strong_structure_bonus = 0
sparse_anchor_tail_penalty = 0
anchored_fragmented_split_penalty = 0
one_sided_anchorless_split_penalty = 0
anchorless_partial_split_penalty = 2
isolated_split_penalty = 2
pointer_alignment_count = 2
pointer_region_count = 2
pointer_fields = f08, f68
pointer_cluster_count = 5
front_cluster_count = 3
tail_cluster_count = 2
front_non_singleton_cluster_count = 0
tail_non_singleton_cluster_count = 0
dominant_cluster_size = 1
cluster_layout = front_tail_split
has_valid_anchor = false
dominant_cluster_covers_majority = false
isolated_split_like = true
tie_break_vector = final=30|family=1|pointer=0|isolated=2|blob=0|scalar=3|text=3|clone=0|mirror=0|neg=0|addr=0x3BC04F97A40
rank_reason = anchorless partial split penalty fired on one-sided split layout without valid anchor; isolated split penalty fired on fragmentary split layout with no valid anchor and no non-singleton split support; scalar penalty fired on float-like/scalar template; text penalty fired on little-endian ASCII/UTF16-like chunks
positive = target value matches, f08 nonzero, f08 not float-like, f18 nonzero, f18 not float-like, f20 nonzero, f20 not float-like, f68 nonzero, f68 not float-like, f70 nonzero, f70 not float-like, f78 nonzero, f78 not float-like, f58 nonzero, f58 not float-like, front metadata present, tail reference block present
negative = none

--- Candidate #30 ---
value_addr = 0x3BC06EB0160
base_addr  = 0x3BC06EB0138
f08 = 0x3F7CC964
f18 = 0xBF7CC97B
f20 = 0xBD959C22
f28 = 0x42C80000 (100.0)
f58 = 0x3F25F848
f68 = 0x3D563303
f70 = 0x3EFB082A
f78 = 0x3D16180C
rank_position = 30
base_score = 40
prescore_score = 40
final_score = 30
total adjustment = -10
score = 30
hard_pass = true
flags = target_match, strong_front_block, strong_tail_block, object_like, anchorless_partial_split_like, isolated_split_like, scalar_block_like, text_block_like
score_breakdown = +10 target_match; +2 f08_nonzero; +2 f08_not_floatlike; +2 f18_nonzero; +2 f18_not_floatlike; +2 f20_nonzero; +2 f20_not_floatlike; +2 f68_nonzero; +2 f68_not_floatlike; +2 f70_nonzero; +2 f70_not_floatlike; +2 f78_nonzero; +2 f78_not_floatlike; +3 f58_nonzero; +2 f58_not_floatlike; +1 legacy_pointer_balanced_compat; -2 anchorless_partial_split_penalty; -2 isolated_split_penalty(no_anchor_no_non_singleton_split_support); -3 scalar_block_penalty; -3 text_block_penalty
code_blob_score = 0
code_blob_penalty = 0
scalar_block_score = 8
scalar_block_penalty = 3
text_block_score = 9
text_block_penalty = 3
template_family_id = cls:PXXDXXP|layout:front_tail_split|fptr:1|tptr:1|align:2|preg:2|dom:1|fns:0|tns:0|scalar:low|text:low|blob:0|mirror:0
clone_family_id = layout:front_tail_split|fptr:1|tptr:1|align:2|preg:2|dom:1|fns:0|tns:0|scalar:low|text:low|blob:0|mirror:0
template_family_size = 1
clone_penalty = 0
mirrored_penalty = 0
pointer_reward = 0
strong_structure_bonus = 0
sparse_anchor_tail_penalty = 0
anchored_fragmented_split_penalty = 0
one_sided_anchorless_split_penalty = 0
anchorless_partial_split_penalty = 2
isolated_split_penalty = 2
pointer_alignment_count = 2
pointer_region_count = 2
pointer_fields = f08, f78
pointer_cluster_count = 2
front_cluster_count = 1
tail_cluster_count = 1
front_non_singleton_cluster_count = 0
tail_non_singleton_cluster_count = 0
dominant_cluster_size = 1
cluster_layout = front_tail_split
has_valid_anchor = false
dominant_cluster_covers_majority = false
isolated_split_like = true
tie_break_vector = final=30|family=1|pointer=0|isolated=2|blob=0|scalar=3|text=3|clone=0|mirror=0|neg=0|addr=0x3BC06EB0160
rank_reason = anchorless partial split penalty fired on one-sided split layout without valid anchor; isolated split penalty fired on fragmentary split layout with no valid anchor and no non-singleton split support; scalar penalty fired on float-like/scalar template; text penalty fired on little-endian ASCII/UTF16-like chunks
positive = target value matches, f08 nonzero, f08 not float-like, f18 nonzero, f18 not float-like, f20 nonzero, f20 not float-like, f68 nonzero, f68 not float-like, f70 nonzero, f70 not float-like, f78 nonzero, f78 not float-like, f58 nonzero, f58 not float-like, front metadata present, tail reference block present
negative = none

--- Candidate #31 ---
value_addr = 0x3BC00BA9D30
base_addr  = 0x3BC00BA9D08
f08 = 0x3DD677D8
f18 = 0xBB29B3E2
f20 = 0x43D90000
f28 = 0x42C80000 (100.0)
f58 = 0x3F3345D0
f68 = 0xBF5EEB99
f70 = 0x41DBE0E3
f78 = 0xBE0F65EB
rank_position = 31
base_score = 40
prescore_score = 40
final_score = 29
total adjustment = -11
score = 29
hard_pass = true
flags = target_match, strong_front_block, strong_tail_block, object_like, scalar_block_like, template_clone_family
score_breakdown = +10 target_match; +2 f08_nonzero; +2 f08_not_floatlike; +2 f18_nonzero; +2 f18_not_floatlike; +2 f20_nonzero; +2 f20_not_floatlike; +2 f68_nonzero; +2 f68_not_floatlike; +2 f70_nonzero; +2 f70_not_floatlike; +2 f78_nonzero; +2 f78_not_floatlike; +3 f58_nonzero; +2 f58_not_floatlike; +1 legacy_pointer_balanced_compat; -3 scalar_block_penalty; -8 clone_penalty
code_blob_score = 0
code_blob_penalty = 0
scalar_block_score = 9
scalar_block_penalty = 3
text_block_score = 0
text_block_penalty = 0
template_family_id = cls:DXDDXXX|layout:scattered|fptr:0|tptr:0|align:0|preg:0|dom:1|fns:0|tns:0|scalar:low|text:0|blob:0|mirror:0
clone_family_id = layout:scattered|fptr:0|tptr:0|align:0|preg:0|dom:1|fns:0|tns:0|scalar:low|text:0|blob:0|mirror:0
template_family_size = 4
clone_penalty = 8
mirrored_penalty = 0
pointer_reward = 0
strong_structure_bonus = 0
sparse_anchor_tail_penalty = 0
anchored_fragmented_split_penalty = 0
one_sided_anchorless_split_penalty = 0
anchorless_partial_split_penalty = 0
isolated_split_penalty = 0
pointer_alignment_count = 0
pointer_region_count = 0
pointer_fields = none
pointer_cluster_count = 2
front_cluster_count = 2
tail_cluster_count = 0
front_non_singleton_cluster_count = 0
tail_non_singleton_cluster_count = 0
dominant_cluster_size = 1
cluster_layout = scattered
has_valid_anchor = false
dominant_cluster_covers_majority = false
isolated_split_like = false
tie_break_vector = final=29|family=4|pointer=0|isolated=0|blob=0|scalar=3|text=0|clone=8|mirror=0|neg=0|addr=0x3BC00BA9D30
rank_reason = scalar penalty fired on float-like/scalar template; family size 4 raised clone penalty on scattered pointer-poor family
positive = target value matches, f08 nonzero, f08 not float-like, f18 nonzero, f18 not float-like, f20 nonzero, f20 not float-like, f68 nonzero, f68 not float-like, f70 nonzero, f70 not float-like, f78 nonzero, f78 not float-like, f58 nonzero, f58 not float-like, front metadata present, tail reference block present
negative = none

--- Candidate #32 ---
value_addr = 0x3BC06B0C164
base_addr  = 0x3BC06B0C13C
f08 = 0xBE0F65EC
f18 = 0x3E0F62E6
f20 = 0x4206A93F
f28 = 0x42C80000 (100.0)
f58 = 0x423389A8
f68 = 0x41E7BD21
f70 = 0xBF5EEB79
f78 = 0x41DB6BAF
rank_position = 32
base_score = 40
prescore_score = 40
final_score = 29
total adjustment = -11
score = 29
hard_pass = true
flags = target_match, strong_front_block, strong_tail_block, object_like, scalar_block_like, template_clone_family
score_breakdown = +10 target_match; +2 f08_nonzero; +2 f08_not_floatlike; +2 f18_nonzero; +2 f18_not_floatlike; +2 f20_nonzero; +2 f20_not_floatlike; +2 f68_nonzero; +2 f68_not_floatlike; +2 f70_nonzero; +2 f70_not_floatlike; +2 f78_nonzero; +2 f78_not_floatlike; +3 f58_nonzero; +2 f58_not_floatlike; +1 legacy_pointer_balanced_compat; -3 scalar_block_penalty; -8 clone_penalty
code_blob_score = 0
code_blob_penalty = 0
scalar_block_score = 7
scalar_block_penalty = 3
text_block_score = 0
text_block_penalty = 0
template_family_id = cls:DXXDXXX|layout:scattered|fptr:0|tptr:0|align:0|preg:0|dom:1|fns:0|tns:0|scalar:low|text:0|blob:0|mirror:0
clone_family_id = layout:scattered|fptr:0|tptr:0|align:0|preg:0|dom:1|fns:0|tns:0|scalar:low|text:0|blob:0|mirror:0
template_family_size = 4
clone_penalty = 8
mirrored_penalty = 0
pointer_reward = 0
strong_structure_bonus = 0
sparse_anchor_tail_penalty = 0
anchored_fragmented_split_penalty = 0
one_sided_anchorless_split_penalty = 0
anchorless_partial_split_penalty = 0
isolated_split_penalty = 0
pointer_alignment_count = 0
pointer_region_count = 0
pointer_fields = none
pointer_cluster_count = 1
front_cluster_count = 1
tail_cluster_count = 0
front_non_singleton_cluster_count = 0
tail_non_singleton_cluster_count = 0
dominant_cluster_size = 1
cluster_layout = scattered
has_valid_anchor = false
dominant_cluster_covers_majority = false
isolated_split_like = false
tie_break_vector = final=29|family=4|pointer=0|isolated=0|blob=0|scalar=3|text=0|clone=8|mirror=0|neg=0|addr=0x3BC06B0C164
rank_reason = scalar penalty fired on float-like/scalar template; family size 4 raised clone penalty on scattered pointer-poor family
positive = target value matches, f08 nonzero, f08 not float-like, f18 nonzero, f18 not float-like, f20 nonzero, f20 not float-like, f68 nonzero, f68 not float-like, f70 nonzero, f70 not float-like, f78 nonzero, f78 not float-like, f58 nonzero, f58 not float-like, front metadata present, tail reference block present
negative = none

--- Candidate #33 ---
value_addr = 0x3BC06C4C164
base_addr  = 0x3BC06C4C13C
f08 = 0xBE0F65EB
f18 = 0x3E0F62E6
f20 = 0x4206A93F
f28 = 0x42C80000 (100.0)
f58 = 0x42338BD0
f68 = 0x41E78987
f70 = 0xBF5EEBC4
f78 = 0x41DB9F4B
rank_position = 33
base_score = 40
prescore_score = 40
final_score = 29
total adjustment = -11
score = 29
hard_pass = true
flags = target_match, strong_front_block, strong_tail_block, object_like, scalar_block_like, template_clone_family
score_breakdown = +10 target_match; +2 f08_nonzero; +2 f08_not_floatlike; +2 f18_nonzero; +2 f18_not_floatlike; +2 f20_nonzero; +2 f20_not_floatlike; +2 f68_nonzero; +2 f68_not_floatlike; +2 f70_nonzero; +2 f70_not_floatlike; +2 f78_nonzero; +2 f78_not_floatlike; +3 f58_nonzero; +2 f58_not_floatlike; +1 legacy_pointer_balanced_compat; -3 scalar_block_penalty; -8 clone_penalty
code_blob_score = 0
code_blob_penalty = 0
scalar_block_score = 7
scalar_block_penalty = 3
text_block_score = 0
text_block_penalty = 0
template_family_id = cls:XXXDXDX|layout:scattered|fptr:0|tptr:0|align:0|preg:0|dom:1|fns:0|tns:0|scalar:low|text:0|blob:0|mirror:0
clone_family_id = layout:scattered|fptr:0|tptr:0|align:0|preg:0|dom:1|fns:0|tns:0|scalar:low|text:0|blob:0|mirror:0
template_family_size = 4
clone_penalty = 8
mirrored_penalty = 0
pointer_reward = 0
strong_structure_bonus = 0
sparse_anchor_tail_penalty = 0
anchored_fragmented_split_penalty = 0
one_sided_anchorless_split_penalty = 0
anchorless_partial_split_penalty = 0
isolated_split_penalty = 0
pointer_alignment_count = 0
pointer_region_count = 0
pointer_fields = none
pointer_cluster_count = 1
front_cluster_count = 0
tail_cluster_count = 1
front_non_singleton_cluster_count = 0
tail_non_singleton_cluster_count = 0
dominant_cluster_size = 1
cluster_layout = scattered
has_valid_anchor = false
dominant_cluster_covers_majority = false
isolated_split_like = false
tie_break_vector = final=29|family=4|pointer=0|isolated=0|blob=0|scalar=3|text=0|clone=8|mirror=0|neg=0|addr=0x3BC06C4C164
rank_reason = scalar penalty fired on float-like/scalar template; family size 4 raised clone penalty on scattered pointer-poor family
positive = target value matches, f08 nonzero, f08 not float-like, f18 nonzero, f18 not float-like, f20 nonzero, f20 not float-like, f68 nonzero, f68 not float-like, f70 nonzero, f70 not float-like, f78 nonzero, f78 not float-like, f58 nonzero, f58 not float-like, front metadata present, tail reference block present
negative = none

--- Candidate #34 ---
value_addr = 0x3BC06EB0164
base_addr  = 0x3BC06EB013C
f08 = 0xBE0F65EB
f18 = 0x3E0F62E6
f20 = 0x4206A93F
f28 = 0x42C80000 (100.0)
f58 = 0x42338BE0
f68 = 0x41E78677
f70 = 0xBF5EEBC4
f78 = 0x41DBA257
rank_position = 34
base_score = 40
prescore_score = 40
final_score = 29
total adjustment = -11
score = 29
hard_pass = true
flags = target_match, strong_front_block, strong_tail_block, object_like, scalar_block_like, template_clone_family
score_breakdown = +10 target_match; +2 f08_nonzero; +2 f08_not_floatlike; +2 f18_nonzero; +2 f18_not_floatlike; +2 f20_nonzero; +2 f20_not_floatlike; +2 f68_nonzero; +2 f68_not_floatlike; +2 f70_nonzero; +2 f70_not_floatlike; +2 f78_nonzero; +2 f78_not_floatlike; +3 f58_nonzero; +2 f58_not_floatlike; +1 legacy_pointer_balanced_compat; -3 scalar_block_penalty; -8 clone_penalty
code_blob_score = 0
code_blob_penalty = 0
scalar_block_score = 7
scalar_block_penalty = 3
text_block_score = 0
text_block_penalty = 0
template_family_id = cls:XXXDXDX|layout:scattered|fptr:0|tptr:0|align:0|preg:0|dom:1|fns:0|tns:0|scalar:low|text:0|blob:0|mirror:0
clone_family_id = layout:scattered|fptr:0|tptr:0|align:0|preg:0|dom:1|fns:0|tns:0|scalar:low|text:0|blob:0|mirror:0
template_family_size = 4
clone_penalty = 8
mirrored_penalty = 0
pointer_reward = 0
strong_structure_bonus = 0
sparse_anchor_tail_penalty = 0
anchored_fragmented_split_penalty = 0
one_sided_anchorless_split_penalty = 0
anchorless_partial_split_penalty = 0
isolated_split_penalty = 0
pointer_alignment_count = 0
pointer_region_count = 0
pointer_fields = none
pointer_cluster_count = 1
front_cluster_count = 0
tail_cluster_count = 1
front_non_singleton_cluster_count = 0
tail_non_singleton_cluster_count = 0
dominant_cluster_size = 1
cluster_layout = scattered
has_valid_anchor = false
dominant_cluster_covers_majority = false
isolated_split_like = false
tie_break_vector = final=29|family=4|pointer=0|isolated=0|blob=0|scalar=3|text=0|clone=8|mirror=0|neg=0|addr=0x3BC06EB0164
rank_reason = scalar penalty fired on float-like/scalar template; family size 4 raised clone penalty on scattered pointer-poor family
positive = target value matches, f08 nonzero, f08 not float-like, f18 nonzero, f18 not float-like, f20 nonzero, f20 not float-like, f68 nonzero, f68 not float-like, f70 nonzero, f70 not float-like, f78 nonzero, f78 not float-like, f58 nonzero, f58 not float-like, front metadata present, tail reference block present
negative = none

--- Candidate #35 ---
value_addr = 0x3B809B95D90
base_addr  = 0x3B809B95D68
f08 = 0x19200002
f18 = 0x01C3D110
f20 = 0x023600E4
f28 = 0x42C80000 (100.0)
f58 = 0x20000236
f68 = 0xC3D11006
f70 = 0x3600E441
f78 = 0x80000043
rank_position = 35
base_score = 40
prescore_score = 40
final_score = 28
total adjustment = -12
score = 28
hard_pass = true
flags = target_match, strong_front_block, strong_tail_block, object_like, template_clone_family
score_breakdown = +10 target_match; +2 f08_nonzero; +2 f08_not_floatlike; +2 f18_nonzero; +2 f18_not_floatlike; +2 f20_nonzero; +2 f20_not_floatlike; +2 f68_nonzero; +2 f68_not_floatlike; +2 f70_nonzero; +2 f70_not_floatlike; +2 f78_nonzero; +2 f78_not_floatlike; +3 f58_nonzero; +2 f58_not_floatlike; +1 legacy_pointer_balanced_compat; -12 clone_penalty
code_blob_score = 0
code_blob_penalty = 0
scalar_block_score = 3
scalar_block_penalty = 0
text_block_score = 0
text_block_penalty = 0
template_family_id = cls:XADXXXX|layout:scattered|fptr:1|tptr:0|align:1|preg:1|dom:1|fns:0|tns:0|scalar:0|text:0|blob:0|mirror:0
clone_family_id = layout:scattered|fptr:1|tptr:0|align:1|preg:1|dom:1|fns:0|tns:0|scalar:0|text:0|blob:0|mirror:0
template_family_size = 9
clone_penalty = 12
mirrored_penalty = 0
pointer_reward = 0
strong_structure_bonus = 0
sparse_anchor_tail_penalty = 0
anchored_fragmented_split_penalty = 0
one_sided_anchorless_split_penalty = 0
anchorless_partial_split_penalty = 0
isolated_split_penalty = 0
pointer_alignment_count = 1
pointer_region_count = 1
pointer_fields = f18
pointer_cluster_count = 2
front_cluster_count = 2
tail_cluster_count = 0
front_non_singleton_cluster_count = 0
tail_non_singleton_cluster_count = 0
dominant_cluster_size = 1
cluster_layout = scattered
has_valid_anchor = true
dominant_cluster_covers_majority = false
isolated_split_like = false
tie_break_vector = final=28|family=9|pointer=0|isolated=0|blob=0|scalar=0|text=0|clone=12|mirror=0|neg=0|addr=0x3B809B95D90
rank_reason = family size 9 raised clone penalty on scattered pointer-poor family
positive = target value matches, f08 nonzero, f08 not float-like, f18 nonzero, f18 not float-like, f20 nonzero, f20 not float-like, f68 nonzero, f68 not float-like, f70 nonzero, f70 not float-like, f78 nonzero, f78 not float-like, f58 nonzero, f58 not float-like, front metadata present, tail reference block present
negative = none

--- Candidate #36 ---
value_addr = 0x3B809DFA4A4
base_addr  = 0x3B809DFA47C
f08 = 0x36004100
f18 = 0x002002B0
f20 = 0xB402383F
f28 = 0x42C80000 (100.0)
f58 = 0x2002C402
f68 = 0x37000229
f70 = 0x83E4C041
f78 = 0x20080236
rank_position = 36
base_score = 40
prescore_score = 40
final_score = 28
total adjustment = -12
score = 28
hard_pass = true
flags = target_match, strong_front_block, strong_tail_block, object_like, template_clone_family
score_breakdown = +10 target_match; +2 f08_nonzero; +2 f08_not_floatlike; +2 f18_nonzero; +2 f18_not_floatlike; +2 f20_nonzero; +2 f20_not_floatlike; +2 f68_nonzero; +2 f68_not_floatlike; +2 f70_nonzero; +2 f70_not_floatlike; +2 f78_nonzero; +2 f78_not_floatlike; +3 f58_nonzero; +2 f58_not_floatlike; +1 legacy_pointer_balanced_compat; -12 clone_penalty
code_blob_score = 0
code_blob_penalty = 0
scalar_block_score = 5
scalar_block_penalty = 0
text_block_score = 0
text_block_penalty = 0
template_family_id = cls:DAXXXXX|layout:scattered|fptr:1|tptr:0|align:1|preg:1|dom:1|fns:0|tns:0|scalar:0|text:0|blob:0|mirror:0
clone_family_id = layout:scattered|fptr:1|tptr:0|align:1|preg:1|dom:1|fns:0|tns:0|scalar:0|text:0|blob:0|mirror:0
template_family_size = 9
clone_penalty = 12
mirrored_penalty = 0
pointer_reward = 0
strong_structure_bonus = 0
sparse_anchor_tail_penalty = 0
anchored_fragmented_split_penalty = 0
one_sided_anchorless_split_penalty = 0
anchorless_partial_split_penalty = 0
isolated_split_penalty = 0
pointer_alignment_count = 1
pointer_region_count = 1
pointer_fields = f18
pointer_cluster_count = 2
front_cluster_count = 2
tail_cluster_count = 0
front_non_singleton_cluster_count = 0
tail_non_singleton_cluster_count = 0
dominant_cluster_size = 1
cluster_layout = scattered
has_valid_anchor = true
dominant_cluster_covers_majority = false
isolated_split_like = false
tie_break_vector = final=28|family=9|pointer=0|isolated=0|blob=0|scalar=0|text=0|clone=12|mirror=0|neg=0|addr=0x3B809DFA4A4
rank_reason = family size 9 raised clone penalty on scattered pointer-poor family
positive = target value matches, f08 nonzero, f08 not float-like, f18 nonzero, f18 not float-like, f20 nonzero, f20 not float-like, f68 nonzero, f68 not float-like, f70 nonzero, f70 not float-like, f78 nonzero, f78 not float-like, f58 nonzero, f58 not float-like, front metadata present, tail reference block present
negative = none

--- Candidate #37 ---
value_addr = 0x3B80A711F9C
base_addr  = 0x3B80A711F74
f08 = 0x00004300
f18 = 0x20600238
f20 = 0x023842C8
f28 = 0x42C80000 (100.0)
f58 = 0x41022104
f68 = 0x04804101
f70 = 0x74022801
f78 = 0xFAD21001
rank_position = 37
base_score = 40
prescore_score = 40
final_score = 28
total adjustment = -12
score = 28
hard_pass = true
flags = target_match, strong_front_block, strong_tail_block, object_like, template_clone_family
score_breakdown = +10 target_match; +2 f08_nonzero; +2 f08_not_floatlike; +2 f18_nonzero; +2 f18_not_floatlike; +2 f20_nonzero; +2 f20_not_floatlike; +2 f68_nonzero; +2 f68_not_floatlike; +2 f70_nonzero; +2 f70_not_floatlike; +2 f78_nonzero; +2 f78_not_floatlike; +3 f58_nonzero; +2 f58_not_floatlike; +1 legacy_pointer_balanced_compat; -12 clone_penalty
code_blob_score = 0
code_blob_penalty = 0
scalar_block_score = 5
scalar_block_penalty = 0
text_block_score = 0
text_block_penalty = 0
template_family_id = cls:XDADXXX|layout:scattered|fptr:1|tptr:0|align:1|preg:1|dom:1|fns:0|tns:0|scalar:0|text:0|blob:0|mirror:0
clone_family_id = layout:scattered|fptr:1|tptr:0|align:1|preg:1|dom:1|fns:0|tns:0|scalar:0|text:0|blob:0|mirror:0
template_family_size = 9
clone_penalty = 12
mirrored_penalty = 0
pointer_reward = 0
strong_structure_bonus = 0
sparse_anchor_tail_penalty = 0
anchored_fragmented_split_penalty = 0
one_sided_anchorless_split_penalty = 0
anchorless_partial_split_penalty = 0
isolated_split_penalty = 0
pointer_alignment_count = 1
pointer_region_count = 1
pointer_fields = f20
pointer_cluster_count = 2
front_cluster_count = 2
tail_cluster_count = 0
front_non_singleton_cluster_count = 0
tail_non_singleton_cluster_count = 0
dominant_cluster_size = 1
cluster_layout = scattered
has_valid_anchor = true
dominant_cluster_covers_majority = false
isolated_split_like = false
tie_break_vector = final=28|family=9|pointer=0|isolated=0|blob=0|scalar=0|text=0|clone=12|mirror=0|neg=0|addr=0x3B80A711F9C
rank_reason = family size 9 raised clone penalty on scattered pointer-poor family
positive = target value matches, f08 nonzero, f08 not float-like, f18 nonzero, f18 not float-like, f20 nonzero, f20 not float-like, f68 nonzero, f68 not float-like, f70 nonzero, f70 not float-like, f78 nonzero, f78 not float-like, f58 nonzero, f58 not float-like, front metadata present, tail reference block present
negative = none

--- Candidate #38 ---
value_addr = 0x3B80A827AD8
base_addr  = 0x3B80A827AB0
f08 = 0x02204004
f18 = 0x00410B0B
f20 = 0x00204004
f28 = 0x42C80000 (100.0)
f58 = 0x012004B7
f68 = 0x20410723
f70 = 0x37004201
f78 = 0x02370042
rank_position = 38
base_score = 40
prescore_score = 40
final_score = 28
total adjustment = -12
score = 28
hard_pass = true
flags = target_match, strong_front_block, strong_tail_block, object_like, template_clone_family
score_breakdown = +10 target_match; +2 f08_nonzero; +2 f08_not_floatlike; +2 f18_nonzero; +2 f18_not_floatlike; +2 f20_nonzero; +2 f20_not_floatlike; +2 f68_nonzero; +2 f68_not_floatlike; +2 f70_nonzero; +2 f70_not_floatlike; +2 f78_nonzero; +2 f78_not_floatlike; +3 f58_nonzero; +2 f58_not_floatlike; +1 legacy_pointer_balanced_compat; -12 clone_penalty
code_blob_score = 0
code_blob_penalty = 0
scalar_block_score = 3
scalar_block_penalty = 0
text_block_score = 0
text_block_penalty = 0
template_family_id = cls:AXDXXXX|layout:scattered|fptr:1|tptr:0|align:1|preg:1|dom:1|fns:0|tns:0|scalar:0|text:0|blob:0|mirror:0
clone_family_id = layout:scattered|fptr:1|tptr:0|align:1|preg:1|dom:1|fns:0|tns:0|scalar:0|text:0|blob:0|mirror:0
template_family_size = 9
clone_penalty = 12
mirrored_penalty = 0
pointer_reward = 0
strong_structure_bonus = 0
sparse_anchor_tail_penalty = 0
anchored_fragmented_split_penalty = 0
one_sided_anchorless_split_penalty = 0
anchorless_partial_split_penalty = 0
isolated_split_penalty = 0
pointer_alignment_count = 1
pointer_region_count = 1
pointer_fields = f08
pointer_cluster_count = 2
front_cluster_count = 2
tail_cluster_count = 0
front_non_singleton_cluster_count = 0
tail_non_singleton_cluster_count = 0
dominant_cluster_size = 1
cluster_layout = scattered
has_valid_anchor = true
dominant_cluster_covers_majority = false
isolated_split_like = false
tie_break_vector = final=28|family=9|pointer=0|isolated=0|blob=0|scalar=0|text=0|clone=12|mirror=0|neg=0|addr=0x3B80A827AD8
rank_reason = family size 9 raised clone penalty on scattered pointer-poor family
positive = target value matches, f08 nonzero, f08 not float-like, f18 nonzero, f18 not float-like, f20 nonzero, f20 not float-like, f68 nonzero, f68 not float-like, f70 nonzero, f70 not float-like, f78 nonzero, f78 not float-like, f58 nonzero, f58 not float-like, front metadata present, tail reference block present
negative = none

--- Candidate #39 ---
value_addr = 0xE04029B4F8C
base_addr  = 0xE04029B4F64
f08 = 0x9442C800
f18 = 0x43019C21
f20 = 0x01B12194
f28 = 0x42C80000 (100.0)
f58 = 0x01A32001
f68 = 0x0EFA3543
f70 = 0x41092001
f78 = 0x410E2059
rank_position = 39
base_score = 40
prescore_score = 40
final_score = 28
total adjustment = -12
score = 28
hard_pass = true
flags = target_match, strong_front_block, strong_tail_block, object_like, template_clone_family
score_breakdown = +10 target_match; +2 f08_nonzero; +2 f08_not_floatlike; +2 f18_nonzero; +2 f18_not_floatlike; +2 f20_nonzero; +2 f20_not_floatlike; +2 f68_nonzero; +2 f68_not_floatlike; +2 f70_nonzero; +2 f70_not_floatlike; +2 f78_nonzero; +2 f78_not_floatlike; +3 f58_nonzero; +2 f58_not_floatlike; +1 legacy_pointer_balanced_compat; -12 clone_penalty
code_blob_score = 0
code_blob_penalty = 0
scalar_block_score = 3
scalar_block_penalty = 0
text_block_score = 0
text_block_penalty = 0
template_family_id = cls:AXDXXXX|layout:scattered|fptr:1|tptr:0|align:1|preg:1|dom:1|fns:0|tns:0|scalar:0|text:0|blob:0|mirror:0
clone_family_id = layout:scattered|fptr:1|tptr:0|align:1|preg:1|dom:1|fns:0|tns:0|scalar:0|text:0|blob:0|mirror:0
template_family_size = 9
clone_penalty = 12
mirrored_penalty = 0
pointer_reward = 0
strong_structure_bonus = 0
sparse_anchor_tail_penalty = 0
anchored_fragmented_split_penalty = 0
one_sided_anchorless_split_penalty = 0
anchorless_partial_split_penalty = 0
isolated_split_penalty = 0
pointer_alignment_count = 1
pointer_region_count = 1
pointer_fields = f08
pointer_cluster_count = 2
front_cluster_count = 2
tail_cluster_count = 0
front_non_singleton_cluster_count = 0
tail_non_singleton_cluster_count = 0
dominant_cluster_size = 1
cluster_layout = scattered
has_valid_anchor = true
dominant_cluster_covers_majority = false
isolated_split_like = false
tie_break_vector = final=28|family=9|pointer=0|isolated=0|blob=0|scalar=0|text=0|clone=12|mirror=0|neg=0|addr=0xE04029B4F8C
rank_reason = family size 9 raised clone penalty on scattered pointer-poor family
positive = target value matches, f08 nonzero, f08 not float-like, f18 nonzero, f18 not float-like, f20 nonzero, f20 not float-like, f68 nonzero, f68 not float-like, f70 nonzero, f70 not float-like, f78 nonzero, f78 not float-like, f58 nonzero, f58 not float-like, front metadata present, tail reference block present
negative = none

--- Candidate #40 ---
value_addr = 0xE04029BA464
base_addr  = 0xE04029BA43C
f08 = 0x2A018220
f18 = 0x9242C800
f20 = 0x3E200002
f28 = 0x42C80000 (100.0)
f58 = 0x023801CA
f68 = 0x023801CE
f70 = 0x023801CF
f78 = 0xC82001D6
rank_position = 40
base_score = 40
prescore_score = 40
final_score = 28
total adjustment = -12
score = 28
hard_pass = true
flags = target_match, strong_front_block, strong_tail_block, object_like, template_clone_family
score_breakdown = +10 target_match; +2 f08_nonzero; +2 f08_not_floatlike; +2 f18_nonzero; +2 f18_not_floatlike; +2 f20_nonzero; +2 f20_not_floatlike; +2 f68_nonzero; +2 f68_not_floatlike; +2 f70_nonzero; +2 f70_not_floatlike; +2 f78_nonzero; +2 f78_not_floatlike; +3 f58_nonzero; +2 f58_not_floatlike; +1 legacy_pointer_balanced_compat; -12 clone_penalty
code_blob_score = 0
code_blob_penalty = 0
scalar_block_score = 3
scalar_block_penalty = 0
text_block_score = 0
text_block_penalty = 0
template_family_id = cls:ADXXXXX|layout:scattered|fptr:1|tptr:0|align:1|preg:1|dom:1|fns:0|tns:0|scalar:0|text:0|blob:0|mirror:0
clone_family_id = layout:scattered|fptr:1|tptr:0|align:1|preg:1|dom:1|fns:0|tns:0|scalar:0|text:0|blob:0|mirror:0
template_family_size = 9
clone_penalty = 12
mirrored_penalty = 0
pointer_reward = 0
strong_structure_bonus = 0
sparse_anchor_tail_penalty = 0
anchored_fragmented_split_penalty = 0
one_sided_anchorless_split_penalty = 0
anchorless_partial_split_penalty = 0
isolated_split_penalty = 0
pointer_alignment_count = 1
pointer_region_count = 1
pointer_fields = f08
pointer_cluster_count = 2
front_cluster_count = 2
tail_cluster_count = 0
front_non_singleton_cluster_count = 0
tail_non_singleton_cluster_count = 0
dominant_cluster_size = 1
cluster_layout = scattered
has_valid_anchor = true
dominant_cluster_covers_majority = false
isolated_split_like = false
tie_break_vector = final=28|family=9|pointer=0|isolated=0|blob=0|scalar=0|text=0|clone=12|mirror=0|neg=0|addr=0xE04029BA464
rank_reason = family size 9 raised clone penalty on scattered pointer-poor family
positive = target value matches, f08 nonzero, f08 not float-like, f18 nonzero, f18 not float-like, f20 nonzero, f20 not float-like, f68 nonzero, f68 not float-like, f70 nonzero, f70 not float-like, f78 nonzero, f78 not float-like, f58 nonzero, f58 not float-like, front metadata present, tail reference block present
negative = none

--- Candidate #41 ---
value_addr = 0xE0402AA5944
base_addr  = 0xE0402AA591C
f08 = 0x60000000
f18 = 0xE0229501
f20 = 0x2020BC94
f28 = 0x42C80000 (100.0)
f58 = 0x20000236
f68 = 0xEA200B01
f70 = 0x01DD2001
f78 = 0x00023671
rank_position = 41
base_score = 40
prescore_score = 40
final_score = 28
total adjustment = -12
score = 28
hard_pass = true
flags = target_match, strong_front_block, strong_tail_block, object_like, template_clone_family
score_breakdown = +10 target_match; +2 f08_nonzero; +2 f08_not_floatlike; +2 f18_nonzero; +2 f18_not_floatlike; +2 f20_nonzero; +2 f20_not_floatlike; +2 f68_nonzero; +2 f68_not_floatlike; +2 f70_nonzero; +2 f70_not_floatlike; +2 f78_nonzero; +2 f78_not_floatlike; +3 f58_nonzero; +2 f58_not_floatlike; +1 legacy_pointer_balanced_compat; -12 clone_penalty
code_blob_score = 0
code_blob_penalty = 0
scalar_block_score = 3
scalar_block_penalty = 0
text_block_score = 0
text_block_penalty = 0
template_family_id = cls:AXDXXXX|layout:scattered|fptr:1|tptr:0|align:1|preg:1|dom:1|fns:0|tns:0|scalar:0|text:0|blob:0|mirror:0
clone_family_id = layout:scattered|fptr:1|tptr:0|align:1|preg:1|dom:1|fns:0|tns:0|scalar:0|text:0|blob:0|mirror:0
template_family_size = 9
clone_penalty = 12
mirrored_penalty = 0
pointer_reward = 0
strong_structure_bonus = 0
sparse_anchor_tail_penalty = 0
anchored_fragmented_split_penalty = 0
one_sided_anchorless_split_penalty = 0
anchorless_partial_split_penalty = 0
isolated_split_penalty = 0
pointer_alignment_count = 1
pointer_region_count = 1
pointer_fields = f08
pointer_cluster_count = 2
front_cluster_count = 2
tail_cluster_count = 0
front_non_singleton_cluster_count = 0
tail_non_singleton_cluster_count = 0
dominant_cluster_size = 1
cluster_layout = scattered
has_valid_anchor = true
dominant_cluster_covers_majority = false
isolated_split_like = false
tie_break_vector = final=28|family=9|pointer=0|isolated=0|blob=0|scalar=0|text=0|clone=12|mirror=0|neg=0|addr=0xE0402AA5944
rank_reason = family size 9 raised clone penalty on scattered pointer-poor family
positive = target value matches, f08 nonzero, f08 not float-like, f18 nonzero, f18 not float-like, f20 nonzero, f20 not float-like, f68 nonzero, f68 not float-like, f70 nonzero, f70 not float-like, f78 nonzero, f78 not float-like, f58 nonzero, f58 not float-like, front metadata present, tail reference block present
negative = none

--- Candidate #42 ---
value_addr = 0xE0402D95D90
base_addr  = 0xE0402D95D68
f08 = 0x19200002
f18 = 0x01C3D110
f20 = 0x023600E4
f28 = 0x42C80000 (100.0)
f58 = 0x20000236
f68 = 0xC3D11006
f70 = 0x3600E441
f78 = 0x80000043
rank_position = 42
base_score = 40
prescore_score = 40
final_score = 28
total adjustment = -12
score = 28
hard_pass = true
flags = target_match, strong_front_block, strong_tail_block, object_like, template_clone_family
score_breakdown = +10 target_match; +2 f08_nonzero; +2 f08_not_floatlike; +2 f18_nonzero; +2 f18_not_floatlike; +2 f20_nonzero; +2 f20_not_floatlike; +2 f68_nonzero; +2 f68_not_floatlike; +2 f70_nonzero; +2 f70_not_floatlike; +2 f78_nonzero; +2 f78_not_floatlike; +3 f58_nonzero; +2 f58_not_floatlike; +1 legacy_pointer_balanced_compat; -12 clone_penalty
code_blob_score = 0
code_blob_penalty = 0
scalar_block_score = 3
scalar_block_penalty = 0
text_block_score = 0
text_block_penalty = 0
template_family_id = cls:XADXXXX|layout:scattered|fptr:1|tptr:0|align:1|preg:1|dom:1|fns:0|tns:0|scalar:0|text:0|blob:0|mirror:0
clone_family_id = layout:scattered|fptr:1|tptr:0|align:1|preg:1|dom:1|fns:0|tns:0|scalar:0|text:0|blob:0|mirror:0
template_family_size = 9
clone_penalty = 12
mirrored_penalty = 0
pointer_reward = 0
strong_structure_bonus = 0
sparse_anchor_tail_penalty = 0
anchored_fragmented_split_penalty = 0
one_sided_anchorless_split_penalty = 0
anchorless_partial_split_penalty = 0
isolated_split_penalty = 0
pointer_alignment_count = 1
pointer_region_count = 1
pointer_fields = f18
pointer_cluster_count = 2
front_cluster_count = 2
tail_cluster_count = 0
front_non_singleton_cluster_count = 0
tail_non_singleton_cluster_count = 0
dominant_cluster_size = 1
cluster_layout = scattered
has_valid_anchor = true
dominant_cluster_covers_majority = false
isolated_split_like = false
tie_break_vector = final=28|family=9|pointer=0|isolated=0|blob=0|scalar=0|text=0|clone=12|mirror=0|neg=0|addr=0xE0402D95D90
rank_reason = family size 9 raised clone penalty on scattered pointer-poor family
positive = target value matches, f08 nonzero, f08 not float-like, f18 nonzero, f18 not float-like, f20 nonzero, f20 not float-like, f68 nonzero, f68 not float-like, f70 nonzero, f70 not float-like, f78 nonzero, f78 not float-like, f58 nonzero, f58 not float-like, front metadata present, tail reference block present
negative = none

--- Candidate #43 ---
value_addr = 0xE0402FFA4A4
base_addr  = 0xE0402FFA47C
f08 = 0x36004100
f18 = 0x002002B0
f20 = 0xB402383F
f28 = 0x42C80000 (100.0)
f58 = 0x2002C402
f68 = 0x37000229
f70 = 0x83E4C041
f78 = 0x20080236
rank_position = 43
base_score = 40
prescore_score = 40
final_score = 28
total adjustment = -12
score = 28
hard_pass = true
flags = target_match, strong_front_block, strong_tail_block, object_like, template_clone_family
score_breakdown = +10 target_match; +2 f08_nonzero; +2 f08_not_floatlike; +2 f18_nonzero; +2 f18_not_floatlike; +2 f20_nonzero; +2 f20_not_floatlike; +2 f68_nonzero; +2 f68_not_floatlike; +2 f70_nonzero; +2 f70_not_floatlike; +2 f78_nonzero; +2 f78_not_floatlike; +3 f58_nonzero; +2 f58_not_floatlike; +1 legacy_pointer_balanced_compat; -12 clone_penalty
code_blob_score = 0
code_blob_penalty = 0
scalar_block_score = 5
scalar_block_penalty = 0
text_block_score = 0
text_block_penalty = 0
template_family_id = cls:DAXXXXX|layout:scattered|fptr:1|tptr:0|align:1|preg:1|dom:1|fns:0|tns:0|scalar:0|text:0|blob:0|mirror:0
clone_family_id = layout:scattered|fptr:1|tptr:0|align:1|preg:1|dom:1|fns:0|tns:0|scalar:0|text:0|blob:0|mirror:0
template_family_size = 9
clone_penalty = 12
mirrored_penalty = 0
pointer_reward = 0
strong_structure_bonus = 0
sparse_anchor_tail_penalty = 0
anchored_fragmented_split_penalty = 0
one_sided_anchorless_split_penalty = 0
anchorless_partial_split_penalty = 0
isolated_split_penalty = 0
pointer_alignment_count = 1
pointer_region_count = 1
pointer_fields = f18
pointer_cluster_count = 2
front_cluster_count = 2
tail_cluster_count = 0
front_non_singleton_cluster_count = 0
tail_non_singleton_cluster_count = 0
dominant_cluster_size = 1
cluster_layout = scattered
has_valid_anchor = true
dominant_cluster_covers_majority = false
isolated_split_like = false
tie_break_vector = final=28|family=9|pointer=0|isolated=0|blob=0|scalar=0|text=0|clone=12|mirror=0|neg=0|addr=0xE0402FFA4A4
rank_reason = family size 9 raised clone penalty on scattered pointer-poor family
positive = target value matches, f08 nonzero, f08 not float-like, f18 nonzero, f18 not float-like, f20 nonzero, f20 not float-like, f68 nonzero, f68 not float-like, f70 nonzero, f70 not float-like, f78 nonzero, f78 not float-like, f58 nonzero, f58 not float-like, front metadata present, tail reference block present
negative = none

--- Candidate #44 ---
value_addr = 0x3B80A14EA24
base_addr  = 0x3B80A14E9FC
f08 = 0x090B3402
f18 = 0x07237F01
f20 = 0x246A2041
f28 = 0x42C80000 (100.0)
f58 = 0x20012004
f68 = 0x01200222
f70 = 0x00200002
f78 = 0x18023700
rank_position = 44
base_score = 40
prescore_score = 40
final_score = 28
total adjustment = -12
score = 28
hard_pass = true
flags = target_match, strong_front_block, strong_tail_block, object_like, template_clone_family
score_breakdown = +10 target_match; +2 f08_nonzero; +2 f08_not_floatlike; +2 f18_nonzero; +2 f18_not_floatlike; +2 f20_nonzero; +2 f20_not_floatlike; +2 f68_nonzero; +2 f68_not_floatlike; +2 f70_nonzero; +2 f70_not_floatlike; +2 f78_nonzero; +2 f78_not_floatlike; +3 f58_nonzero; +2 f58_not_floatlike; +1 legacy_pointer_balanced_compat; -12 clone_penalty
code_blob_score = 0
code_blob_penalty = 0
scalar_block_score = 3
scalar_block_penalty = 0
text_block_score = 0
text_block_penalty = 0
template_family_id = cls:XXXAXXD|layout:scattered|fptr:0|tptr:0|align:1|preg:1|dom:1|fns:0|tns:0|scalar:0|text:0|blob:0|mirror:0
clone_family_id = layout:scattered|fptr:0|tptr:0|align:1|preg:1|dom:1|fns:0|tns:0|scalar:0|text:0|blob:0|mirror:0
template_family_size = 15
clone_penalty = 12
mirrored_penalty = 0
pointer_reward = 0
strong_structure_bonus = 0
sparse_anchor_tail_penalty = 0
anchored_fragmented_split_penalty = 0
one_sided_anchorless_split_penalty = 0
anchorless_partial_split_penalty = 0
isolated_split_penalty = 0
pointer_alignment_count = 1
pointer_region_count = 1
pointer_fields = f58
pointer_cluster_count = 1
front_cluster_count = 0
tail_cluster_count = 1
front_non_singleton_cluster_count = 0
tail_non_singleton_cluster_count = 0
dominant_cluster_size = 1
cluster_layout = scattered
has_valid_anchor = true
dominant_cluster_covers_majority = false
isolated_split_like = false
tie_break_vector = final=28|family=15|pointer=0|isolated=0|blob=0|scalar=0|text=0|clone=12|mirror=0|neg=0|addr=0x3B80A14EA24
rank_reason = family size 15 raised clone penalty on scattered pointer-poor family
positive = target value matches, f08 nonzero, f08 not float-like, f18 nonzero, f18 not float-like, f20 nonzero, f20 not float-like, f68 nonzero, f68 not float-like, f70 nonzero, f70 not float-like, f78 nonzero, f78 not float-like, f58 nonzero, f58 not float-like, front metadata present, tail reference block present
negative = none

--- Candidate #45 ---
value_addr = 0x3B80F806058
base_addr  = 0x3B80F806030
f08 = 0x01170830
f18 = 0x1F07C802
f20 = 0x8F0C6805
f28 = 0x42C80000 (100.0)
f58 = 0x2C0C011C
f68 = 0x0CC8311F
f70 = 0xFA1FFC01
f78 = 0xFC022095
rank_position = 45
base_score = 40
prescore_score = 40
final_score = 28
total adjustment = -12
score = 28
hard_pass = true
flags = target_match, strong_front_block, strong_tail_block, object_like, template_clone_family
score_breakdown = +10 target_match; +2 f08_nonzero; +2 f08_not_floatlike; +2 f18_nonzero; +2 f18_not_floatlike; +2 f20_nonzero; +2 f20_not_floatlike; +2 f68_nonzero; +2 f68_not_floatlike; +2 f70_nonzero; +2 f70_not_floatlike; +2 f78_nonzero; +2 f78_not_floatlike; +3 f58_nonzero; +2 f58_not_floatlike; +1 legacy_pointer_balanced_compat; -12 clone_penalty
code_blob_score = 0
code_blob_penalty = 0
scalar_block_score = 3
scalar_block_penalty = 0
text_block_score = 0
text_block_penalty = 0
template_family_id = cls:DXXAXXX|layout:scattered|fptr:0|tptr:0|align:1|preg:1|dom:1|fns:0|tns:0|scalar:0|text:0|blob:0|mirror:0
clone_family_id = layout:scattered|fptr:0|tptr:0|align:1|preg:1|dom:1|fns:0|tns:0|scalar:0|text:0|blob:0|mirror:0
template_family_size = 15
clone_penalty = 12
mirrored_penalty = 0
pointer_reward = 0
strong_structure_bonus = 0
sparse_anchor_tail_penalty = 0
anchored_fragmented_split_penalty = 0
one_sided_anchorless_split_penalty = 0
anchorless_partial_split_penalty = 0
isolated_split_penalty = 0
pointer_alignment_count = 1
pointer_region_count = 1
pointer_fields = f58
pointer_cluster_count = 1
front_cluster_count = 1
tail_cluster_count = 0
front_non_singleton_cluster_count = 0
tail_non_singleton_cluster_count = 0
dominant_cluster_size = 1
cluster_layout = scattered
has_valid_anchor = true
dominant_cluster_covers_majority = false
isolated_split_like = false
tie_break_vector = final=28|family=15|pointer=0|isolated=0|blob=0|scalar=0|text=0|clone=12|mirror=0|neg=0|addr=0x3B80F806058
rank_reason = family size 15 raised clone penalty on scattered pointer-poor family
positive = target value matches, f08 nonzero, f08 not float-like, f18 nonzero, f18 not float-like, f20 nonzero, f20 not float-like, f68 nonzero, f68 not float-like, f70 nonzero, f70 not float-like, f78 nonzero, f78 not float-like, f58 nonzero, f58 not float-like, front metadata present, tail reference block present
negative = none

--- Candidate #46 ---
value_addr = 0x3BC00C67148
base_addr  = 0x3BC00C67120
f08 = 0x43C7FFFF
f18 = 0x4261E821
f20 = 0xC261E821
f28 = 0x42C80000 (100.0)
f58 = 0x00C670F0
f68 = 0xFFFFFFA6
f70 = 0x3BCCCCCD
f78 = 0x43200000
rank_position = 46
base_score = 40
prescore_score = 40
final_score = 28
total adjustment = -12
score = 28
hard_pass = true
flags = target_match, strong_front_block, strong_tail_block, object_like, template_clone_family
score_breakdown = +10 target_match; +2 f08_nonzero; +2 f08_not_floatlike; +2 f18_nonzero; +2 f18_not_floatlike; +2 f20_nonzero; +2 f20_not_floatlike; +2 f68_nonzero; +2 f68_not_floatlike; +2 f70_nonzero; +2 f70_not_floatlike; +2 f78_nonzero; +2 f78_not_floatlike; +3 f58_nonzero; +2 f58_not_floatlike; +1 legacy_pointer_balanced_compat; -12 clone_penalty
code_blob_score = 0
code_blob_penalty = 0
scalar_block_score = 5
scalar_block_penalty = 0
text_block_score = 0
text_block_penalty = 0
template_family_id = cls:XXXAXXD|layout:scattered|fptr:0|tptr:0|align:1|preg:1|dom:1|fns:0|tns:0|scalar:0|text:0|blob:0|mirror:0
clone_family_id = layout:scattered|fptr:0|tptr:0|align:1|preg:1|dom:1|fns:0|tns:0|scalar:0|text:0|blob:0|mirror:0
template_family_size = 15
clone_penalty = 12
mirrored_penalty = 0
pointer_reward = 0
strong_structure_bonus = 0
sparse_anchor_tail_penalty = 0
anchored_fragmented_split_penalty = 0
one_sided_anchorless_split_penalty = 0
anchorless_partial_split_penalty = 0
isolated_split_penalty = 0
pointer_alignment_count = 1
pointer_region_count = 1
pointer_fields = f58
pointer_cluster_count = 1
front_cluster_count = 0
tail_cluster_count = 1
front_non_singleton_cluster_count = 0
tail_non_singleton_cluster_count = 0
dominant_cluster_size = 1
cluster_layout = scattered
has_valid_anchor = true
dominant_cluster_covers_majority = false
isolated_split_like = false
tie_break_vector = final=28|family=15|pointer=0|isolated=0|blob=0|scalar=0|text=0|clone=12|mirror=0|neg=0|addr=0x3BC00C67148
rank_reason = family size 15 raised clone penalty on scattered pointer-poor family
positive = target value matches, f08 nonzero, f08 not float-like, f18 nonzero, f18 not float-like, f20 nonzero, f20 not float-like, f68 nonzero, f68 not float-like, f70 nonzero, f70 not float-like, f78 nonzero, f78 not float-like, f58 nonzero, f58 not float-like, front metadata present, tail reference block present
negative = none

--- Candidate #47 ---
value_addr = 0x3BC00C67268
base_addr  = 0x3BC00C67240
f08 = 0x43C7FFFF
f18 = 0x4261E821
f20 = 0xC261E821
f28 = 0x42C80000 (100.0)
f58 = 0x00C67210
f68 = 0xFFFFFFA6
f70 = 0x3BCCCCCD
f78 = 0x43200000
rank_position = 47
base_score = 40
prescore_score = 40
final_score = 28
total adjustment = -12
score = 28
hard_pass = true
flags = target_match, strong_front_block, strong_tail_block, object_like, template_clone_family
score_breakdown = +10 target_match; +2 f08_nonzero; +2 f08_not_floatlike; +2 f18_nonzero; +2 f18_not_floatlike; +2 f20_nonzero; +2 f20_not_floatlike; +2 f68_nonzero; +2 f68_not_floatlike; +2 f70_nonzero; +2 f70_not_floatlike; +2 f78_nonzero; +2 f78_not_floatlike; +3 f58_nonzero; +2 f58_not_floatlike; +1 legacy_pointer_balanced_compat; -12 clone_penalty
code_blob_score = 0
code_blob_penalty = 0
scalar_block_score = 5
scalar_block_penalty = 0
text_block_score = 0
text_block_penalty = 0
template_family_id = cls:XXXAXXD|layout:scattered|fptr:0|tptr:0|align:1|preg:1|dom:1|fns:0|tns:0|scalar:0|text:0|blob:0|mirror:0
clone_family_id = layout:scattered|fptr:0|tptr:0|align:1|preg:1|dom:1|fns:0|tns:0|scalar:0|text:0|blob:0|mirror:0
template_family_size = 15
clone_penalty = 12
mirrored_penalty = 0
pointer_reward = 0
strong_structure_bonus = 0
sparse_anchor_tail_penalty = 0
anchored_fragmented_split_penalty = 0
one_sided_anchorless_split_penalty = 0
anchorless_partial_split_penalty = 0
isolated_split_penalty = 0
pointer_alignment_count = 1
pointer_region_count = 1
pointer_fields = f58
pointer_cluster_count = 1
front_cluster_count = 0
tail_cluster_count = 1
front_non_singleton_cluster_count = 0
tail_non_singleton_cluster_count = 0
dominant_cluster_size = 1
cluster_layout = scattered
has_valid_anchor = true
dominant_cluster_covers_majority = false
isolated_split_like = false
tie_break_vector = final=28|family=15|pointer=0|isolated=0|blob=0|scalar=0|text=0|clone=12|mirror=0|neg=0|addr=0x3BC00C67268
rank_reason = family size 15 raised clone penalty on scattered pointer-poor family
positive = target value matches, f08 nonzero, f08 not float-like, f18 nonzero, f18 not float-like, f20 nonzero, f20 not float-like, f68 nonzero, f68 not float-like, f70 nonzero, f70 not float-like, f78 nonzero, f78 not float-like, f58 nonzero, f58 not float-like, front metadata present, tail reference block present
negative = none

--- Candidate #48 ---
value_addr = 0x3BC0228572C
base_addr  = 0x3BC02285704
f08 = 0x00000002
f18 = 0x022856B0
f20 = 0xC2C80000
f28 = 0x42C80000 (100.0)
f58 = 0xFD810000
f68 = 0x000000F2
f70 = 0xABABABAB
f78 = 0x000001B1
rank_position = 48
base_score = 40
prescore_score = 40
final_score = 28
total adjustment = -12
score = 28
hard_pass = true
flags = target_match, strong_front_block, strong_tail_block, object_like, template_clone_family
score_breakdown = +10 target_match; +2 f08_nonzero; +2 f08_not_floatlike; +2 f18_nonzero; +2 f18_not_floatlike; +2 f20_nonzero; +2 f20_not_floatlike; +2 f68_nonzero; +2 f68_not_floatlike; +2 f70_nonzero; +2 f70_not_floatlike; +2 f78_nonzero; +2 f78_not_floatlike; +3 f58_nonzero; +2 f58_not_floatlike; +1 legacy_pointer_balanced_compat; -12 clone_penalty
code_blob_score = 0
code_blob_penalty = 0
scalar_block_score = 5
scalar_block_penalty = 0
text_block_score = 0
text_block_penalty = 0
template_family_id = cls:SDDASXS|layout:scattered|fptr:0|tptr:0|align:1|preg:1|dom:1|fns:0|tns:0|scalar:0|text:0|blob:0|mirror:0
clone_family_id = layout:scattered|fptr:0|tptr:0|align:1|preg:1|dom:1|fns:0|tns:0|scalar:0|text:0|blob:0|mirror:0
template_family_size = 15
clone_penalty = 12
mirrored_penalty = 0
pointer_reward = 0
strong_structure_bonus = 0
sparse_anchor_tail_penalty = 0
anchored_fragmented_split_penalty = 0
one_sided_anchorless_split_penalty = 0
anchorless_partial_split_penalty = 0
isolated_split_penalty = 0
pointer_alignment_count = 1
pointer_region_count = 1
pointer_fields = f58
pointer_cluster_count = 2
front_cluster_count = 2
tail_cluster_count = 0
front_non_singleton_cluster_count = 0
tail_non_singleton_cluster_count = 0
dominant_cluster_size = 1
cluster_layout = scattered
has_valid_anchor = true
dominant_cluster_covers_majority = false
isolated_split_like = false
tie_break_vector = final=28|family=15|pointer=0|isolated=0|blob=0|scalar=0|text=0|clone=12|mirror=0|neg=0|addr=0x3BC0228572C
rank_reason = family size 15 raised clone penalty on scattered pointer-poor family
positive = target value matches, f08 nonzero, f08 not float-like, f18 nonzero, f18 not float-like, f20 nonzero, f20 not float-like, f68 nonzero, f68 not float-like, f70 nonzero, f70 not float-like, f78 nonzero, f78 not float-like, f58 nonzero, f58 not float-like, front metadata present, tail reference block present
negative = none

--- Candidate #49 ---
value_addr = 0x3BC026D42DC
base_addr  = 0x3BC026D42B4
f08 = 0x00000004
f18 = 0x026D4260
f20 = 0xC2480000
f28 = 0x42C80000 (100.0)
f58 = 0xE8970000
f68 = 0x00000032
f70 = 0xABABABAB
f78 = 0x00000025
rank_position = 49
base_score = 40
prescore_score = 40
final_score = 28
total adjustment = -12
score = 28
hard_pass = true
flags = target_match, strong_front_block, strong_tail_block, object_like, template_clone_family
score_breakdown = +10 target_match; +2 f08_nonzero; +2 f08_not_floatlike; +2 f18_nonzero; +2 f18_not_floatlike; +2 f20_nonzero; +2 f20_not_floatlike; +2 f68_nonzero; +2 f68_not_floatlike; +2 f70_nonzero; +2 f70_not_floatlike; +2 f78_nonzero; +2 f78_not_floatlike; +3 f58_nonzero; +2 f58_not_floatlike; +1 legacy_pointer_balanced_compat; -12 clone_penalty
code_blob_score = 0
code_blob_penalty = 0
scalar_block_score = 5
scalar_block_penalty = 0
text_block_score = 0
text_block_penalty = 0
template_family_id = cls:SDDASXS|layout:scattered|fptr:0|tptr:0|align:1|preg:1|dom:1|fns:0|tns:0|scalar:0|text:0|blob:0|mirror:0
clone_family_id = layout:scattered|fptr:0|tptr:0|align:1|preg:1|dom:1|fns:0|tns:0|scalar:0|text:0|blob:0|mirror:0
template_family_size = 15
clone_penalty = 12
mirrored_penalty = 0
pointer_reward = 0
strong_structure_bonus = 0
sparse_anchor_tail_penalty = 0
anchored_fragmented_split_penalty = 0
one_sided_anchorless_split_penalty = 0
anchorless_partial_split_penalty = 0
isolated_split_penalty = 0
pointer_alignment_count = 1
pointer_region_count = 1
pointer_fields = f58
pointer_cluster_count = 2
front_cluster_count = 2
tail_cluster_count = 0
front_non_singleton_cluster_count = 0
tail_non_singleton_cluster_count = 0
dominant_cluster_size = 1
cluster_layout = scattered
has_valid_anchor = true
dominant_cluster_covers_majority = false
isolated_split_like = false
tie_break_vector = final=28|family=15|pointer=0|isolated=0|blob=0|scalar=0|text=0|clone=12|mirror=0|neg=0|addr=0x3BC026D42DC
rank_reason = family size 15 raised clone penalty on scattered pointer-poor family
positive = target value matches, f08 nonzero, f08 not float-like, f18 nonzero, f18 not float-like, f20 nonzero, f20 not float-like, f68 nonzero, f68 not float-like, f70 nonzero, f70 not float-like, f78 nonzero, f78 not float-like, f58 nonzero, f58 not float-like, front metadata present, tail reference block present
negative = none

--- Candidate #50 ---
value_addr = 0x3BC02753B6C
base_addr  = 0x3BC02753B44
f08 = 0x00000002
f18 = 0x02753AF0
f20 = 0xC2C80000
f28 = 0x42C80000 (100.0)
f58 = 0xAAAA0000
f68 = 0x000000F2
f70 = 0xABABABAB
f78 = 0x000001B1
rank_position = 50
base_score = 40
prescore_score = 40
final_score = 28
total adjustment = -12
score = 28
hard_pass = true
flags = target_match, strong_front_block, strong_tail_block, object_like, template_clone_family
score_breakdown = +10 target_match; +2 f08_nonzero; +2 f08_not_floatlike; +2 f18_nonzero; +2 f18_not_floatlike; +2 f20_nonzero; +2 f20_not_floatlike; +2 f68_nonzero; +2 f68_not_floatlike; +2 f70_nonzero; +2 f70_not_floatlike; +2 f78_nonzero; +2 f78_not_floatlike; +3 f58_nonzero; +2 f58_not_floatlike; +1 legacy_pointer_balanced_compat; -12 clone_penalty
code_blob_score = 0
code_blob_penalty = 0
scalar_block_score = 5
scalar_block_penalty = 0
text_block_score = 0
text_block_penalty = 0
template_family_id = cls:SDDASXS|layout:scattered|fptr:0|tptr:0|align:1|preg:1|dom:1|fns:0|tns:0|scalar:0|text:0|blob:0|mirror:0
clone_family_id = layout:scattered|fptr:0|tptr:0|align:1|preg:1|dom:1|fns:0|tns:0|scalar:0|text:0|blob:0|mirror:0
template_family_size = 15
clone_penalty = 12
mirrored_penalty = 0
pointer_reward = 0
strong_structure_bonus = 0
sparse_anchor_tail_penalty = 0
anchored_fragmented_split_penalty = 0
one_sided_anchorless_split_penalty = 0
anchorless_partial_split_penalty = 0
isolated_split_penalty = 0
pointer_alignment_count = 1
pointer_region_count = 1
pointer_fields = f58
pointer_cluster_count = 2
front_cluster_count = 2
tail_cluster_count = 0
front_non_singleton_cluster_count = 0
tail_non_singleton_cluster_count = 0
dominant_cluster_size = 1
cluster_layout = scattered
has_valid_anchor = true
dominant_cluster_covers_majority = false
isolated_split_like = false
tie_break_vector = final=28|family=15|pointer=0|isolated=0|blob=0|scalar=0|text=0|clone=12|mirror=0|neg=0|addr=0x3BC02753B6C
rank_reason = family size 15 raised clone penalty on scattered pointer-poor family
positive = target value matches, f08 nonzero, f08 not float-like, f18 nonzero, f18 not float-like, f20 nonzero, f20 not float-like, f68 nonzero, f68 not float-like, f70 nonzero, f70 not float-like, f78 nonzero, f78 not float-like, f58 nonzero, f58 not float-like, front metadata present, tail reference block present
negative = none

--- Candidate #51 ---
value_addr = 0x3BC0275522C
base_addr  = 0x3BC02755204
f08 = 0x00000004
f18 = 0x027551B0
f20 = 0xC2480000
f28 = 0x42C80000 (100.0)
f58 = 0xAAAA0000
f68 = 0x000000F2
f70 = 0xABABABAB
f78 = 0x000001B1
rank_position = 51
base_score = 40
prescore_score = 40
final_score = 28
total adjustment = -12
score = 28
hard_pass = true
flags = target_match, strong_front_block, strong_tail_block, object_like, template_clone_family
score_breakdown = +10 target_match; +2 f08_nonzero; +2 f08_not_floatlike; +2 f18_nonzero; +2 f18_not_floatlike; +2 f20_nonzero; +2 f20_not_floatlike; +2 f68_nonzero; +2 f68_not_floatlike; +2 f70_nonzero; +2 f70_not_floatlike; +2 f78_nonzero; +2 f78_not_floatlike; +3 f58_nonzero; +2 f58_not_floatlike; +1 legacy_pointer_balanced_compat; -12 clone_penalty
code_blob_score = 0
code_blob_penalty = 0
scalar_block_score = 5
scalar_block_penalty = 0
text_block_score = 0
text_block_penalty = 0
template_family_id = cls:SDDASXS|layout:scattered|fptr:0|tptr:0|align:1|preg:1|dom:1|fns:0|tns:0|scalar:0|text:0|blob:0|mirror:0
clone_family_id = layout:scattered|fptr:0|tptr:0|align:1|preg:1|dom:1|fns:0|tns:0|scalar:0|text:0|blob:0|mirror:0
template_family_size = 15
clone_penalty = 12
mirrored_penalty = 0
pointer_reward = 0
strong_structure_bonus = 0
sparse_anchor_tail_penalty = 0
anchored_fragmented_split_penalty = 0
one_sided_anchorless_split_penalty = 0
anchorless_partial_split_penalty = 0
isolated_split_penalty = 0
pointer_alignment_count = 1
pointer_region_count = 1
pointer_fields = f58
pointer_cluster_count = 2
front_cluster_count = 2
tail_cluster_count = 0
front_non_singleton_cluster_count = 0
tail_non_singleton_cluster_count = 0
dominant_cluster_size = 1
cluster_layout = scattered
has_valid_anchor = true
dominant_cluster_covers_majority = false
isolated_split_like = false
tie_break_vector = final=28|family=15|pointer=0|isolated=0|blob=0|scalar=0|text=0|clone=12|mirror=0|neg=0|addr=0x3BC0275522C
rank_reason = family size 15 raised clone penalty on scattered pointer-poor family
positive = target value matches, f08 nonzero, f08 not float-like, f18 nonzero, f18 not float-like, f20 nonzero, f20 not float-like, f68 nonzero, f68 not float-like, f70 nonzero, f70 not float-like, f78 nonzero, f78 not float-like, f58 nonzero, f58 not float-like, front metadata present, tail reference block present
negative = none

--- Candidate #52 ---
value_addr = 0x3BC02D4F56C
base_addr  = 0x3BC02D4F544
f08 = 0x00000002
f18 = 0x02D4F4F0
f20 = 0xC2C80000
f28 = 0x42C80000 (100.0)
f58 = 0x0FAF0000
f68 = 0x000000F2
f70 = 0xABABABAB
f78 = 0x000001B1
rank_position = 52
base_score = 40
prescore_score = 40
final_score = 28
total adjustment = -12
score = 28
hard_pass = true
flags = target_match, strong_front_block, strong_tail_block, object_like, template_clone_family
score_breakdown = +10 target_match; +2 f08_nonzero; +2 f08_not_floatlike; +2 f18_nonzero; +2 f18_not_floatlike; +2 f20_nonzero; +2 f20_not_floatlike; +2 f68_nonzero; +2 f68_not_floatlike; +2 f70_nonzero; +2 f70_not_floatlike; +2 f78_nonzero; +2 f78_not_floatlike; +3 f58_nonzero; +2 f58_not_floatlike; +1 legacy_pointer_balanced_compat; -12 clone_penalty
code_blob_score = 0
code_blob_penalty = 0
scalar_block_score = 5
scalar_block_penalty = 0
text_block_score = 0
text_block_penalty = 0
template_family_id = cls:SDDASXS|layout:scattered|fptr:0|tptr:0|align:1|preg:1|dom:1|fns:0|tns:0|scalar:0|text:0|blob:0|mirror:0
clone_family_id = layout:scattered|fptr:0|tptr:0|align:1|preg:1|dom:1|fns:0|tns:0|scalar:0|text:0|blob:0|mirror:0
template_family_size = 15
clone_penalty = 12
mirrored_penalty = 0
pointer_reward = 0
strong_structure_bonus = 0
sparse_anchor_tail_penalty = 0
anchored_fragmented_split_penalty = 0
one_sided_anchorless_split_penalty = 0
anchorless_partial_split_penalty = 0
isolated_split_penalty = 0
pointer_alignment_count = 1
pointer_region_count = 1
pointer_fields = f58
pointer_cluster_count = 2
front_cluster_count = 2
tail_cluster_count = 0
front_non_singleton_cluster_count = 0
tail_non_singleton_cluster_count = 0
dominant_cluster_size = 1
cluster_layout = scattered
has_valid_anchor = true
dominant_cluster_covers_majority = false
isolated_split_like = false
tie_break_vector = final=28|family=15|pointer=0|isolated=0|blob=0|scalar=0|text=0|clone=12|mirror=0|neg=0|addr=0x3BC02D4F56C
rank_reason = family size 15 raised clone penalty on scattered pointer-poor family
positive = target value matches, f08 nonzero, f08 not float-like, f18 nonzero, f18 not float-like, f20 nonzero, f20 not float-like, f68 nonzero, f68 not float-like, f70 nonzero, f70 not float-like, f78 nonzero, f78 not float-like, f58 nonzero, f58 not float-like, front metadata present, tail reference block present
negative = none

--- Candidate #53 ---
value_addr = 0x3BC02D5312C
base_addr  = 0x3BC02D53104
f08 = 0x00000002
f18 = 0x02D530B0
f20 = 0xC2C80000
f28 = 0x42C80000 (100.0)
f58 = 0xAAAA0000
f68 = 0x000000F2
f70 = 0xABABABAB
f78 = 0x000001B1
rank_position = 53
base_score = 40
prescore_score = 40
final_score = 28
total adjustment = -12
score = 28
hard_pass = true
flags = target_match, strong_front_block, strong_tail_block, object_like, template_clone_family
score_breakdown = +10 target_match; +2 f08_nonzero; +2 f08_not_floatlike; +2 f18_nonzero; +2 f18_not_floatlike; +2 f20_nonzero; +2 f20_not_floatlike; +2 f68_nonzero; +2 f68_not_floatlike; +2 f70_nonzero; +2 f70_not_floatlike; +2 f78_nonzero; +2 f78_not_floatlike; +3 f58_nonzero; +2 f58_not_floatlike; +1 legacy_pointer_balanced_compat; -12 clone_penalty
code_blob_score = 0
code_blob_penalty = 0
scalar_block_score = 5
scalar_block_penalty = 0
text_block_score = 0
text_block_penalty = 0
template_family_id = cls:SDDASXS|layout:scattered|fptr:0|tptr:0|align:1|preg:1|dom:1|fns:0|tns:0|scalar:0|text:0|blob:0|mirror:0
clone_family_id = layout:scattered|fptr:0|tptr:0|align:1|preg:1|dom:1|fns:0|tns:0|scalar:0|text:0|blob:0|mirror:0
template_family_size = 15
clone_penalty = 12
mirrored_penalty = 0
pointer_reward = 0
strong_structure_bonus = 0
sparse_anchor_tail_penalty = 0
anchored_fragmented_split_penalty = 0
one_sided_anchorless_split_penalty = 0
anchorless_partial_split_penalty = 0
isolated_split_penalty = 0
pointer_alignment_count = 1
pointer_region_count = 1
pointer_fields = f58
pointer_cluster_count = 2
front_cluster_count = 2
tail_cluster_count = 0
front_non_singleton_cluster_count = 0
tail_non_singleton_cluster_count = 0
dominant_cluster_size = 1
cluster_layout = scattered
has_valid_anchor = true
dominant_cluster_covers_majority = false
isolated_split_like = false
tie_break_vector = final=28|family=15|pointer=0|isolated=0|blob=0|scalar=0|text=0|clone=12|mirror=0|neg=0|addr=0x3BC02D5312C
rank_reason = family size 15 raised clone penalty on scattered pointer-poor family
positive = target value matches, f08 nonzero, f08 not float-like, f18 nonzero, f18 not float-like, f20 nonzero, f20 not float-like, f68 nonzero, f68 not float-like, f70 nonzero, f70 not float-like, f78 nonzero, f78 not float-like, f58 nonzero, f58 not float-like, front metadata present, tail reference block present
negative = none

--- Candidate #54 ---
value_addr = 0x3BC02D574AC
base_addr  = 0x3BC02D57484
f08 = 0x00000004
f18 = 0x02D57430
f20 = 0xC2480000
f28 = 0x42C80000 (100.0)
f58 = 0x552A0000
f68 = 0x00000032
f70 = 0xABABABAB
f78 = 0x00000025
rank_position = 54
base_score = 40
prescore_score = 40
final_score = 28
total adjustment = -12
score = 28
hard_pass = true
flags = target_match, strong_front_block, strong_tail_block, object_like, template_clone_family
score_breakdown = +10 target_match; +2 f08_nonzero; +2 f08_not_floatlike; +2 f18_nonzero; +2 f18_not_floatlike; +2 f20_nonzero; +2 f20_not_floatlike; +2 f68_nonzero; +2 f68_not_floatlike; +2 f70_nonzero; +2 f70_not_floatlike; +2 f78_nonzero; +2 f78_not_floatlike; +3 f58_nonzero; +2 f58_not_floatlike; +1 legacy_pointer_balanced_compat; -12 clone_penalty
code_blob_score = 0
code_blob_penalty = 0
scalar_block_score = 5
scalar_block_penalty = 0
text_block_score = 0
text_block_penalty = 0
template_family_id = cls:SDDASXS|layout:scattered|fptr:0|tptr:0|align:1|preg:1|dom:1|fns:0|tns:0|scalar:0|text:0|blob:0|mirror:0
clone_family_id = layout:scattered|fptr:0|tptr:0|align:1|preg:1|dom:1|fns:0|tns:0|scalar:0|text:0|blob:0|mirror:0
template_family_size = 15
clone_penalty = 12
mirrored_penalty = 0
pointer_reward = 0
strong_structure_bonus = 0
sparse_anchor_tail_penalty = 0
anchored_fragmented_split_penalty = 0
one_sided_anchorless_split_penalty = 0
anchorless_partial_split_penalty = 0
isolated_split_penalty = 0
pointer_alignment_count = 1
pointer_region_count = 1
pointer_fields = f58
pointer_cluster_count = 2
front_cluster_count = 2
tail_cluster_count = 0
front_non_singleton_cluster_count = 0
tail_non_singleton_cluster_count = 0
dominant_cluster_size = 1
cluster_layout = scattered
has_valid_anchor = true
dominant_cluster_covers_majority = false
isolated_split_like = false
tie_break_vector = final=28|family=15|pointer=0|isolated=0|blob=0|scalar=0|text=0|clone=12|mirror=0|neg=0|addr=0x3BC02D574AC
rank_reason = family size 15 raised clone penalty on scattered pointer-poor family
positive = target value matches, f08 nonzero, f08 not float-like, f18 nonzero, f18 not float-like, f20 nonzero, f20 not float-like, f68 nonzero, f68 not float-like, f70 nonzero, f70 not float-like, f78 nonzero, f78 not float-like, f58 nonzero, f58 not float-like, front metadata present, tail reference block present
negative = none

--- Candidate #55 ---
value_addr = 0x3BC030CA53C
base_addr  = 0x3BC030CA514
f08 = 0x00000002
f18 = 0x030CA4C0
f20 = 0xC2C80000
f28 = 0x42C80000 (100.0)
f58 = 0xAAAA0000
f68 = 0x000000F2
f70 = 0xABABABAB
f78 = 0x000001B1
rank_position = 55
base_score = 40
prescore_score = 40
final_score = 28
total adjustment = -12
score = 28
hard_pass = true
flags = target_match, strong_front_block, strong_tail_block, object_like, template_clone_family
score_breakdown = +10 target_match; +2 f08_nonzero; +2 f08_not_floatlike; +2 f18_nonzero; +2 f18_not_floatlike; +2 f20_nonzero; +2 f20_not_floatlike; +2 f68_nonzero; +2 f68_not_floatlike; +2 f70_nonzero; +2 f70_not_floatlike; +2 f78_nonzero; +2 f78_not_floatlike; +3 f58_nonzero; +2 f58_not_floatlike; +1 legacy_pointer_balanced_compat; -12 clone_penalty
code_blob_score = 0
code_blob_penalty = 0
scalar_block_score = 5
scalar_block_penalty = 0
text_block_score = 0
text_block_penalty = 0
template_family_id = cls:SDDASXS|layout:scattered|fptr:0|tptr:0|align:1|preg:1|dom:1|fns:0|tns:0|scalar:0|text:0|blob:0|mirror:0
clone_family_id = layout:scattered|fptr:0|tptr:0|align:1|preg:1|dom:1|fns:0|tns:0|scalar:0|text:0|blob:0|mirror:0
template_family_size = 15
clone_penalty = 12
mirrored_penalty = 0
pointer_reward = 0
strong_structure_bonus = 0
sparse_anchor_tail_penalty = 0
anchored_fragmented_split_penalty = 0
one_sided_anchorless_split_penalty = 0
anchorless_partial_split_penalty = 0
isolated_split_penalty = 0
pointer_alignment_count = 1
pointer_region_count = 1
pointer_fields = f58
pointer_cluster_count = 2
front_cluster_count = 2
tail_cluster_count = 0
front_non_singleton_cluster_count = 0
tail_non_singleton_cluster_count = 0
dominant_cluster_size = 1
cluster_layout = scattered
has_valid_anchor = true
dominant_cluster_covers_majority = false
isolated_split_like = false
tie_break_vector = final=28|family=15|pointer=0|isolated=0|blob=0|scalar=0|text=0|clone=12|mirror=0|neg=0|addr=0x3BC030CA53C
rank_reason = family size 15 raised clone penalty on scattered pointer-poor family
positive = target value matches, f08 nonzero, f08 not float-like, f18 nonzero, f18 not float-like, f20 nonzero, f20 not float-like, f68 nonzero, f68 not float-like, f70 nonzero, f70 not float-like, f78 nonzero, f78 not float-like, f58 nonzero, f58 not float-like, front metadata present, tail reference block present
negative = none

--- Candidate #56 ---
value_addr = 0x3BC042BEE7C
base_addr  = 0x3BC042BEE54
f08 = 0x00000002
f18 = 0x042BEE00
f20 = 0xC2C80000
f28 = 0x42C80000 (100.0)
f58 = 0x00790000
f68 = 0x000000F2
f70 = 0xABABABAB
f78 = 0x000001B1
rank_position = 56
base_score = 40
prescore_score = 40
final_score = 28
total adjustment = -12
score = 28
hard_pass = true
flags = target_match, strong_front_block, strong_tail_block, object_like, template_clone_family
score_breakdown = +10 target_match; +2 f08_nonzero; +2 f08_not_floatlike; +2 f18_nonzero; +2 f18_not_floatlike; +2 f20_nonzero; +2 f20_not_floatlike; +2 f68_nonzero; +2 f68_not_floatlike; +2 f70_nonzero; +2 f70_not_floatlike; +2 f78_nonzero; +2 f78_not_floatlike; +3 f58_nonzero; +2 f58_not_floatlike; +1 legacy_pointer_balanced_compat; -12 clone_penalty
code_blob_score = 0
code_blob_penalty = 0
scalar_block_score = 5
scalar_block_penalty = 0
text_block_score = 0
text_block_penalty = 0
template_family_id = cls:SDDASXS|layout:scattered|fptr:0|tptr:0|align:1|preg:1|dom:1|fns:0|tns:0|scalar:0|text:0|blob:0|mirror:0
clone_family_id = layout:scattered|fptr:0|tptr:0|align:1|preg:1|dom:1|fns:0|tns:0|scalar:0|text:0|blob:0|mirror:0
template_family_size = 15
clone_penalty = 12
mirrored_penalty = 0
pointer_reward = 0
strong_structure_bonus = 0
sparse_anchor_tail_penalty = 0
anchored_fragmented_split_penalty = 0
one_sided_anchorless_split_penalty = 0
anchorless_partial_split_penalty = 0
isolated_split_penalty = 0
pointer_alignment_count = 1
pointer_region_count = 1
pointer_fields = f58
pointer_cluster_count = 2
front_cluster_count = 2
tail_cluster_count = 0
front_non_singleton_cluster_count = 0
tail_non_singleton_cluster_count = 0
dominant_cluster_size = 1
cluster_layout = scattered
has_valid_anchor = true
dominant_cluster_covers_majority = false
isolated_split_like = false
tie_break_vector = final=28|family=15|pointer=0|isolated=0|blob=0|scalar=0|text=0|clone=12|mirror=0|neg=0|addr=0x3BC042BEE7C
rank_reason = family size 15 raised clone penalty on scattered pointer-poor family
positive = target value matches, f08 nonzero, f08 not float-like, f18 nonzero, f18 not float-like, f20 nonzero, f20 not float-like, f68 nonzero, f68 not float-like, f70 nonzero, f70 not float-like, f78 nonzero, f78 not float-like, f58 nonzero, f58 not float-like, front metadata present, tail reference block present
negative = none

--- Candidate #57 ---
value_addr = 0x3BC042C984C
base_addr  = 0x3BC042C9824
f08 = 0x00000002
f18 = 0x042C97D0
f20 = 0xC2C80000
f28 = 0x42C80000 (100.0)
f58 = 0x20200000
f68 = 0x000000F2
f70 = 0xABABABAB
f78 = 0x000001B1
rank_position = 57
base_score = 40
prescore_score = 40
final_score = 28
total adjustment = -12
score = 28
hard_pass = true
flags = target_match, strong_front_block, strong_tail_block, object_like, template_clone_family
score_breakdown = +10 target_match; +2 f08_nonzero; +2 f08_not_floatlike; +2 f18_nonzero; +2 f18_not_floatlike; +2 f20_nonzero; +2 f20_not_floatlike; +2 f68_nonzero; +2 f68_not_floatlike; +2 f70_nonzero; +2 f70_not_floatlike; +2 f78_nonzero; +2 f78_not_floatlike; +3 f58_nonzero; +2 f58_not_floatlike; +1 legacy_pointer_balanced_compat; -12 clone_penalty
code_blob_score = 0
code_blob_penalty = 0
scalar_block_score = 5
scalar_block_penalty = 0
text_block_score = 0
text_block_penalty = 0
template_family_id = cls:SDDASXS|layout:scattered|fptr:0|tptr:0|align:1|preg:1|dom:1|fns:0|tns:0|scalar:0|text:0|blob:0|mirror:0
clone_family_id = layout:scattered|fptr:0|tptr:0|align:1|preg:1|dom:1|fns:0|tns:0|scalar:0|text:0|blob:0|mirror:0
template_family_size = 15
clone_penalty = 12
mirrored_penalty = 0
pointer_reward = 0
strong_structure_bonus = 0
sparse_anchor_tail_penalty = 0
anchored_fragmented_split_penalty = 0
one_sided_anchorless_split_penalty = 0
anchorless_partial_split_penalty = 0
isolated_split_penalty = 0
pointer_alignment_count = 1
pointer_region_count = 1
pointer_fields = f58
pointer_cluster_count = 2
front_cluster_count = 2
tail_cluster_count = 0
front_non_singleton_cluster_count = 0
tail_non_singleton_cluster_count = 0
dominant_cluster_size = 1
cluster_layout = scattered
has_valid_anchor = true
dominant_cluster_covers_majority = false
isolated_split_like = false
tie_break_vector = final=28|family=15|pointer=0|isolated=0|blob=0|scalar=0|text=0|clone=12|mirror=0|neg=0|addr=0x3BC042C984C
rank_reason = family size 15 raised clone penalty on scattered pointer-poor family
positive = target value matches, f08 nonzero, f08 not float-like, f18 nonzero, f18 not float-like, f20 nonzero, f20 not float-like, f68 nonzero, f68 not float-like, f70 nonzero, f70 not float-like, f78 nonzero, f78 not float-like, f58 nonzero, f58 not float-like, front metadata present, tail reference block present
negative = none

--- Candidate #58 ---
value_addr = 0x3BC0659BD7C
base_addr  = 0x3BC0659BD54
f08 = 0x00000002
f18 = 0x0659BD00
f20 = 0xC2480000
f28 = 0x42C80000 (100.0)
f58 = 0x042B0000
f68 = 0x000000F3
f70 = 0xABABABAB
f78 = 0x000001B1
rank_position = 58
base_score = 40
prescore_score = 40
final_score = 28
total adjustment = -12
score = 28
hard_pass = true
flags = target_match, strong_front_block, strong_tail_block, object_like, template_clone_family
score_breakdown = +10 target_match; +2 f08_nonzero; +2 f08_not_floatlike; +2 f18_nonzero; +2 f18_not_floatlike; +2 f20_nonzero; +2 f20_not_floatlike; +2 f68_nonzero; +2 f68_not_floatlike; +2 f70_nonzero; +2 f70_not_floatlike; +2 f78_nonzero; +2 f78_not_floatlike; +3 f58_nonzero; +2 f58_not_floatlike; +1 legacy_pointer_balanced_compat; -12 clone_penalty
code_blob_score = 0
code_blob_penalty = 0
scalar_block_score = 5
scalar_block_penalty = 0
text_block_score = 0
text_block_penalty = 0
template_family_id = cls:SDDASXS|layout:scattered|fptr:0|tptr:0|align:1|preg:1|dom:1|fns:0|tns:0|scalar:0|text:0|blob:0|mirror:0
clone_family_id = layout:scattered|fptr:0|tptr:0|align:1|preg:1|dom:1|fns:0|tns:0|scalar:0|text:0|blob:0|mirror:0
template_family_size = 15
clone_penalty = 12
mirrored_penalty = 0
pointer_reward = 0
strong_structure_bonus = 0
sparse_anchor_tail_penalty = 0
anchored_fragmented_split_penalty = 0
one_sided_anchorless_split_penalty = 0
anchorless_partial_split_penalty = 0
isolated_split_penalty = 0
pointer_alignment_count = 1
pointer_region_count = 1
pointer_fields = f58
pointer_cluster_count = 2
front_cluster_count = 2
tail_cluster_count = 0
front_non_singleton_cluster_count = 0
tail_non_singleton_cluster_count = 0
dominant_cluster_size = 1
cluster_layout = scattered
has_valid_anchor = true
dominant_cluster_covers_majority = false
isolated_split_like = false
tie_break_vector = final=28|family=15|pointer=0|isolated=0|blob=0|scalar=0|text=0|clone=12|mirror=0|neg=0|addr=0x3BC0659BD7C
rank_reason = family size 15 raised clone penalty on scattered pointer-poor family
positive = target value matches, f08 nonzero, f08 not float-like, f18 nonzero, f18 not float-like, f20 nonzero, f20 not float-like, f68 nonzero, f68 not float-like, f70 nonzero, f70 not float-like, f78 nonzero, f78 not float-like, f58 nonzero, f58 not float-like, front metadata present, tail reference block present
negative = none

--- Candidate #59 ---
value_addr = 0x3B80957B9FC
base_addr  = 0x3B80957B9D4
f08 = 0x80000043
f18 = 0xB441713F
f20 = 0x00430026
f28 = 0x42C80000 (100.0)
f58 = 0x02360002
f68 = 0x6A044100
f70 = 0x20400468
f78 = 0x07230121
rank_position = 59
base_score = 40
prescore_score = 40
final_score = 27
total adjustment = -13
score = 27
hard_pass = true
flags = target_match, strong_front_block, strong_tail_block, object_like, text_block_like, template_clone_family
score_breakdown = +10 target_match; +2 f08_nonzero; +2 f08_not_floatlike; +2 f18_nonzero; +2 f18_not_floatlike; +2 f20_nonzero; +2 f20_not_floatlike; +2 f68_nonzero; +2 f68_not_floatlike; +2 f70_nonzero; +2 f70_not_floatlike; +2 f78_nonzero; +2 f78_not_floatlike; +3 f58_nonzero; +2 f58_not_floatlike; +1 legacy_pointer_balanced_compat; -6 text_block_penalty; -7 clone_penalty
code_blob_score = 0
code_blob_penalty = 0
scalar_block_score = 3
scalar_block_penalty = 0
text_block_score = 11
text_block_penalty = 6
template_family_id = cls:XXXXDDX|layout:scattered|fptr:0|tptr:0|align:0|preg:0|dom:1|fns:0|tns:0|scalar:0|text:medium|blob:0|mirror:0
clone_family_id = layout:scattered|fptr:0|tptr:0|align:0|preg:0|dom:1|fns:0|tns:0|scalar:0|text:medium|blob:0|mirror:0
template_family_size = 2
clone_penalty = 7
mirrored_penalty = 0
pointer_reward = 0
strong_structure_bonus = 0
sparse_anchor_tail_penalty = 0
anchored_fragmented_split_penalty = 0
one_sided_anchorless_split_penalty = 0
anchorless_partial_split_penalty = 0
isolated_split_penalty = 0
pointer_alignment_count = 0
pointer_region_count = 0
pointer_fields = none
pointer_cluster_count = 2
front_cluster_count = 0
tail_cluster_count = 2
front_non_singleton_cluster_count = 0
tail_non_singleton_cluster_count = 0
dominant_cluster_size = 1
cluster_layout = scattered
has_valid_anchor = false
dominant_cluster_covers_majority = false
isolated_split_like = false
tie_break_vector = final=27|family=2|pointer=0|isolated=0|blob=0|scalar=0|text=6|clone=7|mirror=0|neg=0|addr=0x3B80957B9FC
rank_reason = text penalty fired on little-endian ASCII/UTF16-like chunks; family size 2 raised clone penalty on scattered pointer-poor family
positive = target value matches, f08 nonzero, f08 not float-like, f18 nonzero, f18 not float-like, f20 nonzero, f20 not float-like, f68 nonzero, f68 not float-like, f70 nonzero, f70 not float-like, f78 nonzero, f78 not float-like, f58 nonzero, f58 not float-like, front metadata present, tail reference block present
negative = none

--- Candidate #60 ---
value_addr = 0x3B80A04D864
base_addr  = 0x3B80A04D83C
f08 = 0x00226A3C
f18 = 0x36080228
f20 = 0x226A0C41
f28 = 0x42C80000 (100.0)
f58 = 0x08022802
f68 = 0x2004DCBF
f70 = 0x02370002
f78 = 0x08022801
rank_position = 60
base_score = 40
prescore_score = 40
final_score = 27
total adjustment = -13
score = 27
hard_pass = true
flags = target_match, strong_front_block, strong_tail_block, object_like, text_block_like, template_clone_family
score_breakdown = +10 target_match; +2 f08_nonzero; +2 f08_not_floatlike; +2 f18_nonzero; +2 f18_not_floatlike; +2 f20_nonzero; +2 f20_not_floatlike; +2 f68_nonzero; +2 f68_not_floatlike; +2 f70_nonzero; +2 f70_not_floatlike; +2 f78_nonzero; +2 f78_not_floatlike; +3 f58_nonzero; +2 f58_not_floatlike; +1 legacy_pointer_balanced_compat; -6 text_block_penalty; -7 clone_penalty
code_blob_score = 0
code_blob_penalty = 0
scalar_block_score = 5
scalar_block_penalty = 0
text_block_score = 11
text_block_penalty = 6
template_family_id = cls:DDXXXXX|layout:scattered|fptr:0|tptr:0|align:0|preg:0|dom:1|fns:0|tns:0|scalar:0|text:medium|blob:0|mirror:0
clone_family_id = layout:scattered|fptr:0|tptr:0|align:0|preg:0|dom:1|fns:0|tns:0|scalar:0|text:medium|blob:0|mirror:0
template_family_size = 2
clone_penalty = 7
mirrored_penalty = 0
pointer_reward = 0
strong_structure_bonus = 0
sparse_anchor_tail_penalty = 0
anchored_fragmented_split_penalty = 0
one_sided_anchorless_split_penalty = 0
anchorless_partial_split_penalty = 0
isolated_split_penalty = 0
pointer_alignment_count = 0
pointer_region_count = 0
pointer_fields = none
pointer_cluster_count = 2
front_cluster_count = 2
tail_cluster_count = 0
front_non_singleton_cluster_count = 0
tail_non_singleton_cluster_count = 0
dominant_cluster_size = 1
cluster_layout = scattered
has_valid_anchor = false
dominant_cluster_covers_majority = false
isolated_split_like = false
tie_break_vector = final=27|family=2|pointer=0|isolated=0|blob=0|scalar=0|text=6|clone=7|mirror=0|neg=0|addr=0x3B80A04D864
rank_reason = text penalty fired on little-endian ASCII/UTF16-like chunks; family size 2 raised clone penalty on scattered pointer-poor family
positive = target value matches, f08 nonzero, f08 not float-like, f18 nonzero, f18 not float-like, f20 nonzero, f20 not float-like, f68 nonzero, f68 not float-like, f70 nonzero, f70 not float-like, f78 nonzero, f78 not float-like, f58 nonzero, f58 not float-like, front metadata present, tail reference block present
negative = none

--- Candidate #61 ---
value_addr = 0x3B80920B4B8
base_addr  = 0x3B80920B490
f08 = 0x03200500
f18 = 0x2200022A
f20 = 0x215D0000
f28 = 0x42C80000 (100.0)
f58 = 0x5D41A000
f68 = 0x9C400043
f70 = 0x02200120
f78 = 0x0541A000
rank_position = 61
base_score = 40
prescore_score = 40
final_score = 27
total adjustment = -13
score = 27
hard_pass = true
flags = target_match, strong_front_block, strong_tail_block, object_like, anchored_fragmented_split_like, template_clone_family
score_breakdown = +10 target_match; +2 f08_nonzero; +2 f08_not_floatlike; +2 f18_nonzero; +2 f18_not_floatlike; +2 f20_nonzero; +2 f20_not_floatlike; +2 f68_nonzero; +2 f68_not_floatlike; +2 f70_nonzero; +2 f70_not_floatlike; +2 f78_nonzero; +2 f78_not_floatlike; +3 f58_nonzero; +2 f58_not_floatlike; +1 legacy_pointer_balanced_compat; -3 anchored_fragmented_split_penalty; -10 clone_penalty
code_blob_score = 0
code_blob_penalty = 0
scalar_block_score = 0
scalar_block_penalty = 0
text_block_score = 0
text_block_penalty = 0
template_family_id = cls:PXDAXPD|layout:front_tail_split|fptr:1|tptr:1|align:3+|preg:3+|dom:1|fns:0|tns:0|scalar:0|text:0|blob:0|mirror:0
clone_family_id = layout:front_tail_split|fptr:1|tptr:1|align:3+|preg:3+|dom:1|fns:0|tns:0|scalar:0|text:0|blob:0|mirror:0
template_family_size = 9
clone_penalty = 10
mirrored_penalty = 0
pointer_reward = 0
strong_structure_bonus = 0
sparse_anchor_tail_penalty = 0
anchored_fragmented_split_penalty = 3
one_sided_anchorless_split_penalty = 0
anchorless_partial_split_penalty = 0
isolated_split_penalty = 0
pointer_alignment_count = 3
pointer_region_count = 3
pointer_fields = f08, f58, f70
pointer_cluster_count = 4
front_cluster_count = 2
tail_cluster_count = 2
front_non_singleton_cluster_count = 0
tail_non_singleton_cluster_count = 0
dominant_cluster_size = 1
cluster_layout = front_tail_split
has_valid_anchor = true
dominant_cluster_covers_majority = false
isolated_split_like = false
tie_break_vector = final=27|family=9|pointer=0|isolated=0|blob=0|scalar=0|text=0|clone=10|mirror=0|neg=0|addr=0x3B80920B4B8
rank_reason = anchored fragmented split penalty fired on singleton-only split layout despite valid anchor; family size 9 raised clone penalty
positive = target value matches, f08 nonzero, f08 not float-like, f18 nonzero, f18 not float-like, f20 nonzero, f20 not float-like, f68 nonzero, f68 not float-like, f70 nonzero, f70 not float-like, f78 nonzero, f78 not float-like, f58 nonzero, f58 not float-like, front metadata present, tail reference block present
negative = none

--- Candidate #62 ---
value_addr = 0x3B809655100
base_addr  = 0x3B8096550D8
f08 = 0x21000228
f18 = 0x01F5D1DC
f20 = 0x0043559D
f28 = 0x42C80000 (100.0)
f58 = 0x022801E4
f68 = 0x87417100
f70 = 0x04200007
f78 = 0x41042000
rank_position = 62
base_score = 40
prescore_score = 40
final_score = 27
total adjustment = -13
score = 27
hard_pass = true
flags = target_match, strong_front_block, strong_tail_block, object_like, anchored_fragmented_split_like, template_clone_family
score_breakdown = +10 target_match; +2 f08_nonzero; +2 f08_not_floatlike; +2 f18_nonzero; +2 f18_not_floatlike; +2 f20_nonzero; +2 f20_not_floatlike; +2 f68_nonzero; +2 f68_not_floatlike; +2 f70_nonzero; +2 f70_not_floatlike; +2 f78_nonzero; +2 f78_not_floatlike; +3 f58_nonzero; +2 f58_not_floatlike; +1 legacy_pointer_balanced_compat; -3 anchored_fragmented_split_penalty; -10 clone_penalty
code_blob_score = 0
code_blob_penalty = 0
scalar_block_score = 2
scalar_block_penalty = 0
text_block_score = 0
text_block_penalty = 0
template_family_id = cls:PDXAPXD|layout:front_tail_split|fptr:1|tptr:1|align:3+|preg:3+|dom:1|fns:0|tns:0|scalar:0|text:0|blob:0|mirror:0
clone_family_id = layout:front_tail_split|fptr:1|tptr:1|align:3+|preg:3+|dom:1|fns:0|tns:0|scalar:0|text:0|blob:0|mirror:0
template_family_size = 9
clone_penalty = 10
mirrored_penalty = 0
pointer_reward = 0
strong_structure_bonus = 0
sparse_anchor_tail_penalty = 0
anchored_fragmented_split_penalty = 3
one_sided_anchorless_split_penalty = 0
anchorless_partial_split_penalty = 0
isolated_split_penalty = 0
pointer_alignment_count = 3
pointer_region_count = 3
pointer_fields = f08, f58, f68
pointer_cluster_count = 4
front_cluster_count = 2
tail_cluster_count = 2
front_non_singleton_cluster_count = 0
tail_non_singleton_cluster_count = 0
dominant_cluster_size = 1
cluster_layout = front_tail_split
has_valid_anchor = true
dominant_cluster_covers_majority = false
isolated_split_like = false
tie_break_vector = final=27|family=9|pointer=0|isolated=0|blob=0|scalar=0|text=0|clone=10|mirror=0|neg=0|addr=0x3B809655100
rank_reason = anchored fragmented split penalty fired on singleton-only split layout despite valid anchor; family size 9 raised clone penalty
positive = target value matches, f08 nonzero, f08 not float-like, f18 nonzero, f18 not float-like, f20 nonzero, f20 not float-like, f68 nonzero, f68 not float-like, f70 nonzero, f70 not float-like, f78 nonzero, f78 not float-like, f58 nonzero, f58 not float-like, front metadata present, tail reference block present
negative = none

--- Candidate #63 ---
value_addr = 0x3B80979D6F4
base_addr  = 0x3B80979D6CC
f08 = 0x5E42C800
f18 = 0x710C2015
f20 = 0x07204801
f28 = 0x42C80000 (100.0)
f58 = 0xD9100020
f68 = 0x10002013
f70 = 0x40040D20
f78 = 0x00201420
rank_position = 63
base_score = 40
prescore_score = 40
final_score = 27
total adjustment = -13
score = 27
hard_pass = true
flags = target_match, strong_front_block, strong_tail_block, object_like, anchored_fragmented_split_like, template_clone_family
score_breakdown = +10 target_match; +2 f08_nonzero; +2 f08_not_floatlike; +2 f18_nonzero; +2 f18_not_floatlike; +2 f20_nonzero; +2 f20_not_floatlike; +2 f68_nonzero; +2 f68_not_floatlike; +2 f70_nonzero; +2 f70_not_floatlike; +2 f78_nonzero; +2 f78_not_floatlike; +3 f58_nonzero; +2 f58_not_floatlike; +1 legacy_pointer_balanced_compat; -3 anchored_fragmented_split_penalty; -10 clone_penalty
code_blob_score = 0
code_blob_penalty = 0
scalar_block_score = 2
scalar_block_penalty = 0
text_block_score = 0
text_block_penalty = 0
template_family_id = cls:PXXAXPD|layout:front_tail_split|fptr:1|tptr:1|align:3+|preg:3+|dom:1|fns:0|tns:0|scalar:0|text:0|blob:0|mirror:0
clone_family_id = layout:front_tail_split|fptr:1|tptr:1|align:3+|preg:3+|dom:1|fns:0|tns:0|scalar:0|text:0|blob:0|mirror:0
template_family_size = 9
clone_penalty = 10
mirrored_penalty = 0
pointer_reward = 0
strong_structure_bonus = 0
sparse_anchor_tail_penalty = 0
anchored_fragmented_split_penalty = 3
one_sided_anchorless_split_penalty = 0
anchorless_partial_split_penalty = 0
isolated_split_penalty = 0
pointer_alignment_count = 3
pointer_region_count = 3
pointer_fields = f08, f58, f70
pointer_cluster_count = 3
front_cluster_count = 1
tail_cluster_count = 2
front_non_singleton_cluster_count = 0
tail_non_singleton_cluster_count = 0
dominant_cluster_size = 1
cluster_layout = front_tail_split
has_valid_anchor = true
dominant_cluster_covers_majority = false
isolated_split_like = false
tie_break_vector = final=27|family=9|pointer=0|isolated=0|blob=0|scalar=0|text=0|clone=10|mirror=0|neg=0|addr=0x3B80979D6F4
rank_reason = anchored fragmented split penalty fired on singleton-only split layout despite valid anchor; family size 9 raised clone penalty
positive = target value matches, f08 nonzero, f08 not float-like, f18 nonzero, f18 not float-like, f20 nonzero, f20 not float-like, f68 nonzero, f68 not float-like, f70 nonzero, f70 not float-like, f78 nonzero, f78 not float-like, f58 nonzero, f58 not float-like, front metadata present, tail reference block present
negative = none

--- Candidate #64 ---
value_addr = 0x3B809FE52F8
base_addr  = 0x3B809FE52D0
f08 = 0xD2100120
f18 = 0x01200B0B
f20 = 0x00023602
f28 = 0x42C80000 (100.0)
f58 = 0x10004100
f68 = 0x94C44140
f70 = 0x5C022800
f78 = 0x01F9B8F8
rank_position = 64
base_score = 40
prescore_score = 40
final_score = 27
total adjustment = -13
score = 27
hard_pass = true
flags = target_match, strong_front_block, strong_tail_block, object_like, anchored_fragmented_split_like, template_clone_family
score_breakdown = +10 target_match; +2 f08_nonzero; +2 f08_not_floatlike; +2 f18_nonzero; +2 f18_not_floatlike; +2 f20_nonzero; +2 f20_not_floatlike; +2 f68_nonzero; +2 f68_not_floatlike; +2 f70_nonzero; +2 f70_not_floatlike; +2 f78_nonzero; +2 f78_not_floatlike; +3 f58_nonzero; +2 f58_not_floatlike; +1 legacy_pointer_balanced_compat; -3 anchored_fragmented_split_penalty; -10 clone_penalty
code_blob_score = 0
code_blob_penalty = 0
scalar_block_score = 0
scalar_block_penalty = 0
text_block_score = 0
text_block_penalty = 0
template_family_id = cls:PXXAPDD|layout:front_tail_split|fptr:1|tptr:1|align:3+|preg:3+|dom:1|fns:0|tns:0|scalar:0|text:0|blob:0|mirror:0
clone_family_id = layout:front_tail_split|fptr:1|tptr:1|align:3+|preg:3+|dom:1|fns:0|tns:0|scalar:0|text:0|blob:0|mirror:0
template_family_size = 9
clone_penalty = 10
mirrored_penalty = 0
pointer_reward = 0
strong_structure_bonus = 0
sparse_anchor_tail_penalty = 0
anchored_fragmented_split_penalty = 3
one_sided_anchorless_split_penalty = 0
anchorless_partial_split_penalty = 0
isolated_split_penalty = 0
pointer_alignment_count = 3
pointer_region_count = 3
pointer_fields = f08, f58, f68
pointer_cluster_count = 4
front_cluster_count = 1
tail_cluster_count = 3
front_non_singleton_cluster_count = 0
tail_non_singleton_cluster_count = 0
dominant_cluster_size = 1
cluster_layout = front_tail_split
has_valid_anchor = true
dominant_cluster_covers_majority = false
isolated_split_like = false
tie_break_vector = final=27|family=9|pointer=0|isolated=0|blob=0|scalar=0|text=0|clone=10|mirror=0|neg=0|addr=0x3B809FE52F8
rank_reason = anchored fragmented split penalty fired on singleton-only split layout despite valid anchor; family size 9 raised clone penalty
positive = target value matches, f08 nonzero, f08 not float-like, f18 nonzero, f18 not float-like, f20 nonzero, f20 not float-like, f68 nonzero, f68 not float-like, f70 nonzero, f70 not float-like, f78 nonzero, f78 not float-like, f58 nonzero, f58 not float-like, front metadata present, tail reference block present
negative = none

--- Candidate #65 ---
value_addr = 0x3B80A4EF324
base_addr  = 0x3B80A4EF2FC
f08 = 0x02200002
f18 = 0x01200220
f20 = 0x0238B201
f28 = 0x42C80000 (100.0)
f58 = 0x04FAD210
f68 = 0x02200420
f70 = 0x04200002
f78 = 0x08023708
rank_position = 65
base_score = 40
prescore_score = 40
final_score = 27
total adjustment = -13
score = 27
hard_pass = true
flags = target_match, strong_front_block, strong_tail_block, object_like, anchored_fragmented_split_like, template_clone_family
score_breakdown = +10 target_match; +2 f08_nonzero; +2 f08_not_floatlike; +2 f18_nonzero; +2 f18_not_floatlike; +2 f20_nonzero; +2 f20_not_floatlike; +2 f68_nonzero; +2 f68_not_floatlike; +2 f70_nonzero; +2 f70_not_floatlike; +2 f78_nonzero; +2 f78_not_floatlike; +3 f58_nonzero; +2 f58_not_floatlike; +1 legacy_pointer_balanced_compat; -3 anchored_fragmented_split_penalty; -10 clone_penalty
code_blob_score = 0
code_blob_penalty = 0
scalar_block_score = 0
scalar_block_penalty = 0
text_block_score = 0
text_block_penalty = 0
template_family_id = cls:XPXAPXD|layout:front_tail_split|fptr:1|tptr:1|align:3+|preg:3+|dom:1|fns:0|tns:0|scalar:0|text:0|blob:0|mirror:0
clone_family_id = layout:front_tail_split|fptr:1|tptr:1|align:3+|preg:3+|dom:1|fns:0|tns:0|scalar:0|text:0|blob:0|mirror:0
template_family_size = 9
clone_penalty = 10
mirrored_penalty = 0
pointer_reward = 0
strong_structure_bonus = 0
sparse_anchor_tail_penalty = 0
anchored_fragmented_split_penalty = 3
one_sided_anchorless_split_penalty = 0
anchorless_partial_split_penalty = 0
isolated_split_penalty = 0
pointer_alignment_count = 3
pointer_region_count = 3
pointer_fields = f18, f58, f68
pointer_cluster_count = 3
front_cluster_count = 1
tail_cluster_count = 2
front_non_singleton_cluster_count = 0
tail_non_singleton_cluster_count = 0
dominant_cluster_size = 1
cluster_layout = front_tail_split
has_valid_anchor = true
dominant_cluster_covers_majority = false
isolated_split_like = false
tie_break_vector = final=27|family=9|pointer=0|isolated=0|blob=0|scalar=0|text=0|clone=10|mirror=0|neg=0|addr=0x3B80A4EF324
rank_reason = anchored fragmented split penalty fired on singleton-only split layout despite valid anchor; family size 9 raised clone penalty
positive = target value matches, f08 nonzero, f08 not float-like, f18 nonzero, f18 not float-like, f20 nonzero, f20 not float-like, f68 nonzero, f68 not float-like, f70 nonzero, f70 not float-like, f78 nonzero, f78 not float-like, f58 nonzero, f58 not float-like, front metadata present, tail reference block present
negative = none

--- Candidate #66 ---
value_addr = 0x3B80A8256A8
base_addr  = 0x3B80A825680
f08 = 0x06200021
f18 = 0x00430620
f20 = 0x06200002
f28 = 0x42C80000 (100.0)
f58 = 0x04888A10
f68 = 0x012204FC
f70 = 0x012004B6
f78 = 0x04B8DC10
rank_position = 66
base_score = 40
prescore_score = 40
final_score = 27
total adjustment = -13
score = 27
hard_pass = true
flags = target_match, strong_front_block, strong_tail_block, object_like, anchored_fragmented_split_like, template_clone_family
score_breakdown = +10 target_match; +2 f08_nonzero; +2 f08_not_floatlike; +2 f18_nonzero; +2 f18_not_floatlike; +2 f20_nonzero; +2 f20_not_floatlike; +2 f68_nonzero; +2 f68_not_floatlike; +2 f70_nonzero; +2 f70_not_floatlike; +2 f78_nonzero; +2 f78_not_floatlike; +3 f58_nonzero; +2 f58_not_floatlike; +1 legacy_pointer_balanced_compat; -3 anchored_fragmented_split_penalty; -10 clone_penalty
code_blob_score = 0
code_blob_penalty = 0
scalar_block_score = 0
scalar_block_penalty = 0
text_block_score = 0
text_block_penalty = 0
template_family_id = cls:XPXAPXD|layout:front_tail_split|fptr:1|tptr:1|align:3+|preg:3+|dom:1|fns:0|tns:0|scalar:0|text:0|blob:0|mirror:0
clone_family_id = layout:front_tail_split|fptr:1|tptr:1|align:3+|preg:3+|dom:1|fns:0|tns:0|scalar:0|text:0|blob:0|mirror:0
template_family_size = 9
clone_penalty = 10
mirrored_penalty = 0
pointer_reward = 0
strong_structure_bonus = 0
sparse_anchor_tail_penalty = 0
anchored_fragmented_split_penalty = 3
one_sided_anchorless_split_penalty = 0
anchorless_partial_split_penalty = 0
isolated_split_penalty = 0
pointer_alignment_count = 3
pointer_region_count = 3
pointer_fields = f18, f58, f68
pointer_cluster_count = 3
front_cluster_count = 1
tail_cluster_count = 2
front_non_singleton_cluster_count = 0
tail_non_singleton_cluster_count = 0
dominant_cluster_size = 1
cluster_layout = front_tail_split
has_valid_anchor = true
dominant_cluster_covers_majority = false
isolated_split_like = false
tie_break_vector = final=27|family=9|pointer=0|isolated=0|blob=0|scalar=0|text=0|clone=10|mirror=0|neg=0|addr=0x3B80A8256A8
rank_reason = anchored fragmented split penalty fired on singleton-only split layout despite valid anchor; family size 9 raised clone penalty
positive = target value matches, f08 nonzero, f08 not float-like, f18 nonzero, f18 not float-like, f20 nonzero, f20 not float-like, f68 nonzero, f68 not float-like, f70 nonzero, f70 not float-like, f78 nonzero, f78 not float-like, f58 nonzero, f58 not float-like, front metadata present, tail reference block present
negative = none

--- Candidate #67 ---
value_addr = 0x3B80A8FAE9C
base_addr  = 0x3B80A8FAE74
f08 = 0x29062008
f18 = 0x20080236
f20 = 0x01200122
f28 = 0x42C80000 (100.0)
f58 = 0x02280120
f68 = 0x00410B20
f70 = 0x00420720
f78 = 0x37004207
rank_position = 67
base_score = 40
prescore_score = 40
final_score = 27
total adjustment = -13
score = 27
hard_pass = true
flags = target_match, strong_front_block, strong_tail_block, object_like, anchored_fragmented_split_like, template_clone_family
score_breakdown = +10 target_match; +2 f08_nonzero; +2 f08_not_floatlike; +2 f18_nonzero; +2 f18_not_floatlike; +2 f20_nonzero; +2 f20_not_floatlike; +2 f68_nonzero; +2 f68_not_floatlike; +2 f70_nonzero; +2 f70_not_floatlike; +2 f78_nonzero; +2 f78_not_floatlike; +3 f58_nonzero; +2 f58_not_floatlike; +1 legacy_pointer_balanced_compat; -3 anchored_fragmented_split_penalty; -10 clone_penalty
code_blob_score = 0
code_blob_penalty = 0
scalar_block_score = 0
scalar_block_penalty = 0
text_block_score = 0
text_block_penalty = 0
template_family_id = cls:PXXAPDX|layout:front_tail_split|fptr:1|tptr:1|align:3+|preg:3+|dom:1|fns:0|tns:0|scalar:0|text:0|blob:0|mirror:0
clone_family_id = layout:front_tail_split|fptr:1|tptr:1|align:3+|preg:3+|dom:1|fns:0|tns:0|scalar:0|text:0|blob:0|mirror:0
template_family_size = 9
clone_penalty = 10
mirrored_penalty = 0
pointer_reward = 0
strong_structure_bonus = 0
sparse_anchor_tail_penalty = 0
anchored_fragmented_split_penalty = 3
one_sided_anchorless_split_penalty = 0
anchorless_partial_split_penalty = 0
isolated_split_penalty = 0
pointer_alignment_count = 3
pointer_region_count = 3
pointer_fields = f08, f58, f68
pointer_cluster_count = 3
front_cluster_count = 1
tail_cluster_count = 2
front_non_singleton_cluster_count = 0
tail_non_singleton_cluster_count = 0
dominant_cluster_size = 1
cluster_layout = front_tail_split
has_valid_anchor = true
dominant_cluster_covers_majority = false
isolated_split_like = false
tie_break_vector = final=27|family=9|pointer=0|isolated=0|blob=0|scalar=0|text=0|clone=10|mirror=0|neg=0|addr=0x3B80A8FAE9C
rank_reason = anchored fragmented split penalty fired on singleton-only split layout despite valid anchor; family size 9 raised clone penalty
positive = target value matches, f08 nonzero, f08 not float-like, f18 nonzero, f18 not float-like, f20 nonzero, f20 not float-like, f68 nonzero, f68 not float-like, f70 nonzero, f70 not float-like, f78 nonzero, f78 not float-like, f58 nonzero, f58 not float-like, front metadata present, tail reference block present
negative = none

--- Candidate #68 ---
value_addr = 0xE040240B4B8
base_addr  = 0xE040240B490
f08 = 0x03200500
f18 = 0x2200022A
f20 = 0x215D0000
f28 = 0x42C80000 (100.0)
f58 = 0x5D41A000
f68 = 0x9C400043
f70 = 0x02200120
f78 = 0x0541A000
rank_position = 68
base_score = 40
prescore_score = 40
final_score = 27
total adjustment = -13
score = 27
hard_pass = true
flags = target_match, strong_front_block, strong_tail_block, object_like, anchored_fragmented_split_like, template_clone_family
score_breakdown = +10 target_match; +2 f08_nonzero; +2 f08_not_floatlike; +2 f18_nonzero; +2 f18_not_floatlike; +2 f20_nonzero; +2 f20_not_floatlike; +2 f68_nonzero; +2 f68_not_floatlike; +2 f70_nonzero; +2 f70_not_floatlike; +2 f78_nonzero; +2 f78_not_floatlike; +3 f58_nonzero; +2 f58_not_floatlike; +1 legacy_pointer_balanced_compat; -3 anchored_fragmented_split_penalty; -10 clone_penalty
code_blob_score = 0
code_blob_penalty = 0
scalar_block_score = 0
scalar_block_penalty = 0
text_block_score = 0
text_block_penalty = 0
template_family_id = cls:PXDAXPD|layout:front_tail_split|fptr:1|tptr:1|align:3+|preg:3+|dom:1|fns:0|tns:0|scalar:0|text:0|blob:0|mirror:0
clone_family_id = layout:front_tail_split|fptr:1|tptr:1|align:3+|preg:3+|dom:1|fns:0|tns:0|scalar:0|text:0|blob:0|mirror:0
template_family_size = 9
clone_penalty = 10
mirrored_penalty = 0
pointer_reward = 0
strong_structure_bonus = 0
sparse_anchor_tail_penalty = 0
anchored_fragmented_split_penalty = 3
one_sided_anchorless_split_penalty = 0
anchorless_partial_split_penalty = 0
isolated_split_penalty = 0
pointer_alignment_count = 3
pointer_region_count = 3
pointer_fields = f08, f58, f70
pointer_cluster_count = 4
front_cluster_count = 2
tail_cluster_count = 2
front_non_singleton_cluster_count = 0
tail_non_singleton_cluster_count = 0
dominant_cluster_size = 1
cluster_layout = front_tail_split
has_valid_anchor = true
dominant_cluster_covers_majority = false
isolated_split_like = false
tie_break_vector = final=27|family=9|pointer=0|isolated=0|blob=0|scalar=0|text=0|clone=10|mirror=0|neg=0|addr=0xE040240B4B8
rank_reason = anchored fragmented split penalty fired on singleton-only split layout despite valid anchor; family size 9 raised clone penalty
positive = target value matches, f08 nonzero, f08 not float-like, f18 nonzero, f18 not float-like, f20 nonzero, f20 not float-like, f68 nonzero, f68 not float-like, f70 nonzero, f70 not float-like, f78 nonzero, f78 not float-like, f58 nonzero, f58 not float-like, front metadata present, tail reference block present
negative = none

--- Candidate #69 ---
value_addr = 0xE0402855100
base_addr  = 0xE04028550D8
f08 = 0x21000228
f18 = 0x01F5D1DC
f20 = 0x0043559D
f28 = 0x42C80000 (100.0)
f58 = 0x022801E4
f68 = 0x87417100
f70 = 0x04200007
f78 = 0x41042000
rank_position = 69
base_score = 40
prescore_score = 40
final_score = 27
total adjustment = -13
score = 27
hard_pass = true
flags = target_match, strong_front_block, strong_tail_block, object_like, anchored_fragmented_split_like, template_clone_family
score_breakdown = +10 target_match; +2 f08_nonzero; +2 f08_not_floatlike; +2 f18_nonzero; +2 f18_not_floatlike; +2 f20_nonzero; +2 f20_not_floatlike; +2 f68_nonzero; +2 f68_not_floatlike; +2 f70_nonzero; +2 f70_not_floatlike; +2 f78_nonzero; +2 f78_not_floatlike; +3 f58_nonzero; +2 f58_not_floatlike; +1 legacy_pointer_balanced_compat; -3 anchored_fragmented_split_penalty; -10 clone_penalty
code_blob_score = 0
code_blob_penalty = 0
scalar_block_score = 2
scalar_block_penalty = 0
text_block_score = 0
text_block_penalty = 0
template_family_id = cls:PDXAPXD|layout:front_tail_split|fptr:1|tptr:1|align:3+|preg:3+|dom:1|fns:0|tns:0|scalar:0|text:0|blob:0|mirror:0
clone_family_id = layout:front_tail_split|fptr:1|tptr:1|align:3+|preg:3+|dom:1|fns:0|tns:0|scalar:0|text:0|blob:0|mirror:0
template_family_size = 9
clone_penalty = 10
mirrored_penalty = 0
pointer_reward = 0
strong_structure_bonus = 0
sparse_anchor_tail_penalty = 0
anchored_fragmented_split_penalty = 3
one_sided_anchorless_split_penalty = 0
anchorless_partial_split_penalty = 0
isolated_split_penalty = 0
pointer_alignment_count = 3
pointer_region_count = 3
pointer_fields = f08, f58, f68
pointer_cluster_count = 4
front_cluster_count = 2
tail_cluster_count = 2
front_non_singleton_cluster_count = 0
tail_non_singleton_cluster_count = 0
dominant_cluster_size = 1
cluster_layout = front_tail_split
has_valid_anchor = true
dominant_cluster_covers_majority = false
isolated_split_like = false
tie_break_vector = final=27|family=9|pointer=0|isolated=0|blob=0|scalar=0|text=0|clone=10|mirror=0|neg=0|addr=0xE0402855100
rank_reason = anchored fragmented split penalty fired on singleton-only split layout despite valid anchor; family size 9 raised clone penalty
positive = target value matches, f08 nonzero, f08 not float-like, f18 nonzero, f18 not float-like, f20 nonzero, f20 not float-like, f68 nonzero, f68 not float-like, f70 nonzero, f70 not float-like, f78 nonzero, f78 not float-like, f58 nonzero, f58 not float-like, front metadata present, tail reference block present
negative = none

--- Candidate #70 ---
value_addr = 0x3B8093BC214
base_addr  = 0x3B8093BC1EC
f08 = 0xCC77437D
f18 = 0x2000420B
f20 = 0x02383DCC
f28 = 0x42C80000 (100.0)
f58 = 0x0B3C0236
f68 = 0x9B100120
f70 = 0x01200020
f78 = 0x7F010148
rank_position = 70
base_score = 40
prescore_score = 40
final_score = 27
total adjustment = -13
score = 27
hard_pass = true
flags = target_match, strong_front_block, strong_tail_block, object_like, anchored_fragmented_split_like, template_clone_family
score_breakdown = +10 target_match; +2 f08_nonzero; +2 f08_not_floatlike; +2 f18_nonzero; +2 f18_not_floatlike; +2 f20_nonzero; +2 f20_not_floatlike; +2 f68_nonzero; +2 f68_not_floatlike; +2 f70_nonzero; +2 f70_not_floatlike; +2 f78_nonzero; +2 f78_not_floatlike; +3 f58_nonzero; +2 f58_not_floatlike; +1 legacy_pointer_balanced_compat; -3 anchored_fragmented_split_penalty; -10 clone_penalty
code_blob_score = 0
code_blob_penalty = 0
scalar_block_score = 0
scalar_block_penalty = 0
text_block_score = 0
text_block_penalty = 0
template_family_id = cls:XXAXPDD|layout:front_tail_split|fptr:1|tptr:1|align:2|preg:2|dom:1|fns:0|tns:0|scalar:0|text:0|blob:0|mirror:0
clone_family_id = layout:front_tail_split|fptr:1|tptr:1|align:2|preg:2|dom:1|fns:0|tns:0|scalar:0|text:0|blob:0|mirror:0
template_family_size = 15
clone_penalty = 10
mirrored_penalty = 0
pointer_reward = 0
strong_structure_bonus = 0
sparse_anchor_tail_penalty = 0
anchored_fragmented_split_penalty = 3
one_sided_anchorless_split_penalty = 0
anchorless_partial_split_penalty = 0
isolated_split_penalty = 0
pointer_alignment_count = 2
pointer_region_count = 2
pointer_fields = f20, f68
pointer_cluster_count = 4
front_cluster_count = 1
tail_cluster_count = 3
front_non_singleton_cluster_count = 0
tail_non_singleton_cluster_count = 0
dominant_cluster_size = 1
cluster_layout = front_tail_split
has_valid_anchor = true
dominant_cluster_covers_majority = false
isolated_split_like = false
tie_break_vector = final=27|family=15|pointer=0|isolated=0|blob=0|scalar=0|text=0|clone=10|mirror=0|neg=0|addr=0x3B8093BC214
rank_reason = anchored fragmented split penalty fired on singleton-only split layout despite valid anchor; family size 15 raised clone penalty
positive = target value matches, f08 nonzero, f08 not float-like, f18 nonzero, f18 not float-like, f20 nonzero, f20 not float-like, f68 nonzero, f68 not float-like, f70 nonzero, f70 not float-like, f78 nonzero, f78 not float-like, f58 nonzero, f58 not float-like, front metadata present, tail reference block present
negative = none

--- Candidate #71 ---
value_addr = 0x3B8095264B0
base_addr  = 0x3B809526488
f08 = 0x01220002
f18 = 0x01F5D1DC
f20 = 0x0043559D
f28 = 0x42C80000 (100.0)
f58 = 0x7101FFFF
f68 = 0x28000228
f70 = 0x41711FFF
f78 = 0x40040005
rank_position = 71
base_score = 40
prescore_score = 40
final_score = 27
total adjustment = -13
score = 27
hard_pass = true
flags = target_match, strong_front_block, strong_tail_block, object_like, anchored_fragmented_split_like, template_clone_family
score_breakdown = +10 target_match; +2 f08_nonzero; +2 f08_not_floatlike; +2 f18_nonzero; +2 f18_not_floatlike; +2 f20_nonzero; +2 f20_not_floatlike; +2 f68_nonzero; +2 f68_not_floatlike; +2 f70_nonzero; +2 f70_not_floatlike; +2 f78_nonzero; +2 f78_not_floatlike; +3 f58_nonzero; +2 f58_not_floatlike; +1 legacy_pointer_balanced_compat; -3 anchored_fragmented_split_penalty; -10 clone_penalty
code_blob_score = 0
code_blob_penalty = 0
scalar_block_score = 0
scalar_block_penalty = 0
text_block_score = 0
text_block_penalty = 0
template_family_id = cls:XAXXPXX|layout:front_tail_split|fptr:1|tptr:1|align:2|preg:2|dom:1|fns:0|tns:0|scalar:0|text:0|blob:0|mirror:0
clone_family_id = layout:front_tail_split|fptr:1|tptr:1|align:2|preg:2|dom:1|fns:0|tns:0|scalar:0|text:0|blob:0|mirror:0
template_family_size = 15
clone_penalty = 10
mirrored_penalty = 0
pointer_reward = 0
strong_structure_bonus = 0
sparse_anchor_tail_penalty = 0
anchored_fragmented_split_penalty = 3
one_sided_anchorless_split_penalty = 0
anchorless_partial_split_penalty = 0
isolated_split_penalty = 0
pointer_alignment_count = 2
pointer_region_count = 2
pointer_fields = f18, f68
pointer_cluster_count = 2
front_cluster_count = 1
tail_cluster_count = 1
front_non_singleton_cluster_count = 0
tail_non_singleton_cluster_count = 0
dominant_cluster_size = 1
cluster_layout = front_tail_split
has_valid_anchor = true
dominant_cluster_covers_majority = false
isolated_split_like = false
tie_break_vector = final=27|family=15|pointer=0|isolated=0|blob=0|scalar=0|text=0|clone=10|mirror=0|neg=0|addr=0x3B8095264B0
rank_reason = anchored fragmented split penalty fired on singleton-only split layout despite valid anchor; family size 15 raised clone penalty
positive = target value matches, f08 nonzero, f08 not float-like, f18 nonzero, f18 not float-like, f20 nonzero, f20 not float-like, f68 nonzero, f68 not float-like, f70 nonzero, f70 not float-like, f78 nonzero, f78 not float-like, f58 nonzero, f58 not float-like, front metadata present, tail reference block present
negative = none

--- Candidate #72 ---
value_addr = 0x3B8098779F8
base_addr  = 0x3B8098779D0
f08 = 0x05000236
f18 = 0x2200022A
f20 = 0x215D0000
f28 = 0x42C80000 (100.0)
f58 = 0x03200002
f68 = 0x40044900
f70 = 0x20000236
f78 = 0x04410002
rank_position = 72
base_score = 40
prescore_score = 40
final_score = 27
total adjustment = -13
score = 27
hard_pass = true
flags = target_match, strong_front_block, strong_tail_block, object_like, anchored_fragmented_split_like, template_clone_family
score_breakdown = +10 target_match; +2 f08_nonzero; +2 f08_not_floatlike; +2 f18_nonzero; +2 f18_not_floatlike; +2 f20_nonzero; +2 f20_not_floatlike; +2 f68_nonzero; +2 f68_not_floatlike; +2 f70_nonzero; +2 f70_not_floatlike; +2 f78_nonzero; +2 f78_not_floatlike; +3 f58_nonzero; +2 f58_not_floatlike; +1 legacy_pointer_balanced_compat; -3 anchored_fragmented_split_penalty; -10 clone_penalty
code_blob_score = 0
code_blob_penalty = 0
scalar_block_score = 2
scalar_block_penalty = 0
text_block_score = 0
text_block_penalty = 0
template_family_id = cls:XXAXPXX|layout:front_tail_split|fptr:1|tptr:1|align:2|preg:2|dom:1|fns:0|tns:0|scalar:0|text:0|blob:0|mirror:0
clone_family_id = layout:front_tail_split|fptr:1|tptr:1|align:2|preg:2|dom:1|fns:0|tns:0|scalar:0|text:0|blob:0|mirror:0
template_family_size = 15
clone_penalty = 10
mirrored_penalty = 0
pointer_reward = 0
strong_structure_bonus = 0
sparse_anchor_tail_penalty = 0
anchored_fragmented_split_penalty = 3
one_sided_anchorless_split_penalty = 0
anchorless_partial_split_penalty = 0
isolated_split_penalty = 0
pointer_alignment_count = 2
pointer_region_count = 2
pointer_fields = f20, f68
pointer_cluster_count = 2
front_cluster_count = 1
tail_cluster_count = 1
front_non_singleton_cluster_count = 0
tail_non_singleton_cluster_count = 0
dominant_cluster_size = 1
cluster_layout = front_tail_split
has_valid_anchor = true
dominant_cluster_covers_majority = false
isolated_split_like = false
tie_break_vector = final=27|family=15|pointer=0|isolated=0|blob=0|scalar=0|text=0|clone=10|mirror=0|neg=0|addr=0x3B8098779F8
rank_reason = anchored fragmented split penalty fired on singleton-only split layout despite valid anchor; family size 15 raised clone penalty
positive = target value matches, f08 nonzero, f08 not float-like, f18 nonzero, f18 not float-like, f20 nonzero, f20 not float-like, f68 nonzero, f68 not float-like, f70 nonzero, f70 not float-like, f78 nonzero, f78 not float-like, f58 nonzero, f58 not float-like, front metadata present, tail reference block present
negative = none

--- Candidate #73 ---
value_addr = 0x3B809A2E524
base_addr  = 0x3B809A2E4FC
f08 = 0x7301410A
f18 = 0x10022A0C
f20 = 0x2A182204
f28 = 0x42C80000 (100.0)
f58 = 0x03202003
f68 = 0x00000043
f70 = 0x02280020
f78 = 0x360C200D
rank_position = 73
base_score = 40
prescore_score = 40
final_score = 27
total adjustment = -13
score = 27
hard_pass = true
flags = target_match, strong_front_block, strong_tail_block, object_like, anchored_fragmented_split_like, template_clone_family
score_breakdown = +10 target_match; +2 f08_nonzero; +2 f08_not_floatlike; +2 f18_nonzero; +2 f18_not_floatlike; +2 f20_nonzero; +2 f20_not_floatlike; +2 f68_nonzero; +2 f68_not_floatlike; +2 f70_nonzero; +2 f70_not_floatlike; +2 f78_nonzero; +2 f78_not_floatlike; +3 f58_nonzero; +2 f58_not_floatlike; +1 legacy_pointer_balanced_compat; -3 anchored_fragmented_split_penalty; -10 clone_penalty
code_blob_score = 0
code_blob_penalty = 0
scalar_block_score = 0
scalar_block_penalty = 0
text_block_score = 0
text_block_penalty = 0
template_family_id = cls:XADXSPX|layout:front_tail_split|fptr:1|tptr:1|align:2|preg:2|dom:1|fns:0|tns:0|scalar:0|text:0|blob:0|mirror:0
clone_family_id = layout:front_tail_split|fptr:1|tptr:1|align:2|preg:2|dom:1|fns:0|tns:0|scalar:0|text:0|blob:0|mirror:0
template_family_size = 15
clone_penalty = 10
mirrored_penalty = 0
pointer_reward = 0
strong_structure_bonus = 0
sparse_anchor_tail_penalty = 0
anchored_fragmented_split_penalty = 3
one_sided_anchorless_split_penalty = 0
anchorless_partial_split_penalty = 0
isolated_split_penalty = 0
pointer_alignment_count = 2
pointer_region_count = 2
pointer_fields = f18, f70
pointer_cluster_count = 3
front_cluster_count = 2
tail_cluster_count = 1
front_non_singleton_cluster_count = 0
tail_non_singleton_cluster_count = 0
dominant_cluster_size = 1
cluster_layout = front_tail_split
has_valid_anchor = true
dominant_cluster_covers_majority = false
isolated_split_like = false
tie_break_vector = final=27|family=15|pointer=0|isolated=0|blob=0|scalar=0|text=0|clone=10|mirror=0|neg=0|addr=0x3B809A2E524
rank_reason = anchored fragmented split penalty fired on singleton-only split layout despite valid anchor; family size 15 raised clone penalty
positive = target value matches, f08 nonzero, f08 not float-like, f18 nonzero, f18 not float-like, f20 nonzero, f20 not float-like, f68 nonzero, f68 not float-like, f70 nonzero, f70 not float-like, f78 nonzero, f78 not float-like, f58 nonzero, f58 not float-like, front metadata present, tail reference block present
negative = none

--- Candidate #74 ---
value_addr = 0x3B809BEB390
base_addr  = 0x3B809BEB368
f08 = 0x7301410A
f18 = 0x10022A0C
f20 = 0x2A182204
f28 = 0x42C80000 (100.0)
f58 = 0x03202003
f68 = 0x00000043
f70 = 0x02280020
f78 = 0x360C200D
rank_position = 74
base_score = 40
prescore_score = 40
final_score = 27
total adjustment = -13
score = 27
hard_pass = true
flags = target_match, strong_front_block, strong_tail_block, object_like, anchored_fragmented_split_like, template_clone_family
score_breakdown = +10 target_match; +2 f08_nonzero; +2 f08_not_floatlike; +2 f18_nonzero; +2 f18_not_floatlike; +2 f20_nonzero; +2 f20_not_floatlike; +2 f68_nonzero; +2 f68_not_floatlike; +2 f70_nonzero; +2 f70_not_floatlike; +2 f78_nonzero; +2 f78_not_floatlike; +3 f58_nonzero; +2 f58_not_floatlike; +1 legacy_pointer_balanced_compat; -3 anchored_fragmented_split_penalty; -10 clone_penalty
code_blob_score = 0
code_blob_penalty = 0
scalar_block_score = 0
scalar_block_penalty = 0
text_block_score = 0
text_block_penalty = 0
template_family_id = cls:XADXSPX|layout:front_tail_split|fptr:1|tptr:1|align:2|preg:2|dom:1|fns:0|tns:0|scalar:0|text:0|blob:0|mirror:0
clone_family_id = layout:front_tail_split|fptr:1|tptr:1|align:2|preg:2|dom:1|fns:0|tns:0|scalar:0|text:0|blob:0|mirror:0
template_family_size = 15
clone_penalty = 10
mirrored_penalty = 0
pointer_reward = 0
strong_structure_bonus = 0
sparse_anchor_tail_penalty = 0
anchored_fragmented_split_penalty = 3
one_sided_anchorless_split_penalty = 0
anchorless_partial_split_penalty = 0
isolated_split_penalty = 0
pointer_alignment_count = 2
pointer_region_count = 2
pointer_fields = f18, f70
pointer_cluster_count = 3
front_cluster_count = 2
tail_cluster_count = 1
front_non_singleton_cluster_count = 0
tail_non_singleton_cluster_count = 0
dominant_cluster_size = 1
cluster_layout = front_tail_split
has_valid_anchor = true
dominant_cluster_covers_majority = false
isolated_split_like = false
tie_break_vector = final=27|family=15|pointer=0|isolated=0|blob=0|scalar=0|text=0|clone=10|mirror=0|neg=0|addr=0x3B809BEB390
rank_reason = anchored fragmented split penalty fired on singleton-only split layout despite valid anchor; family size 15 raised clone penalty
positive = target value matches, f08 nonzero, f08 not float-like, f18 nonzero, f18 not float-like, f20 nonzero, f20 not float-like, f68 nonzero, f68 not float-like, f70 nonzero, f70 not float-like, f78 nonzero, f78 not float-like, f58 nonzero, f58 not float-like, front metadata present, tail reference block present
negative = none

--- Candidate #75 ---
value_addr = 0x3B809BF4788
base_addr  = 0x3B809BF4760
f08 = 0x7301410A
f18 = 0x10022A0C
f20 = 0x2A182204
f28 = 0x42C80000 (100.0)
f58 = 0x03202003
f68 = 0x00000043
f70 = 0x02280020
f78 = 0x360C200D
rank_position = 75
base_score = 40
prescore_score = 40
final_score = 27
total adjustment = -13
score = 27
hard_pass = true
flags = target_match, strong_front_block, strong_tail_block, object_like, anchored_fragmented_split_like, template_clone_family
score_breakdown = +10 target_match; +2 f08_nonzero; +2 f08_not_floatlike; +2 f18_nonzero; +2 f18_not_floatlike; +2 f20_nonzero; +2 f20_not_floatlike; +2 f68_nonzero; +2 f68_not_floatlike; +2 f70_nonzero; +2 f70_not_floatlike; +2 f78_nonzero; +2 f78_not_floatlike; +3 f58_nonzero; +2 f58_not_floatlike; +1 legacy_pointer_balanced_compat; -3 anchored_fragmented_split_penalty; -10 clone_penalty
code_blob_score = 0
code_blob_penalty = 0
scalar_block_score = 0
scalar_block_penalty = 0
text_block_score = 0
text_block_penalty = 0
template_family_id = cls:XADXSPX|layout:front_tail_split|fptr:1|tptr:1|align:2|preg:2|dom:1|fns:0|tns:0|scalar:0|text:0|blob:0|mirror:0
clone_family_id = layout:front_tail_split|fptr:1|tptr:1|align:2|preg:2|dom:1|fns:0|tns:0|scalar:0|text:0|blob:0|mirror:0
template_family_size = 15
clone_penalty = 10
mirrored_penalty = 0
pointer_reward = 0
strong_structure_bonus = 0
sparse_anchor_tail_penalty = 0
anchored_fragmented_split_penalty = 3
one_sided_anchorless_split_penalty = 0
anchorless_partial_split_penalty = 0
isolated_split_penalty = 0
pointer_alignment_count = 2
pointer_region_count = 2
pointer_fields = f18, f70
pointer_cluster_count = 3
front_cluster_count = 2
tail_cluster_count = 1
front_non_singleton_cluster_count = 0
tail_non_singleton_cluster_count = 0
dominant_cluster_size = 1
cluster_layout = front_tail_split
has_valid_anchor = true
dominant_cluster_covers_majority = false
isolated_split_like = false
tie_break_vector = final=27|family=15|pointer=0|isolated=0|blob=0|scalar=0|text=0|clone=10|mirror=0|neg=0|addr=0x3B809BF4788
rank_reason = anchored fragmented split penalty fired on singleton-only split layout despite valid anchor; family size 15 raised clone penalty
positive = target value matches, f08 nonzero, f08 not float-like, f18 nonzero, f18 not float-like, f20 nonzero, f20 not float-like, f68 nonzero, f68 not float-like, f70 nonzero, f70 not float-like, f78 nonzero, f78 not float-like, f58 nonzero, f58 not float-like, front metadata present, tail reference block present
negative = none

--- Candidate #76 ---
value_addr = 0x3B809F348FC
base_addr  = 0x3B809F348D4
f08 = 0x3604FDB1
f18 = 0x22000228
f20 = 0x02380000
f28 = 0x42C80000 (100.0)
f58 = 0x41000228
f68 = 0x01200002
f70 = 0x0B1A0402
f78 = 0x04410020
rank_position = 76
base_score = 40
prescore_score = 40
final_score = 27
total adjustment = -13
score = 27
hard_pass = true
flags = target_match, strong_front_block, strong_tail_block, object_like, anchored_fragmented_split_like, template_clone_family
score_breakdown = +10 target_match; +2 f08_nonzero; +2 f08_not_floatlike; +2 f18_nonzero; +2 f18_not_floatlike; +2 f20_nonzero; +2 f20_not_floatlike; +2 f68_nonzero; +2 f68_not_floatlike; +2 f70_nonzero; +2 f70_not_floatlike; +2 f78_nonzero; +2 f78_not_floatlike; +3 f58_nonzero; +2 f58_not_floatlike; +1 legacy_pointer_balanced_compat; -3 anchored_fragmented_split_penalty; -10 clone_penalty
code_blob_score = 0
code_blob_penalty = 0
scalar_block_score = 2
scalar_block_penalty = 0
text_block_score = 0
text_block_penalty = 0
template_family_id = cls:XADDXXP|layout:front_tail_split|fptr:1|tptr:1|align:2|preg:2|dom:1|fns:0|tns:0|scalar:0|text:0|blob:0|mirror:0
clone_family_id = layout:front_tail_split|fptr:1|tptr:1|align:2|preg:2|dom:1|fns:0|tns:0|scalar:0|text:0|blob:0|mirror:0
template_family_size = 15
clone_penalty = 10
mirrored_penalty = 0
pointer_reward = 0
strong_structure_bonus = 0
sparse_anchor_tail_penalty = 0
anchored_fragmented_split_penalty = 3
one_sided_anchorless_split_penalty = 0
anchorless_partial_split_penalty = 0
isolated_split_penalty = 0
pointer_alignment_count = 2
pointer_region_count = 2
pointer_fields = f18, f78
pointer_cluster_count = 3
front_cluster_count = 2
tail_cluster_count = 1
front_non_singleton_cluster_count = 0
tail_non_singleton_cluster_count = 0
dominant_cluster_size = 1
cluster_layout = front_tail_split
has_valid_anchor = true
dominant_cluster_covers_majority = false
isolated_split_like = false
tie_break_vector = final=27|family=15|pointer=0|isolated=0|blob=0|scalar=0|text=0|clone=10|mirror=0|neg=0|addr=0x3B809F348FC
rank_reason = anchored fragmented split penalty fired on singleton-only split layout despite valid anchor; family size 15 raised clone penalty
positive = target value matches, f08 nonzero, f08 not float-like, f18 nonzero, f18 not float-like, f20 nonzero, f20 not float-like, f68 nonzero, f68 not float-like, f70 nonzero, f70 not float-like, f78 nonzero, f78 not float-like, f58 nonzero, f58 not float-like, front metadata present, tail reference block present
negative = none

--- Candidate #77 ---
value_addr = 0x3B809F3521C
base_addr  = 0x3B809F351F4
f08 = 0x01D8F186
f18 = 0x22040228
f20 = 0x02383F80
f28 = 0x42C80000 (100.0)
f58 = 0x02280402
f68 = 0x00004301
f70 = 0x01200B0C
f78 = 0x28040228
rank_position = 77
base_score = 40
prescore_score = 40
final_score = 27
total adjustment = -13
score = 27
hard_pass = true
flags = target_match, strong_front_block, strong_tail_block, object_like, anchored_fragmented_split_like, template_clone_family
score_breakdown = +10 target_match; +2 f08_nonzero; +2 f08_not_floatlike; +2 f18_nonzero; +2 f18_not_floatlike; +2 f20_nonzero; +2 f20_not_floatlike; +2 f68_nonzero; +2 f68_not_floatlike; +2 f70_nonzero; +2 f70_not_floatlike; +2 f78_nonzero; +2 f78_not_floatlike; +3 f58_nonzero; +2 f58_not_floatlike; +1 legacy_pointer_balanced_compat; -3 anchored_fragmented_split_penalty; -10 clone_penalty
code_blob_score = 0
code_blob_penalty = 0
scalar_block_score = 0
scalar_block_penalty = 0
text_block_score = 0
text_block_penalty = 0
template_family_id = cls:XADXXPD|layout:front_tail_split|fptr:1|tptr:1|align:2|preg:2|dom:1|fns:0|tns:0|scalar:0|text:0|blob:0|mirror:0
clone_family_id = layout:front_tail_split|fptr:1|tptr:1|align:2|preg:2|dom:1|fns:0|tns:0|scalar:0|text:0|blob:0|mirror:0
template_family_size = 15
clone_penalty = 10
mirrored_penalty = 0
pointer_reward = 0
strong_structure_bonus = 0
sparse_anchor_tail_penalty = 0
anchored_fragmented_split_penalty = 3
one_sided_anchorless_split_penalty = 0
anchorless_partial_split_penalty = 0
isolated_split_penalty = 0
pointer_alignment_count = 2
pointer_region_count = 2
pointer_fields = f18, f70
pointer_cluster_count = 4
front_cluster_count = 2
tail_cluster_count = 2
front_non_singleton_cluster_count = 0
tail_non_singleton_cluster_count = 0
dominant_cluster_size = 1
cluster_layout = front_tail_split
has_valid_anchor = true
dominant_cluster_covers_majority = false
isolated_split_like = false
tie_break_vector = final=27|family=15|pointer=0|isolated=0|blob=0|scalar=0|text=0|clone=10|mirror=0|neg=0|addr=0x3B809F3521C
rank_reason = anchored fragmented split penalty fired on singleton-only split layout despite valid anchor; family size 15 raised clone penalty
positive = target value matches, f08 nonzero, f08 not float-like, f18 nonzero, f18 not float-like, f20 nonzero, f20 not float-like, f68 nonzero, f68 not float-like, f70 nonzero, f70 not float-like, f78 nonzero, f78 not float-like, f58 nonzero, f58 not float-like, front metadata present, tail reference block present
negative = none

--- Candidate #78 ---
value_addr = 0x3B80A00B310
base_addr  = 0x3B80A00B2E8
f08 = 0x383CA3D7
f18 = 0x002001A0
f20 = 0xA4023842
f28 = 0x42C80000 (100.0)
f58 = 0x00022801
f68 = 0x02280220
f70 = 0xD2100220
f78 = 0x00410120
rank_position = 78
base_score = 40
prescore_score = 40
final_score = 27
total adjustment = -13
score = 27
hard_pass = true
flags = target_match, strong_front_block, strong_tail_block, object_like, anchored_fragmented_split_like, template_clone_family
score_breakdown = +10 target_match; +2 f08_nonzero; +2 f08_not_floatlike; +2 f18_nonzero; +2 f18_not_floatlike; +2 f20_nonzero; +2 f20_not_floatlike; +2 f68_nonzero; +2 f68_not_floatlike; +2 f70_nonzero; +2 f70_not_floatlike; +2 f78_nonzero; +2 f78_not_floatlike; +3 f58_nonzero; +2 f58_not_floatlike; +1 legacy_pointer_balanced_compat; -3 anchored_fragmented_split_penalty; -10 clone_penalty
code_blob_score = 0
code_blob_penalty = 0
scalar_block_score = 0
scalar_block_penalty = 0
text_block_score = 0
text_block_penalty = 0
template_family_id = cls:XAXXPDD|layout:front_tail_split|fptr:1|tptr:1|align:2|preg:2|dom:1|fns:0|tns:0|scalar:0|text:0|blob:0|mirror:0
clone_family_id = layout:front_tail_split|fptr:1|tptr:1|align:2|preg:2|dom:1|fns:0|tns:0|scalar:0|text:0|blob:0|mirror:0
template_family_size = 15
clone_penalty = 10
mirrored_penalty = 0
pointer_reward = 0
strong_structure_bonus = 0
sparse_anchor_tail_penalty = 0
anchored_fragmented_split_penalty = 3
one_sided_anchorless_split_penalty = 0
anchorless_partial_split_penalty = 0
isolated_split_penalty = 0
pointer_alignment_count = 2
pointer_region_count = 2
pointer_fields = f18, f68
pointer_cluster_count = 4
front_cluster_count = 1
tail_cluster_count = 3
front_non_singleton_cluster_count = 0
tail_non_singleton_cluster_count = 0
dominant_cluster_size = 1
cluster_layout = front_tail_split
has_valid_anchor = true
dominant_cluster_covers_majority = false
isolated_split_like = false
tie_break_vector = final=27|family=15|pointer=0|isolated=0|blob=0|scalar=0|text=0|clone=10|mirror=0|neg=0|addr=0x3B80A00B310
rank_reason = anchored fragmented split penalty fired on singleton-only split layout despite valid anchor; family size 15 raised clone penalty
positive = target value matches, f08 nonzero, f08 not float-like, f18 nonzero, f18 not float-like, f20 nonzero, f20 not float-like, f68 nonzero, f68 not float-like, f70 nonzero, f70 not float-like, f78 nonzero, f78 not float-like, f58 nonzero, f58 not float-like, front metadata present, tail reference block present
negative = none

--- Candidate #79 ---
value_addr = 0x3B80A03EE24
base_addr  = 0x3B80A03EDFC
f08 = 0x383CA3D7
f18 = 0x002001A0
f20 = 0xA4023842
f28 = 0x42C80000 (100.0)
f58 = 0x00022801
f68 = 0x02280220
f70 = 0xD2100220
f78 = 0x00410120
rank_position = 79
base_score = 40
prescore_score = 40
final_score = 27
total adjustment = -13
score = 27
hard_pass = true
flags = target_match, strong_front_block, strong_tail_block, object_like, anchored_fragmented_split_like, template_clone_family
score_breakdown = +10 target_match; +2 f08_nonzero; +2 f08_not_floatlike; +2 f18_nonzero; +2 f18_not_floatlike; +2 f20_nonzero; +2 f20_not_floatlike; +2 f68_nonzero; +2 f68_not_floatlike; +2 f70_nonzero; +2 f70_not_floatlike; +2 f78_nonzero; +2 f78_not_floatlike; +3 f58_nonzero; +2 f58_not_floatlike; +1 legacy_pointer_balanced_compat; -3 anchored_fragmented_split_penalty; -10 clone_penalty
code_blob_score = 0
code_blob_penalty = 0
scalar_block_score = 0
scalar_block_penalty = 0
text_block_score = 0
text_block_penalty = 0
template_family_id = cls:XAXXPDD|layout:front_tail_split|fptr:1|tptr:1|align:2|preg:2|dom:1|fns:0|tns:0|scalar:0|text:0|blob:0|mirror:0
clone_family_id = layout:front_tail_split|fptr:1|tptr:1|align:2|preg:2|dom:1|fns:0|tns:0|scalar:0|text:0|blob:0|mirror:0
template_family_size = 15
clone_penalty = 10
mirrored_penalty = 0
pointer_reward = 0
strong_structure_bonus = 0
sparse_anchor_tail_penalty = 0
anchored_fragmented_split_penalty = 3
one_sided_anchorless_split_penalty = 0
anchorless_partial_split_penalty = 0
isolated_split_penalty = 0
pointer_alignment_count = 2
pointer_region_count = 2
pointer_fields = f18, f68
pointer_cluster_count = 4
front_cluster_count = 1
tail_cluster_count = 3
front_non_singleton_cluster_count = 0
tail_non_singleton_cluster_count = 0
dominant_cluster_size = 1
cluster_layout = front_tail_split
has_valid_anchor = true
dominant_cluster_covers_majority = false
isolated_split_like = false
tie_break_vector = final=27|family=15|pointer=0|isolated=0|blob=0|scalar=0|text=0|clone=10|mirror=0|neg=0|addr=0x3B80A03EE24
rank_reason = anchored fragmented split penalty fired on singleton-only split layout despite valid anchor; family size 15 raised clone penalty
positive = target value matches, f08 nonzero, f08 not float-like, f18 nonzero, f18 not float-like, f20 nonzero, f20 not float-like, f68 nonzero, f68 not float-like, f70 nonzero, f70 not float-like, f78 nonzero, f78 not float-like, f58 nonzero, f58 not float-like, front metadata present, tail reference block present
negative = none

--- Candidate #80 ---
value_addr = 0x3B80A711F88
base_addr  = 0x3B80A711F60
f08 = 0x023600E4
f18 = 0x2059003A
f20 = 0x023842C8
f28 = 0x42C80000 (100.0)
f58 = 0x74022801
f68 = 0xB78B1000
f70 = 0x01F8E5B4
f78 = 0xBA012E01
rank_position = 80
base_score = 40
prescore_score = 40
final_score = 27
total adjustment = -13
score = 27
hard_pass = true
flags = target_match, strong_front_block, strong_tail_block, object_like, anchored_fragmented_split_like, template_clone_family
score_breakdown = +10 target_match; +2 f08_nonzero; +2 f08_not_floatlike; +2 f18_nonzero; +2 f18_not_floatlike; +2 f20_nonzero; +2 f20_not_floatlike; +2 f68_nonzero; +2 f68_not_floatlike; +2 f70_nonzero; +2 f70_not_floatlike; +2 f78_nonzero; +2 f78_not_floatlike; +3 f58_nonzero; +2 f58_not_floatlike; +1 legacy_pointer_balanced_compat; -3 anchored_fragmented_split_penalty; -10 clone_penalty
code_blob_score = 0
code_blob_penalty = 0
scalar_block_score = 2
scalar_block_penalty = 0
text_block_score = 0
text_block_penalty = 0
template_family_id = cls:AXDXPDX|layout:front_tail_split|fptr:1|tptr:1|align:2|preg:2|dom:1|fns:0|tns:0|scalar:0|text:0|blob:0|mirror:0
clone_family_id = layout:front_tail_split|fptr:1|tptr:1|align:2|preg:2|dom:1|fns:0|tns:0|scalar:0|text:0|blob:0|mirror:0
template_family_size = 15
clone_penalty = 10
mirrored_penalty = 0
pointer_reward = 0
strong_structure_bonus = 0
sparse_anchor_tail_penalty = 0
anchored_fragmented_split_penalty = 3
one_sided_anchorless_split_penalty = 0
anchorless_partial_split_penalty = 0
isolated_split_penalty = 0
pointer_alignment_count = 2
pointer_region_count = 2
pointer_fields = f08, f68
pointer_cluster_count = 4
front_cluster_count = 2
tail_cluster_count = 2
front_non_singleton_cluster_count = 0
tail_non_singleton_cluster_count = 0
dominant_cluster_size = 1
cluster_layout = front_tail_split
has_valid_anchor = true
dominant_cluster_covers_majority = false
isolated_split_like = false
tie_break_vector = final=27|family=15|pointer=0|isolated=0|blob=0|scalar=0|text=0|clone=10|mirror=0|neg=0|addr=0x3B80A711F88
rank_reason = anchored fragmented split penalty fired on singleton-only split layout despite valid anchor; family size 15 raised clone penalty
positive = target value matches, f08 nonzero, f08 not float-like, f18 nonzero, f18 not float-like, f20 nonzero, f20 not float-like, f68 nonzero, f68 not float-like, f70 nonzero, f70 not float-like, f78 nonzero, f78 not float-like, f58 nonzero, f58 not float-like, front metadata present, tail reference block present
negative = none

--- Candidate #81 ---
value_addr = 0xE0402C2E524
base_addr  = 0xE0402C2E4FC
f08 = 0x7301410A
f18 = 0x10022A0C
f20 = 0x2A182204
f28 = 0x42C80000 (100.0)
f58 = 0x03202003
f68 = 0x00000043
f70 = 0x02280020
f78 = 0x360C200D
rank_position = 81
base_score = 40
prescore_score = 40
final_score = 27
total adjustment = -13
score = 27
hard_pass = true
flags = target_match, strong_front_block, strong_tail_block, object_like, anchored_fragmented_split_like, template_clone_family
score_breakdown = +10 target_match; +2 f08_nonzero; +2 f08_not_floatlike; +2 f18_nonzero; +2 f18_not_floatlike; +2 f20_nonzero; +2 f20_not_floatlike; +2 f68_nonzero; +2 f68_not_floatlike; +2 f70_nonzero; +2 f70_not_floatlike; +2 f78_nonzero; +2 f78_not_floatlike; +3 f58_nonzero; +2 f58_not_floatlike; +1 legacy_pointer_balanced_compat; -3 anchored_fragmented_split_penalty; -10 clone_penalty
code_blob_score = 0
code_blob_penalty = 0
scalar_block_score = 0
scalar_block_penalty = 0
text_block_score = 0
text_block_penalty = 0
template_family_id = cls:XADXSPX|layout:front_tail_split|fptr:1|tptr:1|align:2|preg:2|dom:1|fns:0|tns:0|scalar:0|text:0|blob:0|mirror:0
clone_family_id = layout:front_tail_split|fptr:1|tptr:1|align:2|preg:2|dom:1|fns:0|tns:0|scalar:0|text:0|blob:0|mirror:0
template_family_size = 15
clone_penalty = 10
mirrored_penalty = 0
pointer_reward = 0
strong_structure_bonus = 0
sparse_anchor_tail_penalty = 0
anchored_fragmented_split_penalty = 3
one_sided_anchorless_split_penalty = 0
anchorless_partial_split_penalty = 0
isolated_split_penalty = 0
pointer_alignment_count = 2
pointer_region_count = 2
pointer_fields = f18, f70
pointer_cluster_count = 3
front_cluster_count = 2
tail_cluster_count = 1
front_non_singleton_cluster_count = 0
tail_non_singleton_cluster_count = 0
dominant_cluster_size = 1
cluster_layout = front_tail_split
has_valid_anchor = true
dominant_cluster_covers_majority = false
isolated_split_like = false
tie_break_vector = final=27|family=15|pointer=0|isolated=0|blob=0|scalar=0|text=0|clone=10|mirror=0|neg=0|addr=0xE0402C2E524
rank_reason = anchored fragmented split penalty fired on singleton-only split layout despite valid anchor; family size 15 raised clone penalty
positive = target value matches, f08 nonzero, f08 not float-like, f18 nonzero, f18 not float-like, f20 nonzero, f20 not float-like, f68 nonzero, f68 not float-like, f70 nonzero, f70 not float-like, f78 nonzero, f78 not float-like, f58 nonzero, f58 not float-like, front metadata present, tail reference block present
negative = none

--- Candidate #82 ---
value_addr = 0xE0402DEB390
base_addr  = 0xE0402DEB368
f08 = 0x7301410A
f18 = 0x10022A0C
f20 = 0x2A182204
f28 = 0x42C80000 (100.0)
f58 = 0x03202003
f68 = 0x00000043
f70 = 0x02280020
f78 = 0x360C200D
rank_position = 82
base_score = 40
prescore_score = 40
final_score = 27
total adjustment = -13
score = 27
hard_pass = true
flags = target_match, strong_front_block, strong_tail_block, object_like, anchored_fragmented_split_like, template_clone_family
score_breakdown = +10 target_match; +2 f08_nonzero; +2 f08_not_floatlike; +2 f18_nonzero; +2 f18_not_floatlike; +2 f20_nonzero; +2 f20_not_floatlike; +2 f68_nonzero; +2 f68_not_floatlike; +2 f70_nonzero; +2 f70_not_floatlike; +2 f78_nonzero; +2 f78_not_floatlike; +3 f58_nonzero; +2 f58_not_floatlike; +1 legacy_pointer_balanced_compat; -3 anchored_fragmented_split_penalty; -10 clone_penalty
code_blob_score = 0
code_blob_penalty = 0
scalar_block_score = 0
scalar_block_penalty = 0
text_block_score = 0
text_block_penalty = 0
template_family_id = cls:XADXSPX|layout:front_tail_split|fptr:1|tptr:1|align:2|preg:2|dom:1|fns:0|tns:0|scalar:0|text:0|blob:0|mirror:0
clone_family_id = layout:front_tail_split|fptr:1|tptr:1|align:2|preg:2|dom:1|fns:0|tns:0|scalar:0|text:0|blob:0|mirror:0
template_family_size = 15
clone_penalty = 10
mirrored_penalty = 0
pointer_reward = 0
strong_structure_bonus = 0
sparse_anchor_tail_penalty = 0
anchored_fragmented_split_penalty = 3
one_sided_anchorless_split_penalty = 0
anchorless_partial_split_penalty = 0
isolated_split_penalty = 0
pointer_alignment_count = 2
pointer_region_count = 2
pointer_fields = f18, f70
pointer_cluster_count = 3
front_cluster_count = 2
tail_cluster_count = 1
front_non_singleton_cluster_count = 0
tail_non_singleton_cluster_count = 0
dominant_cluster_size = 1
cluster_layout = front_tail_split
has_valid_anchor = true
dominant_cluster_covers_majority = false
isolated_split_like = false
tie_break_vector = final=27|family=15|pointer=0|isolated=0|blob=0|scalar=0|text=0|clone=10|mirror=0|neg=0|addr=0xE0402DEB390
rank_reason = anchored fragmented split penalty fired on singleton-only split layout despite valid anchor; family size 15 raised clone penalty
positive = target value matches, f08 nonzero, f08 not float-like, f18 nonzero, f18 not float-like, f20 nonzero, f20 not float-like, f68 nonzero, f68 not float-like, f70 nonzero, f70 not float-like, f78 nonzero, f78 not float-like, f58 nonzero, f58 not float-like, front metadata present, tail reference block present
negative = none

--- Candidate #83 ---
value_addr = 0xE0402DF4788
base_addr  = 0xE0402DF4760
f08 = 0x7301410A
f18 = 0x10022A0C
f20 = 0x2A182204
f28 = 0x42C80000 (100.0)
f58 = 0x03202003
f68 = 0x00000043
f70 = 0x02280020
f78 = 0x360C200D
rank_position = 83
base_score = 40
prescore_score = 40
final_score = 27
total adjustment = -13
score = 27
hard_pass = true
flags = target_match, strong_front_block, strong_tail_block, object_like, anchored_fragmented_split_like, template_clone_family
score_breakdown = +10 target_match; +2 f08_nonzero; +2 f08_not_floatlike; +2 f18_nonzero; +2 f18_not_floatlike; +2 f20_nonzero; +2 f20_not_floatlike; +2 f68_nonzero; +2 f68_not_floatlike; +2 f70_nonzero; +2 f70_not_floatlike; +2 f78_nonzero; +2 f78_not_floatlike; +3 f58_nonzero; +2 f58_not_floatlike; +1 legacy_pointer_balanced_compat; -3 anchored_fragmented_split_penalty; -10 clone_penalty
code_blob_score = 0
code_blob_penalty = 0
scalar_block_score = 0
scalar_block_penalty = 0
text_block_score = 0
text_block_penalty = 0
template_family_id = cls:XADXSPX|layout:front_tail_split|fptr:1|tptr:1|align:2|preg:2|dom:1|fns:0|tns:0|scalar:0|text:0|blob:0|mirror:0
clone_family_id = layout:front_tail_split|fptr:1|tptr:1|align:2|preg:2|dom:1|fns:0|tns:0|scalar:0|text:0|blob:0|mirror:0
template_family_size = 15
clone_penalty = 10
mirrored_penalty = 0
pointer_reward = 0
strong_structure_bonus = 0
sparse_anchor_tail_penalty = 0
anchored_fragmented_split_penalty = 3
one_sided_anchorless_split_penalty = 0
anchorless_partial_split_penalty = 0
isolated_split_penalty = 0
pointer_alignment_count = 2
pointer_region_count = 2
pointer_fields = f18, f70
pointer_cluster_count = 3
front_cluster_count = 2
tail_cluster_count = 1
front_non_singleton_cluster_count = 0
tail_non_singleton_cluster_count = 0
dominant_cluster_size = 1
cluster_layout = front_tail_split
has_valid_anchor = true
dominant_cluster_covers_majority = false
isolated_split_like = false
tie_break_vector = final=27|family=15|pointer=0|isolated=0|blob=0|scalar=0|text=0|clone=10|mirror=0|neg=0|addr=0xE0402DF4788
rank_reason = anchored fragmented split penalty fired on singleton-only split layout despite valid anchor; family size 15 raised clone penalty
positive = target value matches, f08 nonzero, f08 not float-like, f18 nonzero, f18 not float-like, f20 nonzero, f20 not float-like, f68 nonzero, f68 not float-like, f70 nonzero, f70 not float-like, f78 nonzero, f78 not float-like, f58 nonzero, f58 not float-like, front metadata present, tail reference block present
negative = none

--- Candidate #84 ---
value_addr = 0xE04031348FC
base_addr  = 0xE04031348D4
f08 = 0x3604FDB1
f18 = 0x22000228
f20 = 0x02380000
f28 = 0x42C80000 (100.0)
f58 = 0x41000228
f68 = 0x01200002
f70 = 0x0B1A0402
f78 = 0x04410020
rank_position = 84
base_score = 40
prescore_score = 40
final_score = 27
total adjustment = -13
score = 27
hard_pass = true
flags = target_match, strong_front_block, strong_tail_block, object_like, anchored_fragmented_split_like, template_clone_family
score_breakdown = +10 target_match; +2 f08_nonzero; +2 f08_not_floatlike; +2 f18_nonzero; +2 f18_not_floatlike; +2 f20_nonzero; +2 f20_not_floatlike; +2 f68_nonzero; +2 f68_not_floatlike; +2 f70_nonzero; +2 f70_not_floatlike; +2 f78_nonzero; +2 f78_not_floatlike; +3 f58_nonzero; +2 f58_not_floatlike; +1 legacy_pointer_balanced_compat; -3 anchored_fragmented_split_penalty; -10 clone_penalty
code_blob_score = 0
code_blob_penalty = 0
scalar_block_score = 2
scalar_block_penalty = 0
text_block_score = 0
text_block_penalty = 0
template_family_id = cls:XADDXXP|layout:front_tail_split|fptr:1|tptr:1|align:2|preg:2|dom:1|fns:0|tns:0|scalar:0|text:0|blob:0|mirror:0
clone_family_id = layout:front_tail_split|fptr:1|tptr:1|align:2|preg:2|dom:1|fns:0|tns:0|scalar:0|text:0|blob:0|mirror:0
template_family_size = 15
clone_penalty = 10
mirrored_penalty = 0
pointer_reward = 0
strong_structure_bonus = 0
sparse_anchor_tail_penalty = 0
anchored_fragmented_split_penalty = 3
one_sided_anchorless_split_penalty = 0
anchorless_partial_split_penalty = 0
isolated_split_penalty = 0
pointer_alignment_count = 2
pointer_region_count = 2
pointer_fields = f18, f78
pointer_cluster_count = 3
front_cluster_count = 2
tail_cluster_count = 1
front_non_singleton_cluster_count = 0
tail_non_singleton_cluster_count = 0
dominant_cluster_size = 1
cluster_layout = front_tail_split
has_valid_anchor = true
dominant_cluster_covers_majority = false
isolated_split_like = false
tie_break_vector = final=27|family=15|pointer=0|isolated=0|blob=0|scalar=0|text=0|clone=10|mirror=0|neg=0|addr=0xE04031348FC
rank_reason = anchored fragmented split penalty fired on singleton-only split layout despite valid anchor; family size 15 raised clone penalty
positive = target value matches, f08 nonzero, f08 not float-like, f18 nonzero, f18 not float-like, f20 nonzero, f20 not float-like, f68 nonzero, f68 not float-like, f70 nonzero, f70 not float-like, f78 nonzero, f78 not float-like, f58 nonzero, f58 not float-like, front metadata present, tail reference block present
negative = none

--- Candidate #85 ---
value_addr = 0x3BC04D5812C
base_addr  = 0x3BC04D58104
f08 = 0x3E000004
f18 = 0xBF3504F4
f20 = 0x80000000
f28 = 0x42C80000 (100.0)
f58 = 0x3D79DB23
f68 = 0x3F000001
f70 = 0x3F000000
f78 = 0x3D79DB31
rank_position = 85
base_score = 40
prescore_score = 40
final_score = 25
total adjustment = -15
score = 25
hard_pass = true
flags = target_match, strong_front_block, strong_tail_block, object_like, anchored_fragmented_split_like, scalar_block_like, text_block_like, template_clone_family
score_breakdown = +10 target_match; +2 f08_nonzero; +2 f08_not_floatlike; +2 f18_nonzero; +2 f18_not_floatlike; +2 f20_nonzero; +2 f20_not_floatlike; +2 f68_nonzero; +2 f68_not_floatlike; +2 f70_nonzero; +2 f70_not_floatlike; +2 f78_nonzero; +2 f78_not_floatlike; +3 f58_nonzero; +2 f58_not_floatlike; +1 legacy_pointer_balanced_compat; -3 anchored_fragmented_split_penalty; -3 scalar_block_penalty; -3 text_block_penalty; -6 clone_penalty
code_blob_score = 0
code_blob_penalty = 0
scalar_block_score = 6
scalar_block_penalty = 3
text_block_score = 8
text_block_penalty = 3
template_family_id = cls:PDAXXPX|layout:front_tail_split|fptr:2|tptr:1|align:3+|preg:3+|dom:1|fns:0|tns:0|scalar:low|text:low|blob:0|mirror:0
clone_family_id = layout:front_tail_split|fptr:2|tptr:1|align:3+|preg:3+|dom:1|fns:0|tns:0|scalar:low|text:low|blob:0|mirror:0
template_family_size = 5
clone_penalty = 6
mirrored_penalty = 0
pointer_reward = 0
strong_structure_bonus = 0
sparse_anchor_tail_penalty = 0
anchored_fragmented_split_penalty = 3
one_sided_anchorless_split_penalty = 0
anchorless_partial_split_penalty = 0
isolated_split_penalty = 0
pointer_alignment_count = 3
pointer_region_count = 3
pointer_fields = f08, f20, f70
pointer_cluster_count = 4
front_cluster_count = 3
tail_cluster_count = 1
front_non_singleton_cluster_count = 0
tail_non_singleton_cluster_count = 0
dominant_cluster_size = 1
cluster_layout = front_tail_split
has_valid_anchor = true
dominant_cluster_covers_majority = false
isolated_split_like = false
tie_break_vector = final=25|family=5|pointer=0|isolated=0|blob=0|scalar=3|text=3|clone=6|mirror=0|neg=0|addr=0x3BC04D5812C
rank_reason = anchored fragmented split penalty fired on singleton-only split layout despite valid anchor; scalar penalty fired on float-like/scalar template; text penalty fired on little-endian ASCII/UTF16-like chunks; family size 5 raised clone penalty
positive = target value matches, f08 nonzero, f08 not float-like, f18 nonzero, f18 not float-like, f20 nonzero, f20 not float-like, f68 nonzero, f68 not float-like, f70 nonzero, f70 not float-like, f78 nonzero, f78 not float-like, f58 nonzero, f58 not float-like, front metadata present, tail reference block present
negative = none

--- Candidate #86 ---
value_addr = 0x3BC06570BEC
base_addr  = 0x3BC06570BC4
f08 = 0x3E000000
f18 = 0xBF3504F4
f20 = 0x80000000
f28 = 0x42C80000 (100.0)
f58 = 0x3D79DB23
f68 = 0x3F000001
f70 = 0x3F000000
f78 = 0x3D79DB31
rank_position = 86
base_score = 40
prescore_score = 40
final_score = 25
total adjustment = -15
score = 25
hard_pass = true
flags = target_match, strong_front_block, strong_tail_block, object_like, anchored_fragmented_split_like, scalar_block_like, text_block_like, template_clone_family
score_breakdown = +10 target_match; +2 f08_nonzero; +2 f08_not_floatlike; +2 f18_nonzero; +2 f18_not_floatlike; +2 f20_nonzero; +2 f20_not_floatlike; +2 f68_nonzero; +2 f68_not_floatlike; +2 f70_nonzero; +2 f70_not_floatlike; +2 f78_nonzero; +2 f78_not_floatlike; +3 f58_nonzero; +2 f58_not_floatlike; +1 legacy_pointer_balanced_compat; -3 anchored_fragmented_split_penalty; -3 scalar_block_penalty; -3 text_block_penalty; -6 clone_penalty
code_blob_score = 0
code_blob_penalty = 0
scalar_block_score = 6
scalar_block_penalty = 3
text_block_score = 8
text_block_penalty = 3
template_family_id = cls:PDAXXPX|layout:front_tail_split|fptr:2|tptr:1|align:3+|preg:3+|dom:1|fns:0|tns:0|scalar:low|text:low|blob:0|mirror:0
clone_family_id = layout:front_tail_split|fptr:2|tptr:1|align:3+|preg:3+|dom:1|fns:0|tns:0|scalar:low|text:low|blob:0|mirror:0
template_family_size = 5
clone_penalty = 6
mirrored_penalty = 0
pointer_reward = 0
strong_structure_bonus = 0
sparse_anchor_tail_penalty = 0
anchored_fragmented_split_penalty = 3
one_sided_anchorless_split_penalty = 0
anchorless_partial_split_penalty = 0
isolated_split_penalty = 0
pointer_alignment_count = 3
pointer_region_count = 3
pointer_fields = f08, f20, f70
pointer_cluster_count = 4
front_cluster_count = 3
tail_cluster_count = 1
front_non_singleton_cluster_count = 0
tail_non_singleton_cluster_count = 0
dominant_cluster_size = 1
cluster_layout = front_tail_split
has_valid_anchor = true
dominant_cluster_covers_majority = false
isolated_split_like = false
tie_break_vector = final=25|family=5|pointer=0|isolated=0|blob=0|scalar=3|text=3|clone=6|mirror=0|neg=0|addr=0x3BC06570BEC
rank_reason = anchored fragmented split penalty fired on singleton-only split layout despite valid anchor; scalar penalty fired on float-like/scalar template; text penalty fired on little-endian ASCII/UTF16-like chunks; family size 5 raised clone penalty
positive = target value matches, f08 nonzero, f08 not float-like, f18 nonzero, f18 not float-like, f20 nonzero, f20 not float-like, f68 nonzero, f68 not float-like, f70 nonzero, f70 not float-like, f78 nonzero, f78 not float-like, f58 nonzero, f58 not float-like, front metadata present, tail reference block present
negative = none

--- Candidate #87 ---
value_addr = 0x3BC065BCBCC
base_addr  = 0x3BC065BCBA4
f08 = 0x3E000004
f18 = 0xBF3504F4
f20 = 0x80000000
f28 = 0x42C80000 (100.0)
f58 = 0x3D79DB23
f68 = 0x3F000001
f70 = 0x3F000000
f78 = 0x3D79DB31
rank_position = 87
base_score = 40
prescore_score = 40
final_score = 25
total adjustment = -15
score = 25
hard_pass = true
flags = target_match, strong_front_block, strong_tail_block, object_like, anchored_fragmented_split_like, scalar_block_like, text_block_like, template_clone_family
score_breakdown = +10 target_match; +2 f08_nonzero; +2 f08_not_floatlike; +2 f18_nonzero; +2 f18_not_floatlike; +2 f20_nonzero; +2 f20_not_floatlike; +2 f68_nonzero; +2 f68_not_floatlike; +2 f70_nonzero; +2 f70_not_floatlike; +2 f78_nonzero; +2 f78_not_floatlike; +3 f58_nonzero; +2 f58_not_floatlike; +1 legacy_pointer_balanced_compat; -3 anchored_fragmented_split_penalty; -3 scalar_block_penalty; -3 text_block_penalty; -6 clone_penalty
code_blob_score = 0
code_blob_penalty = 0
scalar_block_score = 6
scalar_block_penalty = 3
text_block_score = 8
text_block_penalty = 3
template_family_id = cls:PDAXXPX|layout:front_tail_split|fptr:2|tptr:1|align:3+|preg:3+|dom:1|fns:0|tns:0|scalar:low|text:low|blob:0|mirror:0
clone_family_id = layout:front_tail_split|fptr:2|tptr:1|align:3+|preg:3+|dom:1|fns:0|tns:0|scalar:low|text:low|blob:0|mirror:0
template_family_size = 5
clone_penalty = 6
mirrored_penalty = 0
pointer_reward = 0
strong_structure_bonus = 0
sparse_anchor_tail_penalty = 0
anchored_fragmented_split_penalty = 3
one_sided_anchorless_split_penalty = 0
anchorless_partial_split_penalty = 0
isolated_split_penalty = 0
pointer_alignment_count = 3
pointer_region_count = 3
pointer_fields = f08, f20, f70
pointer_cluster_count = 4
front_cluster_count = 3
tail_cluster_count = 1
front_non_singleton_cluster_count = 0
tail_non_singleton_cluster_count = 0
dominant_cluster_size = 1
cluster_layout = front_tail_split
has_valid_anchor = true
dominant_cluster_covers_majority = false
isolated_split_like = false
tie_break_vector = final=25|family=5|pointer=0|isolated=0|blob=0|scalar=3|text=3|clone=6|mirror=0|neg=0|addr=0x3BC065BCBCC
rank_reason = anchored fragmented split penalty fired on singleton-only split layout despite valid anchor; scalar penalty fired on float-like/scalar template; text penalty fired on little-endian ASCII/UTF16-like chunks; family size 5 raised clone penalty
positive = target value matches, f08 nonzero, f08 not float-like, f18 nonzero, f18 not float-like, f20 nonzero, f20 not float-like, f68 nonzero, f68 not float-like, f70 nonzero, f70 not float-like, f78 nonzero, f78 not float-like, f58 nonzero, f58 not float-like, front metadata present, tail reference block present
negative = none

--- Candidate #88 ---
value_addr = 0x3BC068DCBC4
base_addr  = 0x3BC068DCB9C
f08 = 0x3E000004
f18 = 0xBF3504F4
f20 = 0x80000000
f28 = 0x42C80000 (100.0)
f58 = 0x3D79DB23
f68 = 0x3F000001
f70 = 0x3F000000
f78 = 0x3D79DB31
rank_position = 88
base_score = 40
prescore_score = 40
final_score = 25
total adjustment = -15
score = 25
hard_pass = true
flags = target_match, strong_front_block, strong_tail_block, object_like, anchored_fragmented_split_like, scalar_block_like, text_block_like, template_clone_family
score_breakdown = +10 target_match; +2 f08_nonzero; +2 f08_not_floatlike; +2 f18_nonzero; +2 f18_not_floatlike; +2 f20_nonzero; +2 f20_not_floatlike; +2 f68_nonzero; +2 f68_not_floatlike; +2 f70_nonzero; +2 f70_not_floatlike; +2 f78_nonzero; +2 f78_not_floatlike; +3 f58_nonzero; +2 f58_not_floatlike; +1 legacy_pointer_balanced_compat; -3 anchored_fragmented_split_penalty; -3 scalar_block_penalty; -3 text_block_penalty; -6 clone_penalty
code_blob_score = 0
code_blob_penalty = 0
scalar_block_score = 6
scalar_block_penalty = 3
text_block_score = 8
text_block_penalty = 3
template_family_id = cls:PDAXXPX|layout:front_tail_split|fptr:2|tptr:1|align:3+|preg:3+|dom:1|fns:0|tns:0|scalar:low|text:low|blob:0|mirror:0
clone_family_id = layout:front_tail_split|fptr:2|tptr:1|align:3+|preg:3+|dom:1|fns:0|tns:0|scalar:low|text:low|blob:0|mirror:0
template_family_size = 5
clone_penalty = 6
mirrored_penalty = 0
pointer_reward = 0
strong_structure_bonus = 0
sparse_anchor_tail_penalty = 0
anchored_fragmented_split_penalty = 3
one_sided_anchorless_split_penalty = 0
anchorless_partial_split_penalty = 0
isolated_split_penalty = 0
pointer_alignment_count = 3
pointer_region_count = 3
pointer_fields = f08, f20, f70
pointer_cluster_count = 4
front_cluster_count = 3
tail_cluster_count = 1
front_non_singleton_cluster_count = 0
tail_non_singleton_cluster_count = 0
dominant_cluster_size = 1
cluster_layout = front_tail_split
has_valid_anchor = true
dominant_cluster_covers_majority = false
isolated_split_like = false
tie_break_vector = final=25|family=5|pointer=0|isolated=0|blob=0|scalar=3|text=3|clone=6|mirror=0|neg=0|addr=0x3BC068DCBC4
rank_reason = anchored fragmented split penalty fired on singleton-only split layout despite valid anchor; scalar penalty fired on float-like/scalar template; text penalty fired on little-endian ASCII/UTF16-like chunks; family size 5 raised clone penalty
positive = target value matches, f08 nonzero, f08 not float-like, f18 nonzero, f18 not float-like, f20 nonzero, f20 not float-like, f68 nonzero, f68 not float-like, f70 nonzero, f70 not float-like, f78 nonzero, f78 not float-like, f58 nonzero, f58 not float-like, front metadata present, tail reference block present
negative = none

--- Candidate #89 ---
value_addr = 0x3BC0697E34C
base_addr  = 0x3BC0697E324
f08 = 0x3E000000
f18 = 0xBF3504F4
f20 = 0x80000000
f28 = 0x42C80000 (100.0)
f58 = 0x3D79DB23
f68 = 0x3F000001
f70 = 0x3F000000
f78 = 0x3D79DB31
rank_position = 89
base_score = 40
prescore_score = 40
final_score = 25
total adjustment = -15
score = 25
hard_pass = true
flags = target_match, strong_front_block, strong_tail_block, object_like, anchored_fragmented_split_like, scalar_block_like, text_block_like, template_clone_family
score_breakdown = +10 target_match; +2 f08_nonzero; +2 f08_not_floatlike; +2 f18_nonzero; +2 f18_not_floatlike; +2 f20_nonzero; +2 f20_not_floatlike; +2 f68_nonzero; +2 f68_not_floatlike; +2 f70_nonzero; +2 f70_not_floatlike; +2 f78_nonzero; +2 f78_not_floatlike; +3 f58_nonzero; +2 f58_not_floatlike; +1 legacy_pointer_balanced_compat; -3 anchored_fragmented_split_penalty; -3 scalar_block_penalty; -3 text_block_penalty; -6 clone_penalty
code_blob_score = 0
code_blob_penalty = 0
scalar_block_score = 6
scalar_block_penalty = 3
text_block_score = 8
text_block_penalty = 3
template_family_id = cls:PDAXXPX|layout:front_tail_split|fptr:2|tptr:1|align:3+|preg:3+|dom:1|fns:0|tns:0|scalar:low|text:low|blob:0|mirror:0
clone_family_id = layout:front_tail_split|fptr:2|tptr:1|align:3+|preg:3+|dom:1|fns:0|tns:0|scalar:low|text:low|blob:0|mirror:0
template_family_size = 5
clone_penalty = 6
mirrored_penalty = 0
pointer_reward = 0
strong_structure_bonus = 0
sparse_anchor_tail_penalty = 0
anchored_fragmented_split_penalty = 3
one_sided_anchorless_split_penalty = 0
anchorless_partial_split_penalty = 0
isolated_split_penalty = 0
pointer_alignment_count = 3
pointer_region_count = 3
pointer_fields = f08, f20, f70
pointer_cluster_count = 4
front_cluster_count = 3
tail_cluster_count = 1
front_non_singleton_cluster_count = 0
tail_non_singleton_cluster_count = 0
dominant_cluster_size = 1
cluster_layout = front_tail_split
has_valid_anchor = true
dominant_cluster_covers_majority = false
isolated_split_like = false
tie_break_vector = final=25|family=5|pointer=0|isolated=0|blob=0|scalar=3|text=3|clone=6|mirror=0|neg=0|addr=0x3BC0697E34C
rank_reason = anchored fragmented split penalty fired on singleton-only split layout despite valid anchor; scalar penalty fired on float-like/scalar template; text penalty fired on little-endian ASCII/UTF16-like chunks; family size 5 raised clone penalty
positive = target value matches, f08 nonzero, f08 not float-like, f18 nonzero, f18 not float-like, f20 nonzero, f20 not float-like, f68 nonzero, f68 not float-like, f70 nonzero, f70 not float-like, f78 nonzero, f78 not float-like, f58 nonzero, f58 not float-like, front metadata present, tail reference block present
negative = none

--- Candidate #90 ---
value_addr = 0x3B80951A4B8
base_addr  = 0x3B80951A490
f08 = 0x05204004
f18 = 0x01F5D1DC
f20 = 0x0043559D
f28 = 0x42C80000 (100.0)
f58 = 0x02413802
f68 = 0x41002271
f70 = 0x00410002
f78 = 0x70022820
rank_position = 90
base_score = 40
prescore_score = 40
final_score = 24
total adjustment = -16
score = 24
hard_pass = true
flags = target_match, strong_front_block, strong_tail_block, object_like, anchored_fragmented_split_like, text_block_like, template_clone_family
score_breakdown = +10 target_match; +2 f08_nonzero; +2 f08_not_floatlike; +2 f18_nonzero; +2 f18_not_floatlike; +2 f20_nonzero; +2 f20_not_floatlike; +2 f68_nonzero; +2 f68_not_floatlike; +2 f70_nonzero; +2 f70_not_floatlike; +2 f78_nonzero; +2 f78_not_floatlike; +3 f58_nonzero; +2 f58_not_floatlike; +1 legacy_pointer_balanced_compat; -3 anchored_fragmented_split_penalty; -3 text_block_penalty; -10 clone_penalty
code_blob_score = 0
code_blob_penalty = 0
scalar_block_score = 0
scalar_block_penalty = 0
text_block_score = 6
text_block_penalty = 3
template_family_id = cls:ADXXXXP|layout:front_tail_split|fptr:1|tptr:1|align:2|preg:2|dom:1|fns:0|tns:0|scalar:0|text:low|blob:0|mirror:0
clone_family_id = layout:front_tail_split|fptr:1|tptr:1|align:2|preg:2|dom:1|fns:0|tns:0|scalar:0|text:low|blob:0|mirror:0
template_family_size = 11
clone_penalty = 10
mirrored_penalty = 0
pointer_reward = 0
strong_structure_bonus = 0
sparse_anchor_tail_penalty = 0
anchored_fragmented_split_penalty = 3
one_sided_anchorless_split_penalty = 0
anchorless_partial_split_penalty = 0
isolated_split_penalty = 0
pointer_alignment_count = 2
pointer_region_count = 2
pointer_fields = f08, f78
pointer_cluster_count = 3
front_cluster_count = 2
tail_cluster_count = 1
front_non_singleton_cluster_count = 0
tail_non_singleton_cluster_count = 0
dominant_cluster_size = 1
cluster_layout = front_tail_split
has_valid_anchor = true
dominant_cluster_covers_majority = false
isolated_split_like = false
tie_break_vector = final=24|family=11|pointer=0|isolated=0|blob=0|scalar=0|text=3|clone=10|mirror=0|neg=0|addr=0x3B80951A4B8
rank_reason = anchored fragmented split penalty fired on singleton-only split layout despite valid anchor; text penalty fired on little-endian ASCII/UTF16-like chunks; family size 11 raised clone penalty
positive = target value matches, f08 nonzero, f08 not float-like, f18 nonzero, f18 not float-like, f20 nonzero, f20 not float-like, f68 nonzero, f68 not float-like, f70 nonzero, f70 not float-like, f78 nonzero, f78 not float-like, f58 nonzero, f58 not float-like, front metadata present, tail reference block present
negative = none

--- Candidate #91 ---
value_addr = 0x3B80979A2C8
base_addr  = 0x3B80979A2A0
f08 = 0x02410C20
f18 = 0x21955720
f20 = 0x56219557
f28 = 0x42C80000 (100.0)
f58 = 0x53200553
f68 = 0x7402410C
f70 = 0x02389366
f78 = 0x0C200002
rank_position = 91
base_score = 40
prescore_score = 40
final_score = 24
total adjustment = -16
score = 24
hard_pass = true
flags = target_match, strong_front_block, strong_tail_block, object_like, anchored_fragmented_split_like, text_block_like, template_clone_family
score_breakdown = +10 target_match; +2 f08_nonzero; +2 f08_not_floatlike; +2 f18_nonzero; +2 f18_not_floatlike; +2 f20_nonzero; +2 f20_not_floatlike; +2 f68_nonzero; +2 f68_not_floatlike; +2 f70_nonzero; +2 f70_not_floatlike; +2 f78_nonzero; +2 f78_not_floatlike; +3 f58_nonzero; +2 f58_not_floatlike; +1 legacy_pointer_balanced_compat; -3 anchored_fragmented_split_penalty; -3 text_block_penalty; -10 clone_penalty
code_blob_score = 0
code_blob_penalty = 0
scalar_block_score = 0
scalar_block_penalty = 0
text_block_score = 9
text_block_penalty = 3
template_family_id = cls:ADXXPXX|layout:front_tail_split|fptr:1|tptr:1|align:2|preg:2|dom:1|fns:0|tns:0|scalar:0|text:low|blob:0|mirror:0
clone_family_id = layout:front_tail_split|fptr:1|tptr:1|align:2|preg:2|dom:1|fns:0|tns:0|scalar:0|text:low|blob:0|mirror:0
template_family_size = 11
clone_penalty = 10
mirrored_penalty = 0
pointer_reward = 0
strong_structure_bonus = 0
sparse_anchor_tail_penalty = 0
anchored_fragmented_split_penalty = 3
one_sided_anchorless_split_penalty = 0
anchorless_partial_split_penalty = 0
isolated_split_penalty = 0
pointer_alignment_count = 2
pointer_region_count = 2
pointer_fields = f08, f68
pointer_cluster_count = 3
front_cluster_count = 2
tail_cluster_count = 1
front_non_singleton_cluster_count = 0
tail_non_singleton_cluster_count = 0
dominant_cluster_size = 1
cluster_layout = front_tail_split
has_valid_anchor = true
dominant_cluster_covers_majority = false
isolated_split_like = false
tie_break_vector = final=24|family=11|pointer=0|isolated=0|blob=0|scalar=0|text=3|clone=10|mirror=0|neg=0|addr=0x3B80979A2C8
rank_reason = anchored fragmented split penalty fired on singleton-only split layout despite valid anchor; text penalty fired on little-endian ASCII/UTF16-like chunks; family size 11 raised clone penalty
positive = target value matches, f08 nonzero, f08 not float-like, f18 nonzero, f18 not float-like, f20 nonzero, f20 not float-like, f68 nonzero, f68 not float-like, f70 nonzero, f70 not float-like, f78 nonzero, f78 not float-like, f58 nonzero, f58 not float-like, front metadata present, tail reference block present
negative = none

--- Candidate #92 ---
value_addr = 0x3B809EC3FDC
base_addr  = 0x3B809EC3FB4
f08 = 0x20040238
f18 = 0x200B0F07
f20 = 0x219242C8
f28 = 0x42C80000 (100.0)
f58 = 0x216A0841
f68 = 0x00000043
f70 = 0x20062040
f78 = 0x20000238
rank_position = 92
base_score = 40
prescore_score = 40
final_score = 24
total adjustment = -16
score = 24
hard_pass = true
flags = target_match, strong_front_block, strong_tail_block, object_like, anchored_fragmented_split_like, text_block_like, template_clone_family
score_breakdown = +10 target_match; +2 f08_nonzero; +2 f08_not_floatlike; +2 f18_nonzero; +2 f18_not_floatlike; +2 f20_nonzero; +2 f20_not_floatlike; +2 f68_nonzero; +2 f68_not_floatlike; +2 f70_nonzero; +2 f70_not_floatlike; +2 f78_nonzero; +2 f78_not_floatlike; +3 f58_nonzero; +2 f58_not_floatlike; +1 legacy_pointer_balanced_compat; -3 anchored_fragmented_split_penalty; -3 text_block_penalty; -10 clone_penalty
code_blob_score = 0
code_blob_penalty = 0
scalar_block_score = 0
scalar_block_penalty = 0
text_block_score = 6
text_block_penalty = 3
template_family_id = cls:AXDXSPD|layout:front_tail_split|fptr:1|tptr:1|align:2|preg:2|dom:1|fns:0|tns:0|scalar:0|text:low|blob:0|mirror:0
clone_family_id = layout:front_tail_split|fptr:1|tptr:1|align:2|preg:2|dom:1|fns:0|tns:0|scalar:0|text:low|blob:0|mirror:0
template_family_size = 11
clone_penalty = 10
mirrored_penalty = 0
pointer_reward = 0
strong_structure_bonus = 0
sparse_anchor_tail_penalty = 0
anchored_fragmented_split_penalty = 3
one_sided_anchorless_split_penalty = 0
anchorless_partial_split_penalty = 0
isolated_split_penalty = 0
pointer_alignment_count = 2
pointer_region_count = 2
pointer_fields = f08, f70
pointer_cluster_count = 4
front_cluster_count = 2
tail_cluster_count = 2
front_non_singleton_cluster_count = 0
tail_non_singleton_cluster_count = 0
dominant_cluster_size = 1
cluster_layout = front_tail_split
has_valid_anchor = true
dominant_cluster_covers_majority = false
isolated_split_like = false
tie_break_vector = final=24|family=11|pointer=0|isolated=0|blob=0|scalar=0|text=3|clone=10|mirror=0|neg=0|addr=0x3B809EC3FDC
rank_reason = anchored fragmented split penalty fired on singleton-only split layout despite valid anchor; text penalty fired on little-endian ASCII/UTF16-like chunks; family size 11 raised clone penalty
positive = target value matches, f08 nonzero, f08 not float-like, f18 nonzero, f18 not float-like, f20 nonzero, f20 not float-like, f68 nonzero, f68 not float-like, f70 nonzero, f70 not float-like, f78 nonzero, f78 not float-like, f58 nonzero, f58 not float-like, front metadata present, tail reference block present
negative = none

--- Candidate #93 ---
value_addr = 0x3B809EC4D1C
base_addr  = 0x3B809EC4CF4
f08 = 0x20040238
f18 = 0x200B0F07
f20 = 0x219242C8
f28 = 0x42C80000 (100.0)
f58 = 0x216A0841
f68 = 0x00000043
f70 = 0x20062040
f78 = 0x20000238
rank_position = 93
base_score = 40
prescore_score = 40
final_score = 24
total adjustment = -16
score = 24
hard_pass = true
flags = target_match, strong_front_block, strong_tail_block, object_like, anchored_fragmented_split_like, text_block_like, template_clone_family
score_breakdown = +10 target_match; +2 f08_nonzero; +2 f08_not_floatlike; +2 f18_nonzero; +2 f18_not_floatlike; +2 f20_nonzero; +2 f20_not_floatlike; +2 f68_nonzero; +2 f68_not_floatlike; +2 f70_nonzero; +2 f70_not_floatlike; +2 f78_nonzero; +2 f78_not_floatlike; +3 f58_nonzero; +2 f58_not_floatlike; +1 legacy_pointer_balanced_compat; -3 anchored_fragmented_split_penalty; -3 text_block_penalty; -10 clone_penalty
code_blob_score = 0
code_blob_penalty = 0
scalar_block_score = 0
scalar_block_penalty = 0
text_block_score = 6
text_block_penalty = 3
template_family_id = cls:AXDXSPD|layout:front_tail_split|fptr:1|tptr:1|align:2|preg:2|dom:1|fns:0|tns:0|scalar:0|text:low|blob:0|mirror:0
clone_family_id = layout:front_tail_split|fptr:1|tptr:1|align:2|preg:2|dom:1|fns:0|tns:0|scalar:0|text:low|blob:0|mirror:0
template_family_size = 11
clone_penalty = 10
mirrored_penalty = 0
pointer_reward = 0
strong_structure_bonus = 0
sparse_anchor_tail_penalty = 0
anchored_fragmented_split_penalty = 3
one_sided_anchorless_split_penalty = 0
anchorless_partial_split_penalty = 0
isolated_split_penalty = 0
pointer_alignment_count = 2
pointer_region_count = 2
pointer_fields = f08, f70
pointer_cluster_count = 4
front_cluster_count = 2
tail_cluster_count = 2
front_non_singleton_cluster_count = 0
tail_non_singleton_cluster_count = 0
dominant_cluster_size = 1
cluster_layout = front_tail_split
has_valid_anchor = true
dominant_cluster_covers_majority = false
isolated_split_like = false
tie_break_vector = final=24|family=11|pointer=0|isolated=0|blob=0|scalar=0|text=3|clone=10|mirror=0|neg=0|addr=0x3B809EC4D1C
rank_reason = anchored fragmented split penalty fired on singleton-only split layout despite valid anchor; text penalty fired on little-endian ASCII/UTF16-like chunks; family size 11 raised clone penalty
positive = target value matches, f08 nonzero, f08 not float-like, f18 nonzero, f18 not float-like, f20 nonzero, f20 not float-like, f68 nonzero, f68 not float-like, f70 nonzero, f70 not float-like, f78 nonzero, f78 not float-like, f58 nonzero, f58 not float-like, front metadata present, tail reference block present
negative = none

--- Candidate #94 ---
value_addr = 0x3B80A2AA638
base_addr  = 0x3B80A2AA610
f08 = 0x3A710141
f18 = 0x01F8E59C
f20 = 0xF4E51001
f28 = 0x42C80000 (100.0)
f58 = 0x45740228
f68 = 0x2801FFB6
f70 = 0x00410120
f78 = 0x00204004
rank_position = 94
base_score = 40
prescore_score = 40
final_score = 24
total adjustment = -16
score = 24
hard_pass = true
flags = target_match, strong_front_block, strong_tail_block, object_like, anchored_fragmented_split_like, text_block_like, template_clone_family
score_breakdown = +10 target_match; +2 f08_nonzero; +2 f08_not_floatlike; +2 f18_nonzero; +2 f18_not_floatlike; +2 f20_nonzero; +2 f20_not_floatlike; +2 f68_nonzero; +2 f68_not_floatlike; +2 f70_nonzero; +2 f70_not_floatlike; +2 f78_nonzero; +2 f78_not_floatlike; +3 f58_nonzero; +2 f58_not_floatlike; +1 legacy_pointer_balanced_compat; -3 anchored_fragmented_split_penalty; -3 text_block_penalty; -10 clone_penalty
code_blob_score = 0
code_blob_penalty = 0
scalar_block_score = 2
scalar_block_penalty = 0
text_block_score = 6
text_block_penalty = 3
template_family_id = cls:XAXDXPD|layout:front_tail_split|fptr:1|tptr:1|align:2|preg:2|dom:1|fns:0|tns:0|scalar:0|text:low|blob:0|mirror:0
clone_family_id = layout:front_tail_split|fptr:1|tptr:1|align:2|preg:2|dom:1|fns:0|tns:0|scalar:0|text:low|blob:0|mirror:0
template_family_size = 11
clone_penalty = 10
mirrored_penalty = 0
pointer_reward = 0
strong_structure_bonus = 0
sparse_anchor_tail_penalty = 0
anchored_fragmented_split_penalty = 3
one_sided_anchorless_split_penalty = 0
anchorless_partial_split_penalty = 0
isolated_split_penalty = 0
pointer_alignment_count = 2
pointer_region_count = 2
pointer_fields = f18, f70
pointer_cluster_count = 3
front_cluster_count = 1
tail_cluster_count = 2
front_non_singleton_cluster_count = 0
tail_non_singleton_cluster_count = 0
dominant_cluster_size = 1
cluster_layout = front_tail_split
has_valid_anchor = true
dominant_cluster_covers_majority = false
isolated_split_like = false
tie_break_vector = final=24|family=11|pointer=0|isolated=0|blob=0|scalar=0|text=3|clone=10|mirror=0|neg=0|addr=0x3B80A2AA638
rank_reason = anchored fragmented split penalty fired on singleton-only split layout despite valid anchor; text penalty fired on little-endian ASCII/UTF16-like chunks; family size 11 raised clone penalty
positive = target value matches, f08 nonzero, f08 not float-like, f18 nonzero, f18 not float-like, f20 nonzero, f20 not float-like, f68 nonzero, f68 not float-like, f70 nonzero, f70 not float-like, f78 nonzero, f78 not float-like, f58 nonzero, f58 not float-like, front metadata present, tail reference block present
negative = none

--- Candidate #95 ---
value_addr = 0xE040271A4B8
base_addr  = 0xE040271A490
f08 = 0x05204004
f18 = 0x01F5D1DC
f20 = 0x0043559D
f28 = 0x42C80000 (100.0)
f58 = 0x02413802
f68 = 0x41002271
f70 = 0x00410002
f78 = 0x70022820
rank_position = 95
base_score = 40
prescore_score = 40
final_score = 24
total adjustment = -16
score = 24
hard_pass = true
flags = target_match, strong_front_block, strong_tail_block, object_like, anchored_fragmented_split_like, text_block_like, template_clone_family
score_breakdown = +10 target_match; +2 f08_nonzero; +2 f08_not_floatlike; +2 f18_nonzero; +2 f18_not_floatlike; +2 f20_nonzero; +2 f20_not_floatlike; +2 f68_nonzero; +2 f68_not_floatlike; +2 f70_nonzero; +2 f70_not_floatlike; +2 f78_nonzero; +2 f78_not_floatlike; +3 f58_nonzero; +2 f58_not_floatlike; +1 legacy_pointer_balanced_compat; -3 anchored_fragmented_split_penalty; -3 text_block_penalty; -10 clone_penalty
code_blob_score = 0
code_blob_penalty = 0
scalar_block_score = 0
scalar_block_penalty = 0
text_block_score = 6
text_block_penalty = 3
template_family_id = cls:ADXXXXP|layout:front_tail_split|fptr:1|tptr:1|align:2|preg:2|dom:1|fns:0|tns:0|scalar:0|text:low|blob:0|mirror:0
clone_family_id = layout:front_tail_split|fptr:1|tptr:1|align:2|preg:2|dom:1|fns:0|tns:0|scalar:0|text:low|blob:0|mirror:0
template_family_size = 11
clone_penalty = 10
mirrored_penalty = 0
pointer_reward = 0
strong_structure_bonus = 0
sparse_anchor_tail_penalty = 0
anchored_fragmented_split_penalty = 3
one_sided_anchorless_split_penalty = 0
anchorless_partial_split_penalty = 0
isolated_split_penalty = 0
pointer_alignment_count = 2
pointer_region_count = 2
pointer_fields = f08, f78
pointer_cluster_count = 3
front_cluster_count = 2
tail_cluster_count = 1
front_non_singleton_cluster_count = 0
tail_non_singleton_cluster_count = 0
dominant_cluster_size = 1
cluster_layout = front_tail_split
has_valid_anchor = true
dominant_cluster_covers_majority = false
isolated_split_like = false
tie_break_vector = final=24|family=11|pointer=0|isolated=0|blob=0|scalar=0|text=3|clone=10|mirror=0|neg=0|addr=0xE040271A4B8
rank_reason = anchored fragmented split penalty fired on singleton-only split layout despite valid anchor; text penalty fired on little-endian ASCII/UTF16-like chunks; family size 11 raised clone penalty
positive = target value matches, f08 nonzero, f08 not float-like, f18 nonzero, f18 not float-like, f20 nonzero, f20 not float-like, f68 nonzero, f68 not float-like, f70 nonzero, f70 not float-like, f78 nonzero, f78 not float-like, f58 nonzero, f58 not float-like, front metadata present, tail reference block present
negative = none

--- Candidate #96 ---
value_addr = 0xE040299A2C8
base_addr  = 0xE040299A2A0
f08 = 0x02410C20
f18 = 0x21955720
f20 = 0x56219557
f28 = 0x42C80000 (100.0)
f58 = 0x53200553
f68 = 0x7402410C
f70 = 0x02389366
f78 = 0x0C200002
rank_position = 96
base_score = 40
prescore_score = 40
final_score = 24
total adjustment = -16
score = 24
hard_pass = true
flags = target_match, strong_front_block, strong_tail_block, object_like, anchored_fragmented_split_like, text_block_like, template_clone_family
score_breakdown = +10 target_match; +2 f08_nonzero; +2 f08_not_floatlike; +2 f18_nonzero; +2 f18_not_floatlike; +2 f20_nonzero; +2 f20_not_floatlike; +2 f68_nonzero; +2 f68_not_floatlike; +2 f70_nonzero; +2 f70_not_floatlike; +2 f78_nonzero; +2 f78_not_floatlike; +3 f58_nonzero; +2 f58_not_floatlike; +1 legacy_pointer_balanced_compat; -3 anchored_fragmented_split_penalty; -3 text_block_penalty; -10 clone_penalty
code_blob_score = 0
code_blob_penalty = 0
scalar_block_score = 0
scalar_block_penalty = 0
text_block_score = 9
text_block_penalty = 3
template_family_id = cls:ADXXPXX|layout:front_tail_split|fptr:1|tptr:1|align:2|preg:2|dom:1|fns:0|tns:0|scalar:0|text:low|blob:0|mirror:0
clone_family_id = layout:front_tail_split|fptr:1|tptr:1|align:2|preg:2|dom:1|fns:0|tns:0|scalar:0|text:low|blob:0|mirror:0
template_family_size = 11
clone_penalty = 10
mirrored_penalty = 0
pointer_reward = 0
strong_structure_bonus = 0
sparse_anchor_tail_penalty = 0
anchored_fragmented_split_penalty = 3
one_sided_anchorless_split_penalty = 0
anchorless_partial_split_penalty = 0
isolated_split_penalty = 0
pointer_alignment_count = 2
pointer_region_count = 2
pointer_fields = f08, f68
pointer_cluster_count = 3
front_cluster_count = 2
tail_cluster_count = 1
front_non_singleton_cluster_count = 0
tail_non_singleton_cluster_count = 0
dominant_cluster_size = 1
cluster_layout = front_tail_split
has_valid_anchor = true
dominant_cluster_covers_majority = false
isolated_split_like = false
tie_break_vector = final=24|family=11|pointer=0|isolated=0|blob=0|scalar=0|text=3|clone=10|mirror=0|neg=0|addr=0xE040299A2C8
rank_reason = anchored fragmented split penalty fired on singleton-only split layout despite valid anchor; text penalty fired on little-endian ASCII/UTF16-like chunks; family size 11 raised clone penalty
positive = target value matches, f08 nonzero, f08 not float-like, f18 nonzero, f18 not float-like, f20 nonzero, f20 not float-like, f68 nonzero, f68 not float-like, f70 nonzero, f70 not float-like, f78 nonzero, f78 not float-like, f58 nonzero, f58 not float-like, front metadata present, tail reference block present
negative = none

--- Candidate #97 ---
value_addr = 0xE04030C3FDC
base_addr  = 0xE04030C3FB4
f08 = 0x20040238
f18 = 0x200B0F07
f20 = 0x219242C8
f28 = 0x42C80000 (100.0)
f58 = 0x216A0841
f68 = 0x00000043
f70 = 0x20062040
f78 = 0x20000238
rank_position = 97
base_score = 40
prescore_score = 40
final_score = 24
total adjustment = -16
score = 24
hard_pass = true
flags = target_match, strong_front_block, strong_tail_block, object_like, anchored_fragmented_split_like, text_block_like, template_clone_family
score_breakdown = +10 target_match; +2 f08_nonzero; +2 f08_not_floatlike; +2 f18_nonzero; +2 f18_not_floatlike; +2 f20_nonzero; +2 f20_not_floatlike; +2 f68_nonzero; +2 f68_not_floatlike; +2 f70_nonzero; +2 f70_not_floatlike; +2 f78_nonzero; +2 f78_not_floatlike; +3 f58_nonzero; +2 f58_not_floatlike; +1 legacy_pointer_balanced_compat; -3 anchored_fragmented_split_penalty; -3 text_block_penalty; -10 clone_penalty
code_blob_score = 0
code_blob_penalty = 0
scalar_block_score = 0
scalar_block_penalty = 0
text_block_score = 6
text_block_penalty = 3
template_family_id = cls:AXDXSPD|layout:front_tail_split|fptr:1|tptr:1|align:2|preg:2|dom:1|fns:0|tns:0|scalar:0|text:low|blob:0|mirror:0
clone_family_id = layout:front_tail_split|fptr:1|tptr:1|align:2|preg:2|dom:1|fns:0|tns:0|scalar:0|text:low|blob:0|mirror:0
template_family_size = 11
clone_penalty = 10
mirrored_penalty = 0
pointer_reward = 0
strong_structure_bonus = 0
sparse_anchor_tail_penalty = 0
anchored_fragmented_split_penalty = 3
one_sided_anchorless_split_penalty = 0
anchorless_partial_split_penalty = 0
isolated_split_penalty = 0
pointer_alignment_count = 2
pointer_region_count = 2
pointer_fields = f08, f70
pointer_cluster_count = 4
front_cluster_count = 2
tail_cluster_count = 2
front_non_singleton_cluster_count = 0
tail_non_singleton_cluster_count = 0
dominant_cluster_size = 1
cluster_layout = front_tail_split
has_valid_anchor = true
dominant_cluster_covers_majority = false
isolated_split_like = false
tie_break_vector = final=24|family=11|pointer=0|isolated=0|blob=0|scalar=0|text=3|clone=10|mirror=0|neg=0|addr=0xE04030C3FDC
rank_reason = anchored fragmented split penalty fired on singleton-only split layout despite valid anchor; text penalty fired on little-endian ASCII/UTF16-like chunks; family size 11 raised clone penalty
positive = target value matches, f08 nonzero, f08 not float-like, f18 nonzero, f18 not float-like, f20 nonzero, f20 not float-like, f68 nonzero, f68 not float-like, f70 nonzero, f70 not float-like, f78 nonzero, f78 not float-like, f58 nonzero, f58 not float-like, front metadata present, tail reference block present
negative = none

--- Candidate #98 ---
value_addr = 0xE04030C4D1C
base_addr  = 0xE04030C4CF4
f08 = 0x20040238
f18 = 0x200B0F07
f20 = 0x219242C8
f28 = 0x42C80000 (100.0)
f58 = 0x216A0841
f68 = 0x00000043
f70 = 0x20062040
f78 = 0x20000238
rank_position = 98
base_score = 40
prescore_score = 40
final_score = 24
total adjustment = -16
score = 24
hard_pass = true
flags = target_match, strong_front_block, strong_tail_block, object_like, anchored_fragmented_split_like, text_block_like, template_clone_family
score_breakdown = +10 target_match; +2 f08_nonzero; +2 f08_not_floatlike; +2 f18_nonzero; +2 f18_not_floatlike; +2 f20_nonzero; +2 f20_not_floatlike; +2 f68_nonzero; +2 f68_not_floatlike; +2 f70_nonzero; +2 f70_not_floatlike; +2 f78_nonzero; +2 f78_not_floatlike; +3 f58_nonzero; +2 f58_not_floatlike; +1 legacy_pointer_balanced_compat; -3 anchored_fragmented_split_penalty; -3 text_block_penalty; -10 clone_penalty
code_blob_score = 0
code_blob_penalty = 0
scalar_block_score = 0
scalar_block_penalty = 0
text_block_score = 6
text_block_penalty = 3
template_family_id = cls:AXDXSPD|layout:front_tail_split|fptr:1|tptr:1|align:2|preg:2|dom:1|fns:0|tns:0|scalar:0|text:low|blob:0|mirror:0
clone_family_id = layout:front_tail_split|fptr:1|tptr:1|align:2|preg:2|dom:1|fns:0|tns:0|scalar:0|text:low|blob:0|mirror:0
template_family_size = 11
clone_penalty = 10
mirrored_penalty = 0
pointer_reward = 0
strong_structure_bonus = 0
sparse_anchor_tail_penalty = 0
anchored_fragmented_split_penalty = 3
one_sided_anchorless_split_penalty = 0
anchorless_partial_split_penalty = 0
isolated_split_penalty = 0
pointer_alignment_count = 2
pointer_region_count = 2
pointer_fields = f08, f70
pointer_cluster_count = 4
front_cluster_count = 2
tail_cluster_count = 2
front_non_singleton_cluster_count = 0
tail_non_singleton_cluster_count = 0
dominant_cluster_size = 1
cluster_layout = front_tail_split
has_valid_anchor = true
dominant_cluster_covers_majority = false
isolated_split_like = false
tie_break_vector = final=24|family=11|pointer=0|isolated=0|blob=0|scalar=0|text=3|clone=10|mirror=0|neg=0|addr=0xE04030C4D1C
rank_reason = anchored fragmented split penalty fired on singleton-only split layout despite valid anchor; text penalty fired on little-endian ASCII/UTF16-like chunks; family size 11 raised clone penalty
positive = target value matches, f08 nonzero, f08 not float-like, f18 nonzero, f18 not float-like, f20 nonzero, f20 not float-like, f68 nonzero, f68 not float-like, f70 nonzero, f70 not float-like, f78 nonzero, f78 not float-like, f58 nonzero, f58 not float-like, front metadata present, tail reference block present
negative = none

--- Candidate #99 ---
value_addr = 0x3B8098A58E8
base_addr  = 0x3B8098A58C0
f08 = 0x201A2160
f18 = 0x00004301
f20 = 0x019A2035
f28 = 0x42C80000 (100.0)
f58 = 0x21751F41
f68 = 0xEF207D04
f70 = 0xE8200B01
f78 = 0x01DF2001
rank_position = 99
base_score = 40
prescore_score = 40
final_score = 23
total adjustment = -17
score = 23
hard_pass = true
flags = target_match, strong_front_block, strong_tail_block, object_like, anchorless_partial_split_like, isolated_split_like, text_block_like, template_clone_family
score_breakdown = +10 target_match; +2 f08_nonzero; +2 f08_not_floatlike; +2 f18_nonzero; +2 f18_not_floatlike; +2 f20_nonzero; +2 f20_not_floatlike; +2 f68_nonzero; +2 f68_not_floatlike; +2 f70_nonzero; +2 f70_not_floatlike; +2 f78_nonzero; +2 f78_not_floatlike; +3 f58_nonzero; +2 f58_not_floatlike; +1 legacy_pointer_balanced_compat; -2 anchorless_partial_split_penalty; -2 isolated_split_penalty(no_anchor_no_non_singleton_split_support); -3 text_block_penalty; -10 clone_penalty
code_blob_score = 0
code_blob_penalty = 0
scalar_block_score = 0
scalar_block_penalty = 0
text_block_score = 6
text_block_penalty = 3
template_family_id = cls:PXXXPXX|layout:front_tail_split|fptr:1|tptr:1|align:2|preg:2|dom:1|fns:0|tns:0|scalar:0|text:low|blob:0|mirror:0
clone_family_id = layout:front_tail_split|fptr:1|tptr:1|align:2|preg:2|dom:1|fns:0|tns:0|scalar:0|text:low|blob:0|mirror:0
template_family_size = 11
clone_penalty = 10
mirrored_penalty = 0
pointer_reward = 0
strong_structure_bonus = 0
sparse_anchor_tail_penalty = 0
anchored_fragmented_split_penalty = 0
one_sided_anchorless_split_penalty = 0
anchorless_partial_split_penalty = 2
isolated_split_penalty = 2
pointer_alignment_count = 2
pointer_region_count = 2
pointer_fields = f08, f68
pointer_cluster_count = 2
front_cluster_count = 1
tail_cluster_count = 1
front_non_singleton_cluster_count = 0
tail_non_singleton_cluster_count = 0
dominant_cluster_size = 1
cluster_layout = front_tail_split
has_valid_anchor = false
dominant_cluster_covers_majority = false
isolated_split_like = true
tie_break_vector = final=23|family=11|pointer=0|isolated=2|blob=0|scalar=0|text=3|clone=10|mirror=0|neg=0|addr=0x3B8098A58E8
rank_reason = anchorless partial split penalty fired on one-sided split layout without valid anchor; isolated split penalty fired on fragmentary split layout with no valid anchor and no non-singleton split support; text penalty fired on little-endian ASCII/UTF16-like chunks; family size 11 raised clone penalty
positive = target value matches, f08 nonzero, f08 not float-like, f18 nonzero, f18 not float-like, f20 nonzero, f20 not float-like, f68 nonzero, f68 not float-like, f70 nonzero, f70 not float-like, f78 nonzero, f78 not float-like, f58 nonzero, f58 not float-like, front metadata present, tail reference block present
negative = none

--- Candidate #100 ---
value_addr = 0xE0402ABDBC0
base_addr  = 0xE0402ABDB98
f08 = 0x201A2160
f18 = 0x00004301
f20 = 0x0197202F
f28 = 0x42C80000 (100.0)
f58 = 0x21751F41
f68 = 0x04600000
f70 = 0x01DD2005
f78 = 0x01D92295
rank_position = 100
base_score = 40
prescore_score = 40
final_score = 23
total adjustment = -17
score = 23
hard_pass = true
flags = target_match, strong_front_block, strong_tail_block, object_like, anchorless_partial_split_like, isolated_split_like, text_block_like, template_clone_family
score_breakdown = +10 target_match; +2 f08_nonzero; +2 f08_not_floatlike; +2 f18_nonzero; +2 f18_not_floatlike; +2 f20_nonzero; +2 f20_not_floatlike; +2 f68_nonzero; +2 f68_not_floatlike; +2 f70_nonzero; +2 f70_not_floatlike; +2 f78_nonzero; +2 f78_not_floatlike; +3 f58_nonzero; +2 f58_not_floatlike; +1 legacy_pointer_balanced_compat; -2 anchorless_partial_split_penalty; -2 isolated_split_penalty(no_anchor_no_non_singleton_split_support); -3 text_block_penalty; -10 clone_penalty
code_blob_score = 0
code_blob_penalty = 0
scalar_block_score = 0
scalar_block_penalty = 0
text_block_score = 6
text_block_penalty = 3
template_family_id = cls:PXXXPXX|layout:front_tail_split|fptr:1|tptr:1|align:2|preg:2|dom:1|fns:0|tns:0|scalar:0|text:low|blob:0|mirror:0
clone_family_id = layout:front_tail_split|fptr:1|tptr:1|align:2|preg:2|dom:1|fns:0|tns:0|scalar:0|text:low|blob:0|mirror:0
template_family_size = 11
clone_penalty = 10
mirrored_penalty = 0
pointer_reward = 0
strong_structure_bonus = 0
sparse_anchor_tail_penalty = 0
anchored_fragmented_split_penalty = 0
one_sided_anchorless_split_penalty = 0
anchorless_partial_split_penalty = 2
isolated_split_penalty = 2
pointer_alignment_count = 2
pointer_region_count = 2
pointer_fields = f08, f68
pointer_cluster_count = 2
front_cluster_count = 1
tail_cluster_count = 1
front_non_singleton_cluster_count = 0
tail_non_singleton_cluster_count = 0
dominant_cluster_size = 1
cluster_layout = front_tail_split
has_valid_anchor = false
dominant_cluster_covers_majority = false
isolated_split_like = true
tie_break_vector = final=23|family=11|pointer=0|isolated=2|blob=0|scalar=0|text=3|clone=10|mirror=0|neg=0|addr=0xE0402ABDBC0
rank_reason = anchorless partial split penalty fired on one-sided split layout without valid anchor; isolated split penalty fired on fragmentary split layout with no valid anchor and no non-singleton split support; text penalty fired on little-endian ASCII/UTF16-like chunks; family size 11 raised clone penalty
positive = target value matches, f08 nonzero, f08 not float-like, f18 nonzero, f18 not float-like, f20 nonzero, f20 not float-like, f68 nonzero, f68 not float-like, f70 nonzero, f70 not float-like, f78 nonzero, f78 not float-like, f58 nonzero, f58 not float-like, front metadata present, tail reference block present
negative = none
 
