[MVP0] REPORT_BUILD_TAG = probe-20260321-v1 
[MVP0] REPORT_SOURCE = @D:\Lua Developer\mvp0_candidate_report.lua 
[FUNC] MVP0.score_base_candidate -> source=D:\Lua Developer\mvp0_candidate_report.lua line=1661 
[FUNC] MVP0.apply_rank_adjustments -> source=D:\Lua Developer\mvp0_candidate_report.lua line=2301 
[FUNC] MVP0.render_report -> source=D:\Lua Developer\mvp0_candidate_report.lua line=2791 
[FUNC] MVP0.compute_one_sided_anchorless_split_penalty -> source=D:\Lua Developer\mvp0_candidate_report.lua line=2263 
=== collector_stats === 
raw_count                      = 13762 
scanned_count                  = 8000 
unique_count                   = 8000 
filtered_count                 = 5099 
prescored_count                = 5099 
selected_count                 = 100 
selection_strategy             = prescore_diverse_top_scored 
=== truth_probe_flags === 
true_in_full_foundlist_checked = true 
true_in_full_foundlist         = true 
true_in_full_foundlist_observed = true 
true_in_raw                    = true 
true_in_unique                 = true 
true_in_filtered               = true 
true_in_prescored              = true 
true_in_selected               = true 
=== extra_probe_debug === 
known_true_addr                = 0x2E4061C8D48 
true_foundlist_index           = 2534 
probe_window_radius            = 256 
raw_probe_full_foundlist_enabled = true 
raw_probe_used                 = 0 
known_true_raw_admission_path  = structure_quota 
=== truth_probe_logs === 
01: [full_foundlist] known_true_addr found at full index 2534 
02: [raw] known_true_addr already admitted by hybrid raw sampling via structure_quota 
03: [raw_admission] strategy=hybrid even=5600/5600 structure=82/1200 neighborhood=462/1200 fill=1856/0 probe=0/1 total=8000/8000 
04: [raw_admission] source_counts even=5600 structure=82 neighborhood=462 fill=1856 probe=0 scout=4800 eligible=366 
05: [raw_admission] read_fail_count=0 neighbor_dedup_drops=694 last_read_fail_candidate=nil 
06: [raw_admission] reject_counts duplicate_heavy=4, insufficient_nonzero=1926, neighborhood_duplicate=694, not_target_match=1654, pointerless=22, structure_already_selected=56, structure_signature_cap=228, weak_pointer_regions=817, weak_structure_signal=11 
07: [raw] known_true_addr admitted into raw set 
08: [raw_admission] known_true_addr raw admission path = structure_quota 
=== known_true_debug === 
known_true_rank_position       = 1 
known_true_base_score          = 40 
known_true_final_score         = 43 
known_true_tie_break_vector    = final=43|family=1|pointer=5|isolated=0|blob=3|scalar=0|text=0|clone=0|mirror=0|neg=0|addr=0x2E4061C8D48 
=== report_text === 
=== Session Summary ===
Session: collector-retest-wide-2-with-probe
Candidates: 100
Target value pattern: 0x42C80000
Target value float: 100.0
Best candidate: 0x2E4061C8D48
Best base: 0x2E4061C8D20
Best score: 43
Second score: 41
Score gap: 2
Confidence: LOW
Manual review: true
=======================

=== Recommendation ===
Recommendation: REVIEW
Confidence: LOW
Manual review required: true
Recommended value addr: 0x2E4061C8D48
Recommended base addr : 0x2E4061C8D20
Recommended score     : 43
Rationale: best candidate has object-like structure; best candidate has a coherent pointer layout; best candidate triggered code-blob penalty 3; score gap over second place is 2; manual review is recommended before acting on this candidate
======================

--- Candidate #1 ---
value_addr = 0x2E4061C8D48
base_addr  = 0x2E4061C8D20
f08 = 0x0380E4F0
f18 = 0x06D70A60
f20 = 0x06D70A20
f28 = 0x42C80000 (100.0)
f58 = 0x29F7D00E
f68 = 0x06E4AEC0
f70 = 0x06E4AEB0
f78 = 0x06E4AF60
rank_position = 1
base_score = 40
prescore_score = 40
final_score = 43
total adjustment = 3
score = 43
hard_pass = true
flags = target_match, strong_front_block, strong_tail_block, object_like, pointer_balanced, pointer_diverse, coherent_pointer_layout, strong_structure_layout, code_blob_like
score_breakdown = +10 target_match; +2 f08_nonzero; +2 f08_not_floatlike; +2 f18_nonzero; +2 f18_not_floatlike; +2 f20_nonzero; +2 f20_not_floatlike; +2 f68_nonzero; +2 f68_not_floatlike; +2 f70_nonzero; +2 f70_not_floatlike; +2 f78_nonzero; +2 f78_not_floatlike; +3 f58_nonzero; +2 f58_not_floatlike; +1 legacy_pointer_balanced_compat; +5 pointer_reward; +1 strong_structure_bonus; -3 code_blob_penalty
code_blob_score = 40
code_blob_penalty = 3
scalar_block_score = 0
scalar_block_penalty = 0
text_block_score = 0
text_block_penalty = 0
template_family_id = cls:APPXPPP|layout:front_tail_split|fptr:3+|tptr:3+|align:3+|preg:3+|dom:3|fns:1|tns:1|scalar:0|text:0|blob:high|mirror:0
clone_family_id = layout:front_tail_split|fptr:3+|tptr:3+|align:3+|preg:3+|dom:3|fns:1|tns:1|scalar:0|text:0|blob:high|mirror:0
template_family_size = 1
clone_penalty = 0
mirrored_penalty = 0
pointer_reward = 5
strong_structure_bonus = 1
sparse_anchor_tail_penalty = 0
anchored_fragmented_split_penalty = 0
one_sided_anchorless_split_penalty = 0
anchorless_partial_split_penalty = 0
isolated_split_penalty = 0
pointer_alignment_count = 6
pointer_region_count = 3
pointer_fields = f08, f18, f20, f68, f70, f78
pointer_cluster_count = 3
front_cluster_count = 2
tail_cluster_count = 1
front_non_singleton_cluster_count = 1
tail_non_singleton_cluster_count = 1
dominant_cluster_size = 3
cluster_layout = front_tail_split
has_valid_anchor = true
dominant_cluster_covers_majority = false
isolated_split_like = false
tie_break_vector = final=43|family=1|pointer=5|isolated=0|blob=3|scalar=0|text=0|clone=0|mirror=0|neg=0|addr=0x2E4061C8D48
rank_reason = pointer reward favored front_tail_split cluster layout; strong structure bonus favored anchored two-sided split layout with dense pointer support; blob penalty capped at mild by split-cluster safeguard
positive = target value matches, f08 nonzero, f08 not float-like, f18 nonzero, f18 not float-like, f20 nonzero, f20 not float-like, f68 nonzero, f68 not float-like, f70 nonzero, f70 not float-like, f78 nonzero, f78 not float-like, f58 nonzero, f58 not float-like, front metadata present, tail reference block present
negative = none

--- Candidate #2 ---
value_addr = 0x2E40391457C
base_addr  = 0x2E403914554
f08 = 0x04FD8530
f18 = 0xC3C81D7E
f20 = 0x07EE22A0
f28 = 0x42C80000 (100.0)
f58 = 0x43C81D7D
f68 = 0x063E49E0
f70 = 0x063ED3B0
f78 = 0x07E749E0
rank_position = 2
base_score = 40
prescore_score = 40
final_score = 41
total adjustment = 1
score = 41
hard_pass = true
flags = target_match, strong_front_block, strong_tail_block, object_like, pointer_balanced, pointer_diverse, coherent_pointer_layout
score_breakdown = +10 target_match; +2 f08_nonzero; +2 f08_not_floatlike; +2 f18_nonzero; +2 f18_not_floatlike; +2 f20_nonzero; +2 f20_not_floatlike; +2 f68_nonzero; +2 f68_not_floatlike; +2 f70_nonzero; +2 f70_not_floatlike; +2 f78_nonzero; +2 f78_not_floatlike; +3 f58_nonzero; +2 f58_not_floatlike; +1 legacy_pointer_balanced_compat; +1 pointer_reward
code_blob_score = 2
code_blob_penalty = 0
scalar_block_score = 0
scalar_block_penalty = 0
text_block_score = 0
text_block_penalty = 0
template_family_id = cls:AXDXPPD|layout:front_tail_split|fptr:1|tptr:2|align:3+|preg:2|dom:2|fns:0|tns:1|scalar:0|text:0|blob:0|mirror:0
clone_family_id = layout:front_tail_split|fptr:1|tptr:2|align:3+|preg:2|dom:2|fns:0|tns:1|scalar:0|text:0|blob:0|mirror:0
template_family_size = 1
clone_penalty = 0
mirrored_penalty = 0
pointer_reward = 1
strong_structure_bonus = 0
sparse_anchor_tail_penalty = 0
anchored_fragmented_split_penalty = 0
one_sided_anchorless_split_penalty = 0
anchorless_partial_split_penalty = 0
isolated_split_penalty = 0
pointer_alignment_count = 3
pointer_region_count = 2
pointer_fields = f08, f68, f70
pointer_cluster_count = 4
front_cluster_count = 2
tail_cluster_count = 2
front_non_singleton_cluster_count = 0
tail_non_singleton_cluster_count = 1
dominant_cluster_size = 2
cluster_layout = front_tail_split
has_valid_anchor = true
dominant_cluster_covers_majority = false
isolated_split_like = false
tie_break_vector = final=41|family=1|pointer=1|isolated=0|blob=0|scalar=0|text=0|clone=0|mirror=0|neg=0|addr=0x2E40391457C
rank_reason = pointer reward favored front_tail_split cluster layout
positive = target value matches, f08 nonzero, f08 not float-like, f18 nonzero, f18 not float-like, f20 nonzero, f20 not float-like, f68 nonzero, f68 not float-like, f70 nonzero, f70 not float-like, f78 nonzero, f78 not float-like, f58 nonzero, f58 not float-like, front metadata present, tail reference block present
negative = none

--- Candidate #3 ---
value_addr = 0x2E00A0C44C8
base_addr  = 0x2E00A0C44A0
f08 = 0x43012008
f18 = 0x02380000
f20 = 0x0238B208
f28 = 0x42C80000 (100.0)
f58 = 0x02370802
f68 = 0x41000228
f70 = 0x41002003
f78 = 0x00004300
rank_position = 3
base_score = 40
prescore_score = 40
final_score = 37
total adjustment = -3
score = 37
hard_pass = true
flags = target_match, strong_front_block, strong_tail_block, object_like, pointer_balanced, pointer_diverse, coherent_pointer_layout, one_sided_anchorless_split_like, anchorless_partial_split_like
score_breakdown = +10 target_match; +2 f08_nonzero; +2 f08_not_floatlike; +2 f18_nonzero; +2 f18_not_floatlike; +2 f20_nonzero; +2 f20_not_floatlike; +2 f68_nonzero; +2 f68_not_floatlike; +2 f70_nonzero; +2 f70_not_floatlike; +2 f78_nonzero; +2 f78_not_floatlike; +3 f58_nonzero; +2 f58_not_floatlike; +1 legacy_pointer_balanced_compat; +1 pointer_reward; -2 one_sided_anchorless_split_penalty; -2 anchorless_partial_split_penalty
code_blob_score = 2
code_blob_penalty = 0
scalar_block_score = 4
scalar_block_penalty = 0
text_block_score = 0
text_block_penalty = 0
template_family_id = cls:DPPXPXX|layout:front_tail_split|fptr:2|tptr:1|align:3+|preg:2|dom:2|fns:1|tns:0|scalar:0|text:0|blob:0|mirror:0
clone_family_id = layout:front_tail_split|fptr:2|tptr:1|align:3+|preg:2|dom:2|fns:1|tns:0|scalar:0|text:0|blob:0|mirror:0
template_family_size = 1
clone_penalty = 0
mirrored_penalty = 0
pointer_reward = 1
strong_structure_bonus = 0
sparse_anchor_tail_penalty = 0
anchored_fragmented_split_penalty = 0
one_sided_anchorless_split_penalty = 2
anchorless_partial_split_penalty = 2
isolated_split_penalty = 0
pointer_alignment_count = 3
pointer_region_count = 2
pointer_fields = f18, f20, f68
pointer_cluster_count = 3
front_cluster_count = 2
tail_cluster_count = 1
front_non_singleton_cluster_count = 1
tail_non_singleton_cluster_count = 0
dominant_cluster_size = 2
cluster_layout = front_tail_split
has_valid_anchor = false
dominant_cluster_covers_majority = false
isolated_split_like = false
tie_break_vector = final=37|family=1|pointer=1|isolated=0|blob=0|scalar=0|text=0|clone=0|mirror=0|neg=0|addr=0x2E00A0C44C8
rank_reason = pointer reward favored front_tail_split cluster layout; one-sided anchorless split penalty fired on weak front-tail split with only one-sided support; anchorless partial split penalty fired on one-sided split layout without valid anchor
positive = target value matches, f08 nonzero, f08 not float-like, f18 nonzero, f18 not float-like, f20 nonzero, f20 not float-like, f68 nonzero, f68 not float-like, f70 nonzero, f70 not float-like, f78 nonzero, f78 not float-like, f58 nonzero, f58 not float-like, front metadata present, tail reference block present
negative = none

--- Candidate #4 ---
value_addr = 0x2E00900B5E8
base_addr  = 0x2E00900B5C0
f08 = 0x00004300
f18 = 0x204C0238
f20 = 0x023842C8
f28 = 0x42C80000 (100.0)
f58 = 0x361B4100
f68 = 0x20002000
f70 = 0x2000090B
f78 = 0x240B24B3
rank_position = 4
base_score = 40
prescore_score = 40
final_score = 37
total adjustment = -3
score = 37
hard_pass = true
flags = target_match, strong_front_block, strong_tail_block, object_like, anchored_fragmented_split_like
score_breakdown = +10 target_match; +2 f08_nonzero; +2 f08_not_floatlike; +2 f18_nonzero; +2 f18_not_floatlike; +2 f20_nonzero; +2 f20_not_floatlike; +2 f68_nonzero; +2 f68_not_floatlike; +2 f70_nonzero; +2 f70_not_floatlike; +2 f78_nonzero; +2 f78_not_floatlike; +3 f58_nonzero; +2 f58_not_floatlike; +1 legacy_pointer_balanced_compat; -3 anchored_fragmented_split_penalty
code_blob_score = 0
code_blob_penalty = 0
scalar_block_score = 2
scalar_block_penalty = 0
text_block_score = 0
text_block_penalty = 0
template_family_id = cls:XPADPXX|layout:front_tail_split|fptr:2|tptr:1|align:3+|preg:3+|dom:1|fns:0|tns:0|scalar:0|text:0|blob:0|mirror:0
clone_family_id = layout:front_tail_split|fptr:2|tptr:1|align:3+|preg:3+|dom:1|fns:0|tns:0|scalar:0|text:0|blob:0|mirror:0
template_family_size = 1
clone_penalty = 0
mirrored_penalty = 0
pointer_reward = 0
strong_structure_bonus = 0
sparse_anchor_tail_penalty = 0
anchored_fragmented_split_penalty = 3
one_sided_anchorless_split_penalty = 0
anchorless_partial_split_penalty = 0
isolated_split_penalty = 0
pointer_alignment_count = 3
pointer_region_count = 3
pointer_fields = f18, f20, f68
pointer_cluster_count = 3
front_cluster_count = 2
tail_cluster_count = 1
front_non_singleton_cluster_count = 0
tail_non_singleton_cluster_count = 0
dominant_cluster_size = 1
cluster_layout = front_tail_split
has_valid_anchor = true
dominant_cluster_covers_majority = false
isolated_split_like = false
tie_break_vector = final=37|family=1|pointer=0|isolated=0|blob=0|scalar=0|text=0|clone=0|mirror=0|neg=0|addr=0x2E00900B5E8
rank_reason = anchored fragmented split penalty fired on singleton-only split layout despite valid anchor
positive = target value matches, f08 nonzero, f08 not float-like, f18 nonzero, f18 not float-like, f20 nonzero, f20 not float-like, f68 nonzero, f68 not float-like, f70 nonzero, f70 not float-like, f78 nonzero, f78 not float-like, f58 nonzero, f58 not float-like, front metadata present, tail reference block present
negative = none

--- Candidate #5 ---
value_addr = 0x2E00A5D86BC
base_addr  = 0x2E00A5D8694
f08 = 0x00004300
f18 = 0x201C0238
f20 = 0x023842C8
f28 = 0x42C80000 (100.0)
f58 = 0x00004300
f68 = 0x01800238
f70 = 0x383F8000
f78 = 0x00004300
rank_position = 5
base_score = 40
prescore_score = 40
final_score = 37
total adjustment = -3
score = 37
hard_pass = true
flags = target_match, strong_front_block, strong_tail_block, object_like, anchored_fragmented_split_like
score_breakdown = +10 target_match; +2 f08_nonzero; +2 f08_not_floatlike; +2 f18_nonzero; +2 f18_not_floatlike; +2 f20_nonzero; +2 f20_not_floatlike; +2 f68_nonzero; +2 f68_not_floatlike; +2 f70_nonzero; +2 f70_not_floatlike; +2 f78_nonzero; +2 f78_not_floatlike; +3 f58_nonzero; +2 f58_not_floatlike; +1 legacy_pointer_balanced_compat; -3 anchored_fragmented_split_penalty
code_blob_score = 0
code_blob_penalty = 0
scalar_block_score = 2
scalar_block_penalty = 0
text_block_score = 0
text_block_penalty = 0
template_family_id = cls:XADXPDX|layout:front_tail_split|fptr:1|tptr:1|align:2|preg:2|dom:1|fns:0|tns:0|scalar:0|text:0|blob:0|mirror:1
clone_family_id = layout:front_tail_split|fptr:1|tptr:1|align:2|preg:2|dom:1|fns:0|tns:0|scalar:0|text:0|blob:0|mirror:1
template_family_size = 1
clone_penalty = 0
mirrored_penalty = 0
pointer_reward = 0
strong_structure_bonus = 0
sparse_anchor_tail_penalty = 0
anchored_fragmented_split_penalty = 3
one_sided_anchorless_split_penalty = 0
anchorless_partial_split_penalty = 0
isolated_split_penalty = 0
pointer_alignment_count = 2
pointer_region_count = 2
pointer_fields = f18, f68
pointer_cluster_count = 4
front_cluster_count = 2
tail_cluster_count = 2
front_non_singleton_cluster_count = 0
tail_non_singleton_cluster_count = 0
dominant_cluster_size = 1
cluster_layout = front_tail_split
has_valid_anchor = true
dominant_cluster_covers_majority = false
isolated_split_like = false
tie_break_vector = final=37|family=1|pointer=0|isolated=0|blob=0|scalar=0|text=0|clone=0|mirror=0|neg=0|addr=0x2E00A5D86BC
rank_reason = anchored fragmented split penalty fired on singleton-only split layout despite valid anchor
positive = target value matches, f08 nonzero, f08 not float-like, f18 nonzero, f18 not float-like, f20 nonzero, f20 not float-like, f68 nonzero, f68 not float-like, f70 nonzero, f70 not float-like, f78 nonzero, f78 not float-like, f58 nonzero, f58 not float-like, front metadata present, tail reference block present
negative = none

--- Candidate #6 ---
value_addr = 0x2E00A2EEF60
base_addr  = 0x2E00A2EEF38
f08 = 0x20000237
f18 = 0x38B26A00
f20 = 0x02381020
f28 = 0x42C80000 (100.0)
f58 = 0x206A00F0
f68 = 0x00420720
f70 = 0x37004207
f78 = 0x02380F20
rank_position = 6
base_score = 40
prescore_score = 40
final_score = 36
total adjustment = -4
score = 36
hard_pass = true
flags = target_match, strong_front_block, strong_tail_block, object_like, pointer_balanced, pointer_diverse, coherent_pointer_layout, sparse_anchor_tail_like, code_blob_like
score_breakdown = +10 target_match; +2 f08_nonzero; +2 f08_not_floatlike; +2 f18_nonzero; +2 f18_not_floatlike; +2 f20_nonzero; +2 f20_not_floatlike; +2 f68_nonzero; +2 f68_not_floatlike; +2 f70_nonzero; +2 f70_not_floatlike; +2 f78_nonzero; +2 f78_not_floatlike; +3 f58_nonzero; +2 f58_not_floatlike; +1 legacy_pointer_balanced_compat; +2 pointer_reward; -3 sparse_anchor_tail_penalty; -3 code_blob_penalty
code_blob_score = 7
code_blob_penalty = 3
scalar_block_score = 2
scalar_block_penalty = 0
text_block_score = 0
text_block_penalty = 0
template_family_id = cls:XDPADXP|layout:anchor_plus_tail_cluster|fptr:1|tptr:1|align:3+|preg:2|dom:2|fns:1|tns:1|scalar:0|text:0|blob:low|mirror:0
clone_family_id = layout:anchor_plus_tail_cluster|fptr:1|tptr:1|align:3+|preg:2|dom:2|fns:1|tns:1|scalar:0|text:0|blob:low|mirror:0
template_family_size = 1
clone_penalty = 0
mirrored_penalty = 0
pointer_reward = 2
strong_structure_bonus = 0
sparse_anchor_tail_penalty = 3
anchored_fragmented_split_penalty = 0
one_sided_anchorless_split_penalty = 0
anchorless_partial_split_penalty = 0
isolated_split_penalty = 0
pointer_alignment_count = 3
pointer_region_count = 2
pointer_fields = f20, f58, f78
pointer_cluster_count = 3
front_cluster_count = 2
tail_cluster_count = 2
front_non_singleton_cluster_count = 1
tail_non_singleton_cluster_count = 1
dominant_cluster_size = 2
cluster_layout = anchor_plus_tail_cluster
has_valid_anchor = true
dominant_cluster_covers_majority = false
isolated_split_like = false
tie_break_vector = final=36|family=1|pointer=2|isolated=0|blob=3|scalar=0|text=0|clone=0|mirror=0|neg=0|addr=0x2E00A2EEF60
rank_reason = pointer reward favored anchor_plus_tail_cluster cluster layout; sparse anchor-plus-tail penalty fired on weak anchor-plus-tail layout with only sparse pointer support; blob penalty capped at mild by split-cluster safeguard
positive = target value matches, f08 nonzero, f08 not float-like, f18 nonzero, f18 not float-like, f20 nonzero, f20 not float-like, f68 nonzero, f68 not float-like, f70 nonzero, f70 not float-like, f78 nonzero, f78 not float-like, f58 nonzero, f58 not float-like, front metadata present, tail reference block present
negative = none

--- Candidate #7 ---
value_addr = 0x2E009523340
base_addr  = 0x2E009523318
f08 = 0x93132092
f18 = 0x13201322
f20 = 0x00439293
f28 = 0x42C80000 (100.0)
f58 = 0x02200002
f68 = 0x37100229
f70 = 0x02290320
f78 = 0x03200220
rank_position = 7
base_score = 40
prescore_score = 40
final_score = 35
total adjustment = -5
score = 35
hard_pass = true
flags = target_match, strong_front_block, strong_tail_block, object_like, scattered_singleton_like, template_clone_family
score_breakdown = +10 target_match; +2 f08_nonzero; +2 f08_not_floatlike; +2 f18_nonzero; +2 f18_not_floatlike; +2 f20_nonzero; +2 f20_not_floatlike; +2 f68_nonzero; +2 f68_not_floatlike; +2 f70_nonzero; +2 f70_not_floatlike; +2 f78_nonzero; +2 f78_not_floatlike; +3 f58_nonzero; +2 f58_not_floatlike; +1 legacy_pointer_balanced_compat; -2 scattered_singleton_penalty; -3 clone_penalty
code_blob_score = 0
code_blob_penalty = 0
scalar_block_score = 3
scalar_block_penalty = 0
text_block_score = 0
text_block_penalty = 0
template_family_id = cls:XXXXXDA|layout:scattered|fptr:0|tptr:1|align:1|preg:1|dom:1|fns:0|tns:0|scalar:0|text:0|blob:0|mirror:0
clone_family_id = layout:scattered|fptr:0|tptr:1|align:1|preg:1|dom:1|fns:0|tns:0|scalar:0|text:0|blob:0|mirror:0
template_family_size = 2
clone_penalty = 3
mirrored_penalty = 0
pointer_reward = 0
strong_structure_bonus = 0
sparse_anchor_tail_penalty = 0
anchored_fragmented_split_penalty = 0
one_sided_anchorless_split_penalty = 0
anchorless_partial_split_penalty = 0
isolated_split_penalty = 0
pointer_alignment_count = 1
pointer_region_count = 1
pointer_fields = f78
pointer_cluster_count = 2
front_cluster_count = 0
tail_cluster_count = 2
front_non_singleton_cluster_count = 0
tail_non_singleton_cluster_count = 0
dominant_cluster_size = 1
cluster_layout = scattered
has_valid_anchor = true
dominant_cluster_covers_majority = false
isolated_split_like = false
tie_break_vector = final=35|family=2|pointer=0|isolated=0|blob=0|scalar=0|text=0|clone=3|mirror=0|neg=0|addr=0x2E009523340
rank_reason = scattered singleton penalty fired on pointer-poor scattered layout with no non-singleton support; family size 2 raised clone penalty on scattered pointer-poor family
positive = target value matches, f08 nonzero, f08 not float-like, f18 nonzero, f18 not float-like, f20 nonzero, f20 not float-like, f68 nonzero, f68 not float-like, f70 nonzero, f70 not float-like, f78 nonzero, f78 not float-like, f58 nonzero, f58 not float-like, front metadata present, tail reference block present
negative = none

--- Candidate #8 ---
value_addr = 0x16CC02923340
base_addr  = 0x16CC02923318
f08 = 0x93132092
f18 = 0x13201322
f20 = 0x00439293
f28 = 0x42C80000 (100.0)
f58 = 0x02200002
f68 = 0x37100229
f70 = 0x02290320
f78 = 0x03200220
rank_position = 8
base_score = 40
prescore_score = 40
final_score = 35
total adjustment = -5
score = 35
hard_pass = true
flags = target_match, strong_front_block, strong_tail_block, object_like, scattered_singleton_like, template_clone_family
score_breakdown = +10 target_match; +2 f08_nonzero; +2 f08_not_floatlike; +2 f18_nonzero; +2 f18_not_floatlike; +2 f20_nonzero; +2 f20_not_floatlike; +2 f68_nonzero; +2 f68_not_floatlike; +2 f70_nonzero; +2 f70_not_floatlike; +2 f78_nonzero; +2 f78_not_floatlike; +3 f58_nonzero; +2 f58_not_floatlike; +1 legacy_pointer_balanced_compat; -2 scattered_singleton_penalty; -3 clone_penalty
code_blob_score = 0
code_blob_penalty = 0
scalar_block_score = 3
scalar_block_penalty = 0
text_block_score = 0
text_block_penalty = 0
template_family_id = cls:XXXXXDA|layout:scattered|fptr:0|tptr:1|align:1|preg:1|dom:1|fns:0|tns:0|scalar:0|text:0|blob:0|mirror:0
clone_family_id = layout:scattered|fptr:0|tptr:1|align:1|preg:1|dom:1|fns:0|tns:0|scalar:0|text:0|blob:0|mirror:0
template_family_size = 2
clone_penalty = 3
mirrored_penalty = 0
pointer_reward = 0
strong_structure_bonus = 0
sparse_anchor_tail_penalty = 0
anchored_fragmented_split_penalty = 0
one_sided_anchorless_split_penalty = 0
anchorless_partial_split_penalty = 0
isolated_split_penalty = 0
pointer_alignment_count = 1
pointer_region_count = 1
pointer_fields = f78
pointer_cluster_count = 2
front_cluster_count = 0
tail_cluster_count = 2
front_non_singleton_cluster_count = 0
tail_non_singleton_cluster_count = 0
dominant_cluster_size = 1
cluster_layout = scattered
has_valid_anchor = true
dominant_cluster_covers_majority = false
isolated_split_like = false
tie_break_vector = final=35|family=2|pointer=0|isolated=0|blob=0|scalar=0|text=0|clone=3|mirror=0|neg=0|addr=0x16CC02923340
rank_reason = scattered singleton penalty fired on pointer-poor scattered layout with no non-singleton support; family size 2 raised clone penalty on scattered pointer-poor family
positive = target value matches, f08 nonzero, f08 not float-like, f18 nonzero, f18 not float-like, f20 nonzero, f20 not float-like, f68 nonzero, f68 not float-like, f70 nonzero, f70 not float-like, f78 nonzero, f78 not float-like, f58 nonzero, f58 not float-like, front metadata present, tail reference block present
negative = none

--- Candidate #9 ---
value_addr = 0x2E00A440C3C
base_addr  = 0x2E00A440C14
f08 = 0x00022801
f18 = 0x02280020
f20 = 0x02280520
f28 = 0x42C80000 (100.0)
f58 = 0x03200002
f68 = 0x18410320
f70 = 0x022801FF
f78 = 0xFAB78041
rank_position = 9
base_score = 40
prescore_score = 40
final_score = 34
total adjustment = -6
score = 34
hard_pass = true
flags = target_match, strong_front_block, strong_tail_block, object_like, pointer_balanced, pointer_diverse, coherent_pointer_layout, one_sided_anchorless_split_like, anchorless_partial_split_like, code_blob_like
score_breakdown = +10 target_match; +2 f08_nonzero; +2 f08_not_floatlike; +2 f18_nonzero; +2 f18_not_floatlike; +2 f20_nonzero; +2 f20_not_floatlike; +2 f68_nonzero; +2 f68_not_floatlike; +2 f70_nonzero; +2 f70_not_floatlike; +2 f78_nonzero; +2 f78_not_floatlike; +3 f58_nonzero; +2 f58_not_floatlike; +1 legacy_pointer_balanced_compat; +1 pointer_reward; -2 one_sided_anchorless_split_penalty; -2 anchorless_partial_split_penalty; -3 code_blob_penalty
code_blob_score = 8
code_blob_penalty = 3
scalar_block_score = 0
scalar_block_penalty = 0
text_block_score = 0
text_block_penalty = 0
template_family_id = cls:XPPXPXX|layout:front_tail_split|fptr:2|tptr:1|align:3+|preg:2|dom:2|fns:1|tns:0|scalar:0|text:0|blob:low|mirror:0
clone_family_id = layout:front_tail_split|fptr:2|tptr:1|align:3+|preg:2|dom:2|fns:1|tns:0|scalar:0|text:0|blob:low|mirror:0
template_family_size = 1
clone_penalty = 0
mirrored_penalty = 0
pointer_reward = 1
strong_structure_bonus = 0
sparse_anchor_tail_penalty = 0
anchored_fragmented_split_penalty = 0
one_sided_anchorless_split_penalty = 2
anchorless_partial_split_penalty = 2
isolated_split_penalty = 0
pointer_alignment_count = 3
pointer_region_count = 2
pointer_fields = f18, f20, f68
pointer_cluster_count = 2
front_cluster_count = 1
tail_cluster_count = 1
front_non_singleton_cluster_count = 1
tail_non_singleton_cluster_count = 0
dominant_cluster_size = 2
cluster_layout = front_tail_split
has_valid_anchor = false
dominant_cluster_covers_majority = false
isolated_split_like = false
tie_break_vector = final=34|family=1|pointer=1|isolated=0|blob=3|scalar=0|text=0|clone=0|mirror=0|neg=0|addr=0x2E00A440C3C
rank_reason = pointer reward favored front_tail_split cluster layout; one-sided anchorless split penalty fired on weak front-tail split with only one-sided support; anchorless partial split penalty fired on one-sided split layout without valid anchor; blob penalty capped at mild by split-cluster safeguard
positive = target value matches, f08 nonzero, f08 not float-like, f18 nonzero, f18 not float-like, f20 nonzero, f20 not float-like, f68 nonzero, f68 not float-like, f70 nonzero, f70 not float-like, f78 nonzero, f78 not float-like, f58 nonzero, f58 not float-like, front metadata present, tail reference block present
negative = none

--- Candidate #10 ---
value_addr = 0x2E406C290E8
base_addr  = 0x2E406C290C0
f08 = 0xBDAA4CB0
f18 = 0x3DAA4998
f20 = 0x3F67AAA8
f28 = 0x42C80000 (100.0)
f58 = 0xBF48B6D2
f68 = 0xBF617152
f70 = 0xBCA67017
f78 = 0xBE626A94
rank_position = 10
base_score = 40
prescore_score = 40
final_score = 33
total adjustment = -7
score = 33
hard_pass = true
flags = target_match, strong_front_block, strong_tail_block, object_like, anchorless_partial_split_like, isolated_split_like, scalar_block_like
score_breakdown = +10 target_match; +2 f08_nonzero; +2 f08_not_floatlike; +2 f18_nonzero; +2 f18_not_floatlike; +2 f20_nonzero; +2 f20_not_floatlike; +2 f68_nonzero; +2 f68_not_floatlike; +2 f70_nonzero; +2 f70_not_floatlike; +2 f78_nonzero; +2 f78_not_floatlike; +3 f58_nonzero; +2 f58_not_floatlike; +1 legacy_pointer_balanced_compat; -2 anchorless_partial_split_penalty; -2 isolated_split_penalty(no_anchor_no_non_singleton_split_support); -3 scalar_block_penalty
code_blob_score = 0
code_blob_penalty = 0
scalar_block_score = 11
scalar_block_penalty = 3
text_block_score = 0
text_block_penalty = 0
template_family_id = cls:PDDXXXP|layout:front_tail_split|fptr:1|tptr:1|align:2|preg:2|dom:1|fns:0|tns:0|scalar:medium|text:0|blob:0|mirror:0
clone_family_id = layout:front_tail_split|fptr:1|tptr:1|align:2|preg:2|dom:1|fns:0|tns:0|scalar:medium|text:0|blob:0|mirror:0
template_family_size = 1
clone_penalty = 0
mirrored_penalty = 0
pointer_reward = 0
strong_structure_bonus = 0
sparse_anchor_tail_penalty = 0
anchored_fragmented_split_penalty = 0
one_sided_anchorless_split_penalty = 0
anchorless_partial_split_penalty = 2
isolated_split_penalty = 2
pointer_alignment_count = 2
pointer_region_count = 2
pointer_fields = f08, f78
pointer_cluster_count = 4
front_cluster_count = 3
tail_cluster_count = 1
front_non_singleton_cluster_count = 0
tail_non_singleton_cluster_count = 0
dominant_cluster_size = 1
cluster_layout = front_tail_split
has_valid_anchor = false
dominant_cluster_covers_majority = false
isolated_split_like = true
tie_break_vector = final=33|family=1|pointer=0|isolated=2|blob=0|scalar=3|text=0|clone=0|mirror=0|neg=0|addr=0x2E406C290E8
rank_reason = anchorless partial split penalty fired on one-sided split layout without valid anchor; isolated split penalty fired on fragmentary split layout with no valid anchor and no non-singleton split support; scalar penalty fired on float-like/scalar template
positive = target value matches, f08 nonzero, f08 not float-like, f18 nonzero, f18 not float-like, f20 nonzero, f20 not float-like, f68 nonzero, f68 not float-like, f70 nonzero, f70 not float-like, f78 nonzero, f78 not float-like, f58 nonzero, f58 not float-like, front metadata present, tail reference block present
negative = none

--- Candidate #11 ---
value_addr = 0x2E00A79A2C8
base_addr  = 0x2E00A79A2A0
f08 = 0xFFFFFD8E
f18 = 0x3E800000
f20 = 0x459C4000
f28 = 0x42C80000 (100.0)
f58 = 0x20000000
f68 = 0x41006F69
f70 = 0x41002501
f78 = 0x30771429
rank_position = 11
base_score = 40
prescore_score = 40
final_score = 32
total adjustment = -8
score = 32
hard_pass = true
flags = target_match, strong_front_block, strong_tail_block, object_like, scattered_singleton_like, scalar_block_like, text_block_like
score_breakdown = +10 target_match; +2 f08_nonzero; +2 f08_not_floatlike; +2 f18_nonzero; +2 f18_not_floatlike; +2 f20_nonzero; +2 f20_not_floatlike; +2 f68_nonzero; +2 f68_not_floatlike; +2 f70_nonzero; +2 f70_not_floatlike; +2 f78_nonzero; +2 f78_not_floatlike; +3 f58_nonzero; +2 f58_not_floatlike; +1 legacy_pointer_balanced_compat; -2 scattered_singleton_penalty; -3 scalar_block_penalty; -3 text_block_penalty
code_blob_score = 0
code_blob_penalty = 0
scalar_block_score = 7
scalar_block_penalty = 3
text_block_score = 6
text_block_penalty = 3
template_family_id = cls:XDDAXXX|layout:scattered|fptr:0|tptr:0|align:1|preg:1|dom:1|fns:0|tns:0|scalar:low|text:low|blob:0|mirror:0
clone_family_id = layout:scattered|fptr:0|tptr:0|align:1|preg:1|dom:1|fns:0|tns:0|scalar:low|text:low|blob:0|mirror:0
template_family_size = 1
clone_penalty = 0
mirrored_penalty = 0
pointer_reward = 0
strong_structure_bonus = 0
sparse_anchor_tail_penalty = 0
anchored_fragmented_split_penalty = 0
one_sided_anchorless_split_penalty = 0
anchorless_partial_split_penalty = 0
isolated_split_penalty = 0
pointer_alignment_count = 1
pointer_region_count = 1
pointer_fields = f58
pointer_cluster_count = 2
front_cluster_count = 2
tail_cluster_count = 0
front_non_singleton_cluster_count = 0
tail_non_singleton_cluster_count = 0
dominant_cluster_size = 1
cluster_layout = scattered
has_valid_anchor = true
dominant_cluster_covers_majority = false
isolated_split_like = false
tie_break_vector = final=32|family=1|pointer=0|isolated=0|blob=0|scalar=3|text=3|clone=0|mirror=0|neg=0|addr=0x2E00A79A2C8
rank_reason = scattered singleton penalty fired on pointer-poor scattered layout with no non-singleton support; scalar penalty fired on float-like/scalar template; text penalty fired on little-endian ASCII/UTF16-like chunks
positive = target value matches, f08 nonzero, f08 not float-like, f18 nonzero, f18 not float-like, f20 nonzero, f20 not float-like, f68 nonzero, f68 not float-like, f70 nonzero, f70 not float-like, f78 nonzero, f78 not float-like, f58 nonzero, f58 not float-like, front metadata present, tail reference block present
negative = none

--- Candidate #12 ---
value_addr = 0x2E406AA30E8
base_addr  = 0x2E406AA30C0
f08 = 0xBDAA1EA0
f18 = 0x3DAA1BB4
f20 = 0x3F676D7F
f28 = 0x42C80000 (100.0)
f58 = 0xBF4883A4
f68 = 0xBF61B7F1
f70 = 0xBCA4BD49
f78 = 0xBE601B19
rank_position = 12
base_score = 40
prescore_score = 40
final_score = 32
total adjustment = -8
score = 32
hard_pass = true
flags = target_match, strong_front_block, strong_tail_block, object_like, scattered_singleton_like, scalar_block_like
score_breakdown = +10 target_match; +2 f08_nonzero; +2 f08_not_floatlike; +2 f18_nonzero; +2 f18_not_floatlike; +2 f20_nonzero; +2 f20_not_floatlike; +2 f68_nonzero; +2 f68_not_floatlike; +2 f70_nonzero; +2 f70_not_floatlike; +2 f78_nonzero; +2 f78_not_floatlike; +3 f58_nonzero; +2 f58_not_floatlike; +1 legacy_pointer_balanced_compat; -2 scattered_singleton_penalty; -6 scalar_block_penalty
code_blob_score = 0
code_blob_penalty = 0
scalar_block_score = 12
scalar_block_penalty = 6
text_block_score = 0
text_block_penalty = 0
template_family_id = cls:DDXDXXX|layout:scattered|fptr:0|tptr:0|align:0|preg:0|dom:1|fns:0|tns:0|scalar:medium|text:0|blob:0|mirror:0
clone_family_id = layout:scattered|fptr:0|tptr:0|align:0|preg:0|dom:1|fns:0|tns:0|scalar:medium|text:0|blob:0|mirror:0
template_family_size = 1
clone_penalty = 0
mirrored_penalty = 0
pointer_reward = 0
strong_structure_bonus = 0
sparse_anchor_tail_penalty = 0
anchored_fragmented_split_penalty = 0
one_sided_anchorless_split_penalty = 0
anchorless_partial_split_penalty = 0
isolated_split_penalty = 0
pointer_alignment_count = 0
pointer_region_count = 0
pointer_fields = none
pointer_cluster_count = 2
front_cluster_count = 2
tail_cluster_count = 0
front_non_singleton_cluster_count = 0
tail_non_singleton_cluster_count = 0
dominant_cluster_size = 1
cluster_layout = scattered
has_valid_anchor = false
dominant_cluster_covers_majority = false
isolated_split_like = false
tie_break_vector = final=32|family=1|pointer=0|isolated=0|blob=0|scalar=6|text=0|clone=0|mirror=0|neg=0|addr=0x2E406AA30E8
rank_reason = scattered singleton penalty fired on pointer-poor scattered layout with no non-singleton support; scalar penalty fired on float-like/scalar template
positive = target value matches, f08 nonzero, f08 not float-like, f18 nonzero, f18 not float-like, f20 nonzero, f20 not float-like, f68 nonzero, f68 not float-like, f70 nonzero, f70 not float-like, f78 nonzero, f78 not float-like, f58 nonzero, f58 not float-like, front metadata present, tail reference block present
negative = none

--- Candidate #13 ---
value_addr = 0x2E00904037C
base_addr  = 0x2E009040354
f08 = 0x00004300
f18 = 0x204C0238
f20 = 0x023842C8
f28 = 0x42C80000 (100.0)
f58 = 0x20240236
f68 = 0x23022107
f70 = 0x02200724
f78 = 0x36042200
rank_position = 13
base_score = 40
prescore_score = 40
final_score = 31
total adjustment = -9
score = 31
hard_pass = true
flags = target_match, strong_front_block, strong_tail_block, object_like, anchored_fragmented_split_like, text_block_like, template_clone_family
score_breakdown = +10 target_match; +2 f08_nonzero; +2 f08_not_floatlike; +2 f18_nonzero; +2 f18_not_floatlike; +2 f20_nonzero; +2 f20_not_floatlike; +2 f68_nonzero; +2 f68_not_floatlike; +2 f70_nonzero; +2 f70_not_floatlike; +2 f78_nonzero; +2 f78_not_floatlike; +3 f58_nonzero; +2 f58_not_floatlike; +1 legacy_pointer_balanced_compat; -3 anchored_fragmented_split_penalty; -3 text_block_penalty; -3 clone_penalty
code_blob_score = 0
code_blob_penalty = 0
scalar_block_score = 2
scalar_block_penalty = 0
text_block_score = 6
text_block_penalty = 3
template_family_id = cls:XPAXXPD|layout:front_tail_split|fptr:2|tptr:1|align:3+|preg:3+|dom:1|fns:0|tns:0|scalar:0|text:low|blob:0|mirror:0
clone_family_id = layout:front_tail_split|fptr:2|tptr:1|align:3+|preg:3+|dom:1|fns:0|tns:0|scalar:0|text:low|blob:0|mirror:0
template_family_size = 3
clone_penalty = 3
mirrored_penalty = 0
pointer_reward = 0
strong_structure_bonus = 0
sparse_anchor_tail_penalty = 0
anchored_fragmented_split_penalty = 3
one_sided_anchorless_split_penalty = 0
anchorless_partial_split_penalty = 0
isolated_split_penalty = 0
pointer_alignment_count = 3
pointer_region_count = 3
pointer_fields = f18, f20, f70
pointer_cluster_count = 4
front_cluster_count = 2
tail_cluster_count = 2
front_non_singleton_cluster_count = 0
tail_non_singleton_cluster_count = 0
dominant_cluster_size = 1
cluster_layout = front_tail_split
has_valid_anchor = true
dominant_cluster_covers_majority = false
isolated_split_like = false
tie_break_vector = final=31|family=3|pointer=0|isolated=0|blob=0|scalar=0|text=3|clone=3|mirror=0|neg=0|addr=0x2E00904037C
rank_reason = anchored fragmented split penalty fired on singleton-only split layout despite valid anchor; text penalty fired on little-endian ASCII/UTF16-like chunks; family size 3 raised clone penalty
positive = target value matches, f08 nonzero, f08 not float-like, f18 nonzero, f18 not float-like, f20 nonzero, f20 not float-like, f68 nonzero, f68 not float-like, f70 nonzero, f70 not float-like, f78 nonzero, f78 not float-like, f58 nonzero, f58 not float-like, front metadata present, tail reference block present
negative = none

--- Candidate #14 ---
value_addr = 0x2E4068DE1FC
base_addr  = 0x2E4068DE1D4
f08 = 0x3DE0000E
f18 = 0xBF3504F4
f20 = 0x80000000
f28 = 0x42C80000 (100.0)
f58 = 0x3D79DB23
f68 = 0x3F000001
f70 = 0x3F000000
f78 = 0x3D79DB31
rank_position = 14
base_score = 40
prescore_score = 40
final_score = 31
total adjustment = -9
score = 31
hard_pass = true
flags = target_match, strong_front_block, strong_tail_block, object_like, anchored_fragmented_split_like, text_block_like, template_clone_family
score_breakdown = +10 target_match; +2 f08_nonzero; +2 f08_not_floatlike; +2 f18_nonzero; +2 f18_not_floatlike; +2 f20_nonzero; +2 f20_not_floatlike; +2 f68_nonzero; +2 f68_not_floatlike; +2 f70_nonzero; +2 f70_not_floatlike; +2 f78_nonzero; +2 f78_not_floatlike; +3 f58_nonzero; +2 f58_not_floatlike; +1 legacy_pointer_balanced_compat; -3 anchored_fragmented_split_penalty; -3 text_block_penalty; -3 clone_penalty
code_blob_score = 0
code_blob_penalty = 0
scalar_block_score = 4
scalar_block_penalty = 0
text_block_score = 8
text_block_penalty = 3
template_family_id = cls:XPAXXPX|layout:front_tail_split|fptr:2|tptr:1|align:3+|preg:3+|dom:1|fns:0|tns:0|scalar:0|text:low|blob:0|mirror:0
clone_family_id = layout:front_tail_split|fptr:2|tptr:1|align:3+|preg:3+|dom:1|fns:0|tns:0|scalar:0|text:low|blob:0|mirror:0
template_family_size = 3
clone_penalty = 3
mirrored_penalty = 0
pointer_reward = 0
strong_structure_bonus = 0
sparse_anchor_tail_penalty = 0
anchored_fragmented_split_penalty = 3
one_sided_anchorless_split_penalty = 0
anchorless_partial_split_penalty = 0
isolated_split_penalty = 0
pointer_alignment_count = 3
pointer_region_count = 3
pointer_fields = f18, f20, f70
pointer_cluster_count = 3
front_cluster_count = 2
tail_cluster_count = 1
front_non_singleton_cluster_count = 0
tail_non_singleton_cluster_count = 0
dominant_cluster_size = 1
cluster_layout = front_tail_split
has_valid_anchor = true
dominant_cluster_covers_majority = false
isolated_split_like = false
tie_break_vector = final=31|family=3|pointer=0|isolated=0|blob=0|scalar=0|text=3|clone=3|mirror=0|neg=0|addr=0x2E4068DE1FC
rank_reason = anchored fragmented split penalty fired on singleton-only split layout despite valid anchor; text penalty fired on little-endian ASCII/UTF16-like chunks; family size 3 raised clone penalty
positive = target value matches, f08 nonzero, f08 not float-like, f18 nonzero, f18 not float-like, f20 nonzero, f20 not float-like, f68 nonzero, f68 not float-like, f70 nonzero, f70 not float-like, f78 nonzero, f78 not float-like, f58 nonzero, f58 not float-like, front metadata present, tail reference block present
negative = none

--- Candidate #15 ---
value_addr = 0x16CC0244037C
base_addr  = 0x16CC02440354
f08 = 0x00004300
f18 = 0x204C0238
f20 = 0x023842C8
f28 = 0x42C80000 (100.0)
f58 = 0x20240236
f68 = 0x23022107
f70 = 0x02200724
f78 = 0x36042200
rank_position = 15
base_score = 40
prescore_score = 40
final_score = 31
total adjustment = -9
score = 31
hard_pass = true
flags = target_match, strong_front_block, strong_tail_block, object_like, anchored_fragmented_split_like, text_block_like, template_clone_family
score_breakdown = +10 target_match; +2 f08_nonzero; +2 f08_not_floatlike; +2 f18_nonzero; +2 f18_not_floatlike; +2 f20_nonzero; +2 f20_not_floatlike; +2 f68_nonzero; +2 f68_not_floatlike; +2 f70_nonzero; +2 f70_not_floatlike; +2 f78_nonzero; +2 f78_not_floatlike; +3 f58_nonzero; +2 f58_not_floatlike; +1 legacy_pointer_balanced_compat; -3 anchored_fragmented_split_penalty; -3 text_block_penalty; -3 clone_penalty
code_blob_score = 0
code_blob_penalty = 0
scalar_block_score = 2
scalar_block_penalty = 0
text_block_score = 6
text_block_penalty = 3
template_family_id = cls:XPAXXPD|layout:front_tail_split|fptr:2|tptr:1|align:3+|preg:3+|dom:1|fns:0|tns:0|scalar:0|text:low|blob:0|mirror:0
clone_family_id = layout:front_tail_split|fptr:2|tptr:1|align:3+|preg:3+|dom:1|fns:0|tns:0|scalar:0|text:low|blob:0|mirror:0
template_family_size = 3
clone_penalty = 3
mirrored_penalty = 0
pointer_reward = 0
strong_structure_bonus = 0
sparse_anchor_tail_penalty = 0
anchored_fragmented_split_penalty = 3
one_sided_anchorless_split_penalty = 0
anchorless_partial_split_penalty = 0
isolated_split_penalty = 0
pointer_alignment_count = 3
pointer_region_count = 3
pointer_fields = f18, f20, f70
pointer_cluster_count = 4
front_cluster_count = 2
tail_cluster_count = 2
front_non_singleton_cluster_count = 0
tail_non_singleton_cluster_count = 0
dominant_cluster_size = 1
cluster_layout = front_tail_split
has_valid_anchor = true
dominant_cluster_covers_majority = false
isolated_split_like = false
tie_break_vector = final=31|family=3|pointer=0|isolated=0|blob=0|scalar=0|text=3|clone=3|mirror=0|neg=0|addr=0x16CC0244037C
rank_reason = anchored fragmented split penalty fired on singleton-only split layout despite valid anchor; text penalty fired on little-endian ASCII/UTF16-like chunks; family size 3 raised clone penalty
positive = target value matches, f08 nonzero, f08 not float-like, f18 nonzero, f18 not float-like, f20 nonzero, f20 not float-like, f68 nonzero, f68 not float-like, f70 nonzero, f70 not float-like, f78 nonzero, f78 not float-like, f58 nonzero, f58 not float-like, front metadata present, tail reference block present
negative = none

--- Candidate #16 ---
value_addr = 0x2E406BDC868
base_addr  = 0x2E406BDC840
f08 = 0xBDA9C96F
f18 = 0x3DA9C9D0
f20 = 0x3F66FAFF
f28 = 0x42C80000 (100.0)
f58 = 0xBF482867
f68 = 0xBF623434
f70 = 0xBCA1BB06
f78 = 0xBE5C0348
rank_position = 16
base_score = 40
prescore_score = 40
final_score = 30
total adjustment = -10
score = 30
hard_pass = true
flags = target_match, strong_front_block, strong_tail_block, object_like, anchorless_partial_split_like, isolated_split_like, scalar_block_like, text_block_like
score_breakdown = +10 target_match; +2 f08_nonzero; +2 f08_not_floatlike; +2 f18_nonzero; +2 f18_not_floatlike; +2 f20_nonzero; +2 f20_not_floatlike; +2 f68_nonzero; +2 f68_not_floatlike; +2 f70_nonzero; +2 f70_not_floatlike; +2 f78_nonzero; +2 f78_not_floatlike; +3 f58_nonzero; +2 f58_not_floatlike; +1 legacy_pointer_balanced_compat; -2 anchorless_partial_split_penalty; -2 isolated_split_penalty(no_anchor_no_non_singleton_split_support); -3 scalar_block_penalty; -3 text_block_penalty
code_blob_score = 0
code_blob_penalty = 0
scalar_block_score = 6
scalar_block_penalty = 3
text_block_score = 6
text_block_penalty = 3
template_family_id = cls:XPXXPXD|layout:front_tail_split|fptr:1|tptr:1|align:2|preg:2|dom:1|fns:0|tns:0|scalar:low|text:low|blob:0|mirror:0
clone_family_id = layout:front_tail_split|fptr:1|tptr:1|align:2|preg:2|dom:1|fns:0|tns:0|scalar:low|text:low|blob:0|mirror:0
template_family_size = 1
clone_penalty = 0
mirrored_penalty = 0
pointer_reward = 0
strong_structure_bonus = 0
sparse_anchor_tail_penalty = 0
anchored_fragmented_split_penalty = 0
one_sided_anchorless_split_penalty = 0
anchorless_partial_split_penalty = 2
isolated_split_penalty = 2
pointer_alignment_count = 2
pointer_region_count = 2
pointer_fields = f18, f68
pointer_cluster_count = 3
front_cluster_count = 1
tail_cluster_count = 2
front_non_singleton_cluster_count = 0
tail_non_singleton_cluster_count = 0
dominant_cluster_size = 1
cluster_layout = front_tail_split
has_valid_anchor = false
dominant_cluster_covers_majority = false
isolated_split_like = true
tie_break_vector = final=30|family=1|pointer=0|isolated=2|blob=0|scalar=3|text=3|clone=0|mirror=0|neg=0|addr=0x2E406BDC868
rank_reason = anchorless partial split penalty fired on one-sided split layout without valid anchor; isolated split penalty fired on fragmentary split layout with no valid anchor and no non-singleton split support; scalar penalty fired on float-like/scalar template; text penalty fired on little-endian ASCII/UTF16-like chunks
positive = target value matches, f08 nonzero, f08 not float-like, f18 nonzero, f18 not float-like, f20 nonzero, f20 not float-like, f68 nonzero, f68 not float-like, f70 nonzero, f70 not float-like, f78 nonzero, f78 not float-like, f58 nonzero, f58 not float-like, front metadata present, tail reference block present
negative = none

--- Candidate #17 ---
value_addr = 0x2E0096A5910
base_addr  = 0x2E0096A58E8
f08 = 0x21751F41
f18 = 0x741F415D
f20 = 0x019C2002
f28 = 0x42C80000 (100.0)
f58 = 0x4300022A
f68 = 0x367101DB
f70 = 0x041A2001
f78 = 0x01E12005
rank_position = 17
base_score = 40
prescore_score = 40
final_score = 30
total adjustment = -10
score = 30
hard_pass = true
flags = target_match, strong_front_block, strong_tail_block, object_like, scattered_singleton_like, text_block_like, template_clone_family
score_breakdown = +10 target_match; +2 f08_nonzero; +2 f08_not_floatlike; +2 f18_nonzero; +2 f18_not_floatlike; +2 f20_nonzero; +2 f20_not_floatlike; +2 f68_nonzero; +2 f68_not_floatlike; +2 f70_nonzero; +2 f70_not_floatlike; +2 f78_nonzero; +2 f78_not_floatlike; +3 f58_nonzero; +2 f58_not_floatlike; +1 legacy_pointer_balanced_compat; -2 scattered_singleton_penalty; -3 text_block_penalty; -5 clone_penalty
code_blob_score = 0
code_blob_penalty = 0
scalar_block_score = 3
scalar_block_penalty = 0
text_block_score = 9
text_block_penalty = 3
template_family_id = cls:XXXXXXX|layout:scattered|fptr:0|tptr:0|align:0|preg:0|dom:1|fns:0|tns:0|scalar:0|text:low|blob:0|mirror:0
clone_family_id = layout:scattered|fptr:0|tptr:0|align:0|preg:0|dom:1|fns:0|tns:0|scalar:0|text:low|blob:0|mirror:0
template_family_size = 2
clone_penalty = 5
mirrored_penalty = 0
pointer_reward = 0
strong_structure_bonus = 0
sparse_anchor_tail_penalty = 0
anchored_fragmented_split_penalty = 0
one_sided_anchorless_split_penalty = 0
anchorless_partial_split_penalty = 0
isolated_split_penalty = 0
pointer_alignment_count = 0
pointer_region_count = 0
pointer_fields = none
pointer_cluster_count = 0
front_cluster_count = 0
tail_cluster_count = 0
front_non_singleton_cluster_count = 0
tail_non_singleton_cluster_count = 0
dominant_cluster_size = 0
cluster_layout = scattered
has_valid_anchor = false
dominant_cluster_covers_majority = false
isolated_split_like = false
tie_break_vector = final=30|family=2|pointer=0|isolated=0|blob=0|scalar=0|text=3|clone=5|mirror=0|neg=0|addr=0x2E0096A5910
rank_reason = scattered singleton penalty fired on pointer-poor scattered layout with no non-singleton support; text penalty fired on little-endian ASCII/UTF16-like chunks; family size 2 raised clone penalty on scattered pointer-poor family
positive = target value matches, f08 nonzero, f08 not float-like, f18 nonzero, f18 not float-like, f20 nonzero, f20 not float-like, f68 nonzero, f68 not float-like, f70 nonzero, f70 not float-like, f78 nonzero, f78 not float-like, f58 nonzero, f58 not float-like, front metadata present, tail reference block present
negative = none

--- Candidate #18 ---
value_addr = 0x2E00979A268
base_addr  = 0x2E00979A240
f08 = 0x00004300
f18 = 0x20340238
f20 = 0x02384100
f28 = 0x42C80000 (100.0)
f58 = 0x00204C02
f68 = 0x383C23D7
f70 = 0x00000043
f78 = 0x85A69041
rank_position = 18
base_score = 40
prescore_score = 40
final_score = 30
total adjustment = -10
score = 30
hard_pass = true
flags = target_match, strong_front_block, strong_tail_block, object_like, scattered_singleton_like, text_block_like, template_clone_family
score_breakdown = +10 target_match; +2 f08_nonzero; +2 f08_not_floatlike; +2 f18_nonzero; +2 f18_not_floatlike; +2 f20_nonzero; +2 f20_not_floatlike; +2 f68_nonzero; +2 f68_not_floatlike; +2 f70_nonzero; +2 f70_not_floatlike; +2 f78_nonzero; +2 f78_not_floatlike; +3 f58_nonzero; +2 f58_not_floatlike; +1 legacy_pointer_balanced_compat; -2 scattered_singleton_penalty; -3 text_block_penalty; -5 clone_penalty
code_blob_score = 0
code_blob_penalty = 0
scalar_block_score = 3
scalar_block_penalty = 0
text_block_score = 6
text_block_penalty = 3
template_family_id = cls:XDAXXSX|layout:scattered|fptr:1|tptr:0|align:1|preg:1|dom:1|fns:0|tns:0|scalar:0|text:low|blob:0|mirror:0
clone_family_id = layout:scattered|fptr:1|tptr:0|align:1|preg:1|dom:1|fns:0|tns:0|scalar:0|text:low|blob:0|mirror:0
template_family_size = 2
clone_penalty = 5
mirrored_penalty = 0
pointer_reward = 0
strong_structure_bonus = 0
sparse_anchor_tail_penalty = 0
anchored_fragmented_split_penalty = 0
one_sided_anchorless_split_penalty = 0
anchorless_partial_split_penalty = 0
isolated_split_penalty = 0
pointer_alignment_count = 1
pointer_region_count = 1
pointer_fields = f20
pointer_cluster_count = 2
front_cluster_count = 2
tail_cluster_count = 0
front_non_singleton_cluster_count = 0
tail_non_singleton_cluster_count = 0
dominant_cluster_size = 1
cluster_layout = scattered
has_valid_anchor = true
dominant_cluster_covers_majority = false
isolated_split_like = false
tie_break_vector = final=30|family=2|pointer=0|isolated=0|blob=0|scalar=0|text=3|clone=5|mirror=0|neg=0|addr=0x2E00979A268
rank_reason = scattered singleton penalty fired on pointer-poor scattered layout with no non-singleton support; text penalty fired on little-endian ASCII/UTF16-like chunks; family size 2 raised clone penalty on scattered pointer-poor family
positive = target value matches, f08 nonzero, f08 not float-like, f18 nonzero, f18 not float-like, f20 nonzero, f20 not float-like, f68 nonzero, f68 not float-like, f70 nonzero, f70 not float-like, f78 nonzero, f78 not float-like, f58 nonzero, f58 not float-like, front metadata present, tail reference block present
negative = none

--- Candidate #19 ---
value_addr = 0x16CC02AA5910
base_addr  = 0x16CC02AA58E8
f08 = 0x21751F41
f18 = 0x741F415D
f20 = 0x019C2002
f28 = 0x42C80000 (100.0)
f58 = 0x4300022A
f68 = 0x367101DB
f70 = 0x041A2001
f78 = 0x01E12005
rank_position = 19
base_score = 40
prescore_score = 40
final_score = 30
total adjustment = -10
score = 30
hard_pass = true
flags = target_match, strong_front_block, strong_tail_block, object_like, scattered_singleton_like, text_block_like, template_clone_family
score_breakdown = +10 target_match; +2 f08_nonzero; +2 f08_not_floatlike; +2 f18_nonzero; +2 f18_not_floatlike; +2 f20_nonzero; +2 f20_not_floatlike; +2 f68_nonzero; +2 f68_not_floatlike; +2 f70_nonzero; +2 f70_not_floatlike; +2 f78_nonzero; +2 f78_not_floatlike; +3 f58_nonzero; +2 f58_not_floatlike; +1 legacy_pointer_balanced_compat; -2 scattered_singleton_penalty; -3 text_block_penalty; -5 clone_penalty
code_blob_score = 0
code_blob_penalty = 0
scalar_block_score = 3
scalar_block_penalty = 0
text_block_score = 9
text_block_penalty = 3
template_family_id = cls:XXXXXXX|layout:scattered|fptr:0|tptr:0|align:0|preg:0|dom:1|fns:0|tns:0|scalar:0|text:low|blob:0|mirror:0
clone_family_id = layout:scattered|fptr:0|tptr:0|align:0|preg:0|dom:1|fns:0|tns:0|scalar:0|text:low|blob:0|mirror:0
template_family_size = 2
clone_penalty = 5
mirrored_penalty = 0
pointer_reward = 0
strong_structure_bonus = 0
sparse_anchor_tail_penalty = 0
anchored_fragmented_split_penalty = 0
one_sided_anchorless_split_penalty = 0
anchorless_partial_split_penalty = 0
isolated_split_penalty = 0
pointer_alignment_count = 0
pointer_region_count = 0
pointer_fields = none
pointer_cluster_count = 0
front_cluster_count = 0
tail_cluster_count = 0
front_non_singleton_cluster_count = 0
tail_non_singleton_cluster_count = 0
dominant_cluster_size = 0
cluster_layout = scattered
has_valid_anchor = false
dominant_cluster_covers_majority = false
isolated_split_like = false
tie_break_vector = final=30|family=2|pointer=0|isolated=0|blob=0|scalar=0|text=3|clone=5|mirror=0|neg=0|addr=0x16CC02AA5910
rank_reason = scattered singleton penalty fired on pointer-poor scattered layout with no non-singleton support; text penalty fired on little-endian ASCII/UTF16-like chunks; family size 2 raised clone penalty on scattered pointer-poor family
positive = target value matches, f08 nonzero, f08 not float-like, f18 nonzero, f18 not float-like, f20 nonzero, f20 not float-like, f68 nonzero, f68 not float-like, f70 nonzero, f70 not float-like, f78 nonzero, f78 not float-like, f58 nonzero, f58 not float-like, front metadata present, tail reference block present
negative = none

--- Candidate #20 ---
value_addr = 0x16CC02B9A268
base_addr  = 0x16CC02B9A240
f08 = 0x00004300
f18 = 0x20340238
f20 = 0x02384100
f28 = 0x42C80000 (100.0)
f58 = 0x00204C02
f68 = 0x383C23D7
f70 = 0x00000043
f78 = 0x85A69041
rank_position = 20
base_score = 40
prescore_score = 40
final_score = 30
total adjustment = -10
score = 30
hard_pass = true
flags = target_match, strong_front_block, strong_tail_block, object_like, scattered_singleton_like, text_block_like, template_clone_family
score_breakdown = +10 target_match; +2 f08_nonzero; +2 f08_not_floatlike; +2 f18_nonzero; +2 f18_not_floatlike; +2 f20_nonzero; +2 f20_not_floatlike; +2 f68_nonzero; +2 f68_not_floatlike; +2 f70_nonzero; +2 f70_not_floatlike; +2 f78_nonzero; +2 f78_not_floatlike; +3 f58_nonzero; +2 f58_not_floatlike; +1 legacy_pointer_balanced_compat; -2 scattered_singleton_penalty; -3 text_block_penalty; -5 clone_penalty
code_blob_score = 0
code_blob_penalty = 0
scalar_block_score = 3
scalar_block_penalty = 0
text_block_score = 6
text_block_penalty = 3
template_family_id = cls:XDAXXSX|layout:scattered|fptr:1|tptr:0|align:1|preg:1|dom:1|fns:0|tns:0|scalar:0|text:low|blob:0|mirror:0
clone_family_id = layout:scattered|fptr:1|tptr:0|align:1|preg:1|dom:1|fns:0|tns:0|scalar:0|text:low|blob:0|mirror:0
template_family_size = 2
clone_penalty = 5
mirrored_penalty = 0
pointer_reward = 0
strong_structure_bonus = 0
sparse_anchor_tail_penalty = 0
anchored_fragmented_split_penalty = 0
one_sided_anchorless_split_penalty = 0
anchorless_partial_split_penalty = 0
isolated_split_penalty = 0
pointer_alignment_count = 1
pointer_region_count = 1
pointer_fields = f20
pointer_cluster_count = 2
front_cluster_count = 2
tail_cluster_count = 0
front_non_singleton_cluster_count = 0
tail_non_singleton_cluster_count = 0
dominant_cluster_size = 1
cluster_layout = scattered
has_valid_anchor = true
dominant_cluster_covers_majority = false
isolated_split_like = false
tie_break_vector = final=30|family=2|pointer=0|isolated=0|blob=0|scalar=0|text=3|clone=5|mirror=0|neg=0|addr=0x16CC02B9A268
rank_reason = scattered singleton penalty fired on pointer-poor scattered layout with no non-singleton support; text penalty fired on little-endian ASCII/UTF16-like chunks; family size 2 raised clone penalty on scattered pointer-poor family
positive = target value matches, f08 nonzero, f08 not float-like, f18 nonzero, f18 not float-like, f20 nonzero, f20 not float-like, f68 nonzero, f68 not float-like, f70 nonzero, f70 not float-like, f78 nonzero, f78 not float-like, f58 nonzero, f58 not float-like, front metadata present, tail reference block present
negative = none

--- Candidate #21 ---
value_addr = 0x2E406BDC160
base_addr  = 0x2E406BDC138
f08 = 0xBDA9E656
f18 = 0x3DA9EC07
f20 = 0x3F671E49
f28 = 0x42C80000 (100.0)
f58 = 0xBF484681
f68 = 0xBF620B6F
f70 = 0xBCA2B878
f78 = 0xBE5D5C0C
rank_position = 21
base_score = 40
prescore_score = 40
final_score = 30
total adjustment = -10
score = 30
hard_pass = true
flags = target_match, strong_front_block, strong_tail_block, object_like, scattered_singleton_like, scalar_block_like, template_clone_family
score_breakdown = +10 target_match; +2 f08_nonzero; +2 f08_not_floatlike; +2 f18_nonzero; +2 f18_not_floatlike; +2 f20_nonzero; +2 f20_not_floatlike; +2 f68_nonzero; +2 f68_not_floatlike; +2 f70_nonzero; +2 f70_not_floatlike; +2 f78_nonzero; +2 f78_not_floatlike; +3 f58_nonzero; +2 f58_not_floatlike; +1 legacy_pointer_balanced_compat; -2 scattered_singleton_penalty; -3 scalar_block_penalty; -5 clone_penalty
code_blob_score = 0
code_blob_penalty = 0
scalar_block_score = 7
scalar_block_penalty = 3
text_block_score = 0
text_block_penalty = 0
template_family_id = cls:XXXXXDD|layout:scattered|fptr:0|tptr:0|align:0|preg:0|dom:1|fns:0|tns:0|scalar:low|text:0|blob:0|mirror:0
clone_family_id = layout:scattered|fptr:0|tptr:0|align:0|preg:0|dom:1|fns:0|tns:0|scalar:low|text:0|blob:0|mirror:0
template_family_size = 3
clone_penalty = 5
mirrored_penalty = 0
pointer_reward = 0
strong_structure_bonus = 0
sparse_anchor_tail_penalty = 0
anchored_fragmented_split_penalty = 0
one_sided_anchorless_split_penalty = 0
anchorless_partial_split_penalty = 0
isolated_split_penalty = 0
pointer_alignment_count = 0
pointer_region_count = 0
pointer_fields = none
pointer_cluster_count = 2
front_cluster_count = 0
tail_cluster_count = 2
front_non_singleton_cluster_count = 0
tail_non_singleton_cluster_count = 0
dominant_cluster_size = 1
cluster_layout = scattered
has_valid_anchor = false
dominant_cluster_covers_majority = false
isolated_split_like = false
tie_break_vector = final=30|family=3|pointer=0|isolated=0|blob=0|scalar=3|text=0|clone=5|mirror=0|neg=0|addr=0x2E406BDC160
rank_reason = scattered singleton penalty fired on pointer-poor scattered layout with no non-singleton support; scalar penalty fired on float-like/scalar template; family size 3 raised clone penalty on scattered pointer-poor family
positive = target value matches, f08 nonzero, f08 not float-like, f18 nonzero, f18 not float-like, f20 nonzero, f20 not float-like, f68 nonzero, f68 not float-like, f70 nonzero, f70 not float-like, f78 nonzero, f78 not float-like, f58 nonzero, f58 not float-like, front metadata present, tail reference block present
negative = none

--- Candidate #22 ---
value_addr = 0x2E406BDC8E4
base_addr  = 0x2E406BDC8BC
f08 = 0xBED8B3ED
f18 = 0x3ED8B183
f20 = 0x42AAB2DD
f28 = 0x42C80000 (100.0)
f58 = 0xC26D31A4
f68 = 0xC10A70BA
f70 = 0xBF79F903
f78 = 0x4006AAC8
rank_position = 22
base_score = 40
prescore_score = 40
final_score = 30
total adjustment = -10
score = 30
hard_pass = true
flags = target_match, strong_front_block, strong_tail_block, object_like, scattered_singleton_like, scalar_block_like, template_clone_family
score_breakdown = +10 target_match; +2 f08_nonzero; +2 f08_not_floatlike; +2 f18_nonzero; +2 f18_not_floatlike; +2 f20_nonzero; +2 f20_not_floatlike; +2 f68_nonzero; +2 f68_not_floatlike; +2 f70_nonzero; +2 f70_not_floatlike; +2 f78_nonzero; +2 f78_not_floatlike; +3 f58_nonzero; +2 f58_not_floatlike; +1 legacy_pointer_balanced_compat; -2 scattered_singleton_penalty; -3 scalar_block_penalty; -5 clone_penalty
code_blob_score = 0
code_blob_penalty = 0
scalar_block_score = 7
scalar_block_penalty = 3
text_block_score = 0
text_block_penalty = 0
template_family_id = cls:XXXDXXD|layout:scattered|fptr:0|tptr:0|align:0|preg:0|dom:1|fns:0|tns:0|scalar:low|text:0|blob:0|mirror:0
clone_family_id = layout:scattered|fptr:0|tptr:0|align:0|preg:0|dom:1|fns:0|tns:0|scalar:low|text:0|blob:0|mirror:0
template_family_size = 3
clone_penalty = 5
mirrored_penalty = 0
pointer_reward = 0
strong_structure_bonus = 0
sparse_anchor_tail_penalty = 0
anchored_fragmented_split_penalty = 0
one_sided_anchorless_split_penalty = 0
anchorless_partial_split_penalty = 0
isolated_split_penalty = 0
pointer_alignment_count = 0
pointer_region_count = 0
pointer_fields = none
pointer_cluster_count = 1
front_cluster_count = 0
tail_cluster_count = 1
front_non_singleton_cluster_count = 0
tail_non_singleton_cluster_count = 0
dominant_cluster_size = 1
cluster_layout = scattered
has_valid_anchor = false
dominant_cluster_covers_majority = false
isolated_split_like = false
tie_break_vector = final=30|family=3|pointer=0|isolated=0|blob=0|scalar=3|text=0|clone=5|mirror=0|neg=0|addr=0x2E406BDC8E4
rank_reason = scattered singleton penalty fired on pointer-poor scattered layout with no non-singleton support; scalar penalty fired on float-like/scalar template; family size 3 raised clone penalty on scattered pointer-poor family
positive = target value matches, f08 nonzero, f08 not float-like, f18 nonzero, f18 not float-like, f20 nonzero, f20 not float-like, f68 nonzero, f68 not float-like, f70 nonzero, f70 not float-like, f78 nonzero, f78 not float-like, f58 nonzero, f58 not float-like, front metadata present, tail reference block present
negative = none

--- Candidate #23 ---
value_addr = 0x2E406D69164
base_addr  = 0x2E406D6913C
f08 = 0xBED8B3DB
f18 = 0x3ED8B183
f20 = 0x42AAB2DD
f28 = 0x42C80000 (100.0)
f58 = 0xC26D31A4
f68 = 0xC10A70BA
f70 = 0xBF79F903
f78 = 0x4006AAC8
rank_position = 23
base_score = 40
prescore_score = 40
final_score = 30
total adjustment = -10
score = 30
hard_pass = true
flags = target_match, strong_front_block, strong_tail_block, object_like, scattered_singleton_like, scalar_block_like, template_clone_family
score_breakdown = +10 target_match; +2 f08_nonzero; +2 f08_not_floatlike; +2 f18_nonzero; +2 f18_not_floatlike; +2 f20_nonzero; +2 f20_not_floatlike; +2 f68_nonzero; +2 f68_not_floatlike; +2 f70_nonzero; +2 f70_not_floatlike; +2 f78_nonzero; +2 f78_not_floatlike; +3 f58_nonzero; +2 f58_not_floatlike; +1 legacy_pointer_balanced_compat; -2 scattered_singleton_penalty; -3 scalar_block_penalty; -5 clone_penalty
code_blob_score = 0
code_blob_penalty = 0
scalar_block_score = 7
scalar_block_penalty = 3
text_block_score = 0
text_block_penalty = 0
template_family_id = cls:XXXDXXD|layout:scattered|fptr:0|tptr:0|align:0|preg:0|dom:1|fns:0|tns:0|scalar:low|text:0|blob:0|mirror:0
clone_family_id = layout:scattered|fptr:0|tptr:0|align:0|preg:0|dom:1|fns:0|tns:0|scalar:low|text:0|blob:0|mirror:0
template_family_size = 3
clone_penalty = 5
mirrored_penalty = 0
pointer_reward = 0
strong_structure_bonus = 0
sparse_anchor_tail_penalty = 0
anchored_fragmented_split_penalty = 0
one_sided_anchorless_split_penalty = 0
anchorless_partial_split_penalty = 0
isolated_split_penalty = 0
pointer_alignment_count = 0
pointer_region_count = 0
pointer_fields = none
pointer_cluster_count = 1
front_cluster_count = 0
tail_cluster_count = 1
front_non_singleton_cluster_count = 0
tail_non_singleton_cluster_count = 0
dominant_cluster_size = 1
cluster_layout = scattered
has_valid_anchor = false
dominant_cluster_covers_majority = false
isolated_split_like = false
tie_break_vector = final=30|family=3|pointer=0|isolated=0|blob=0|scalar=3|text=0|clone=5|mirror=0|neg=0|addr=0x2E406D69164
rank_reason = scattered singleton penalty fired on pointer-poor scattered layout with no non-singleton support; scalar penalty fired on float-like/scalar template; family size 3 raised clone penalty on scattered pointer-poor family
positive = target value matches, f08 nonzero, f08 not float-like, f18 nonzero, f18 not float-like, f20 nonzero, f20 not float-like, f68 nonzero, f68 not float-like, f70 nonzero, f70 not float-like, f78 nonzero, f78 not float-like, f58 nonzero, f58 not float-like, front metadata present, tail reference block present
negative = none

--- Candidate #24 ---
value_addr = 0x2E00A26E904
base_addr  = 0x2E00A26E8DC
f08 = 0x8A100002
f18 = 0x4101200B
f20 = 0x03370042
f28 = 0x42C80000 (100.0)
f58 = 0x6B404100
f68 = 0x00022801
f70 = 0x804101BA
f78 = 0x02280320
rank_position = 24
base_score = 40
prescore_score = 40
final_score = 30
total adjustment = -10
score = 30
hard_pass = true
flags = target_match, strong_front_block, strong_tail_block, object_like, scattered_singleton_like, template_clone_family
score_breakdown = +10 target_match; +2 f08_nonzero; +2 f08_not_floatlike; +2 f18_nonzero; +2 f18_not_floatlike; +2 f20_nonzero; +2 f20_not_floatlike; +2 f68_nonzero; +2 f68_not_floatlike; +2 f70_nonzero; +2 f70_not_floatlike; +2 f78_nonzero; +2 f78_not_floatlike; +3 f58_nonzero; +2 f58_not_floatlike; +1 legacy_pointer_balanced_compat; -2 scattered_singleton_penalty; -8 clone_penalty
code_blob_score = 0
code_blob_penalty = 0
scalar_block_score = 3
scalar_block_penalty = 0
text_block_score = 0
text_block_penalty = 0
template_family_id = cls:XXXDXXD|layout:scattered|fptr:0|tptr:0|align:0|preg:0|dom:1|fns:0|tns:0|scalar:0|text:0|blob:0|mirror:0
clone_family_id = layout:scattered|fptr:0|tptr:0|align:0|preg:0|dom:1|fns:0|tns:0|scalar:0|text:0|blob:0|mirror:0
template_family_size = 4
clone_penalty = 8
mirrored_penalty = 0
pointer_reward = 0
strong_structure_bonus = 0
sparse_anchor_tail_penalty = 0
anchored_fragmented_split_penalty = 0
one_sided_anchorless_split_penalty = 0
anchorless_partial_split_penalty = 0
isolated_split_penalty = 0
pointer_alignment_count = 0
pointer_region_count = 0
pointer_fields = none
pointer_cluster_count = 1
front_cluster_count = 0
tail_cluster_count = 1
front_non_singleton_cluster_count = 0
tail_non_singleton_cluster_count = 0
dominant_cluster_size = 1
cluster_layout = scattered
has_valid_anchor = false
dominant_cluster_covers_majority = false
isolated_split_like = false
tie_break_vector = final=30|family=4|pointer=0|isolated=0|blob=0|scalar=0|text=0|clone=8|mirror=0|neg=0|addr=0x2E00A26E904
rank_reason = scattered singleton penalty fired on pointer-poor scattered layout with no non-singleton support; family size 4 raised clone penalty on scattered pointer-poor family
positive = target value matches, f08 nonzero, f08 not float-like, f18 nonzero, f18 not float-like, f20 nonzero, f20 not float-like, f68 nonzero, f68 not float-like, f70 nonzero, f70 not float-like, f78 nonzero, f78 not float-like, f58 nonzero, f58 not float-like, front metadata present, tail reference block present
negative = none

--- Candidate #25 ---
value_addr = 0x2E400C67848
base_addr  = 0x2E400C67820
f08 = 0x43C7FFFF
f18 = 0x4261E821
f20 = 0xC261E821
f28 = 0x42C80000 (100.0)
f58 = 0xC2C7FFFF
f68 = 0x42C7FFFF
f70 = 0xC2C7FFFF
f78 = 0xC26FFFFE
rank_position = 25
base_score = 40
prescore_score = 40
final_score = 30
total adjustment = -10
score = 30
hard_pass = true
flags = target_match, strong_front_block, strong_tail_block, object_like, scattered_singleton_like, template_clone_family
score_breakdown = +10 target_match; +2 f08_nonzero; +2 f08_not_floatlike; +2 f18_nonzero; +2 f18_not_floatlike; +2 f20_nonzero; +2 f20_not_floatlike; +2 f68_nonzero; +2 f68_not_floatlike; +2 f70_nonzero; +2 f70_not_floatlike; +2 f78_nonzero; +2 f78_not_floatlike; +3 f58_nonzero; +2 f58_not_floatlike; +1 legacy_pointer_balanced_compat; -2 scattered_singleton_penalty; -8 clone_penalty
code_blob_score = 0
code_blob_penalty = 0
scalar_block_score = 3
scalar_block_penalty = 0
text_block_score = 0
text_block_penalty = 0
template_family_id = cls:XXXXXXX|layout:scattered|fptr:0|tptr:0|align:0|preg:0|dom:1|fns:0|tns:0|scalar:0|text:0|blob:0|mirror:0
clone_family_id = layout:scattered|fptr:0|tptr:0|align:0|preg:0|dom:1|fns:0|tns:0|scalar:0|text:0|blob:0|mirror:0
template_family_size = 4
clone_penalty = 8
mirrored_penalty = 0
pointer_reward = 0
strong_structure_bonus = 0
sparse_anchor_tail_penalty = 0
anchored_fragmented_split_penalty = 0
one_sided_anchorless_split_penalty = 0
anchorless_partial_split_penalty = 0
isolated_split_penalty = 0
pointer_alignment_count = 0
pointer_region_count = 0
pointer_fields = none
pointer_cluster_count = 0
front_cluster_count = 0
tail_cluster_count = 0
front_non_singleton_cluster_count = 0
tail_non_singleton_cluster_count = 0
dominant_cluster_size = 0
cluster_layout = scattered
has_valid_anchor = false
dominant_cluster_covers_majority = false
isolated_split_like = false
tie_break_vector = final=30|family=4|pointer=0|isolated=0|blob=0|scalar=0|text=0|clone=8|mirror=0|neg=0|addr=0x2E400C67848
rank_reason = scattered singleton penalty fired on pointer-poor scattered layout with no non-singleton support; family size 4 raised clone penalty on scattered pointer-poor family
positive = target value matches, f08 nonzero, f08 not float-like, f18 nonzero, f18 not float-like, f20 nonzero, f20 not float-like, f68 nonzero, f68 not float-like, f70 nonzero, f70 not float-like, f78 nonzero, f78 not float-like, f58 nonzero, f58 not float-like, front metadata present, tail reference block present
negative = none

--- Candidate #26 ---
value_addr = 0x2E406AA3164
base_addr  = 0x2E406AA313C
f08 = 0xBED6CB12
f18 = 0x3ED6CF71
f20 = 0x42AAC327
f28 = 0x42C80000 (100.0)
f58 = 0xC26D4804
f68 = 0xC10A6E25
f70 = 0xBF79BFEE
f78 = 0x4004842E
rank_position = 26
base_score = 40
prescore_score = 40
final_score = 30
total adjustment = -10
score = 30
hard_pass = true
flags = target_match, strong_front_block, strong_tail_block, object_like, scattered_singleton_like, template_clone_family
score_breakdown = +10 target_match; +2 f08_nonzero; +2 f08_not_floatlike; +2 f18_nonzero; +2 f18_not_floatlike; +2 f20_nonzero; +2 f20_not_floatlike; +2 f68_nonzero; +2 f68_not_floatlike; +2 f70_nonzero; +2 f70_not_floatlike; +2 f78_nonzero; +2 f78_not_floatlike; +3 f58_nonzero; +2 f58_not_floatlike; +1 legacy_pointer_balanced_compat; -2 scattered_singleton_penalty; -8 clone_penalty
code_blob_score = 0
code_blob_penalty = 0
scalar_block_score = 5
scalar_block_penalty = 0
text_block_score = 0
text_block_penalty = 0
template_family_id = cls:XXXDXXX|layout:scattered|fptr:0|tptr:0|align:0|preg:0|dom:1|fns:0|tns:0|scalar:0|text:0|blob:0|mirror:0
clone_family_id = layout:scattered|fptr:0|tptr:0|align:0|preg:0|dom:1|fns:0|tns:0|scalar:0|text:0|blob:0|mirror:0
template_family_size = 4
clone_penalty = 8
mirrored_penalty = 0
pointer_reward = 0
strong_structure_bonus = 0
sparse_anchor_tail_penalty = 0
anchored_fragmented_split_penalty = 0
one_sided_anchorless_split_penalty = 0
anchorless_partial_split_penalty = 0
isolated_split_penalty = 0
pointer_alignment_count = 0
pointer_region_count = 0
pointer_fields = none
pointer_cluster_count = 0
front_cluster_count = 0
tail_cluster_count = 0
front_non_singleton_cluster_count = 0
tail_non_singleton_cluster_count = 0
dominant_cluster_size = 1
cluster_layout = scattered
has_valid_anchor = false
dominant_cluster_covers_majority = false
isolated_split_like = false
tie_break_vector = final=30|family=4|pointer=0|isolated=0|blob=0|scalar=0|text=0|clone=8|mirror=0|neg=0|addr=0x2E406AA3164
rank_reason = scattered singleton penalty fired on pointer-poor scattered layout with no non-singleton support; family size 4 raised clone penalty on scattered pointer-poor family
positive = target value matches, f08 nonzero, f08 not float-like, f18 nonzero, f18 not float-like, f20 nonzero, f20 not float-like, f68 nonzero, f68 not float-like, f70 nonzero, f70 not float-like, f78 nonzero, f78 not float-like, f58 nonzero, f58 not float-like, front metadata present, tail reference block present
negative = none

--- Candidate #27 ---
value_addr = 0x2E406C291DC
base_addr  = 0x2E406C291B4
f08 = 0xBED5C5C7
f18 = 0x3ED5C4BE
f20 = 0x42AACA02
f28 = 0x42C80000 (100.0)
f58 = 0xC26D5463
f68 = 0xC10A6C77
f70 = 0xBF799FD9
f78 = 0x400352B7
rank_position = 27
base_score = 40
prescore_score = 40
final_score = 30
total adjustment = -10
score = 30
hard_pass = true
flags = target_match, strong_front_block, strong_tail_block, object_like, scattered_singleton_like, template_clone_family
score_breakdown = +10 target_match; +2 f08_nonzero; +2 f08_not_floatlike; +2 f18_nonzero; +2 f18_not_floatlike; +2 f20_nonzero; +2 f20_not_floatlike; +2 f68_nonzero; +2 f68_not_floatlike; +2 f70_nonzero; +2 f70_not_floatlike; +2 f78_nonzero; +2 f78_not_floatlike; +3 f58_nonzero; +2 f58_not_floatlike; +1 legacy_pointer_balanced_compat; -2 scattered_singleton_penalty; -8 clone_penalty
code_blob_score = 0
code_blob_penalty = 0
scalar_block_score = 3
scalar_block_penalty = 0
text_block_score = 0
text_block_penalty = 0
template_family_id = cls:XXXXXXX|layout:scattered|fptr:0|tptr:0|align:0|preg:0|dom:1|fns:0|tns:0|scalar:0|text:0|blob:0|mirror:0
clone_family_id = layout:scattered|fptr:0|tptr:0|align:0|preg:0|dom:1|fns:0|tns:0|scalar:0|text:0|blob:0|mirror:0
template_family_size = 4
clone_penalty = 8
mirrored_penalty = 0
pointer_reward = 0
strong_structure_bonus = 0
sparse_anchor_tail_penalty = 0
anchored_fragmented_split_penalty = 0
one_sided_anchorless_split_penalty = 0
anchorless_partial_split_penalty = 0
isolated_split_penalty = 0
pointer_alignment_count = 0
pointer_region_count = 0
pointer_fields = none
pointer_cluster_count = 0
front_cluster_count = 0
tail_cluster_count = 0
front_non_singleton_cluster_count = 0
tail_non_singleton_cluster_count = 0
dominant_cluster_size = 0
cluster_layout = scattered
has_valid_anchor = false
dominant_cluster_covers_majority = false
isolated_split_like = false
tie_break_vector = final=30|family=4|pointer=0|isolated=0|blob=0|scalar=0|text=0|clone=8|mirror=0|neg=0|addr=0x2E406C291DC
rank_reason = scattered singleton penalty fired on pointer-poor scattered layout with no non-singleton support; family size 4 raised clone penalty on scattered pointer-poor family
positive = target value matches, f08 nonzero, f08 not float-like, f18 nonzero, f18 not float-like, f20 nonzero, f20 not float-like, f68 nonzero, f68 not float-like, f70 nonzero, f70 not float-like, f78 nonzero, f78 not float-like, f58 nonzero, f58 not float-like, front metadata present, tail reference block present
negative = none

--- Candidate #28 ---
value_addr = 0x2E009995D90
base_addr  = 0x2E009995D68
f08 = 0x19200002
f18 = 0x01C3D110
f20 = 0x023600E4
f28 = 0x42C80000 (100.0)
f58 = 0x20000236
f68 = 0xC3D11006
f70 = 0x3600E441
f78 = 0x80000043
rank_position = 28
base_score = 40
prescore_score = 40
final_score = 30
total adjustment = -10
score = 30
hard_pass = true
flags = target_match, strong_front_block, strong_tail_block, object_like, scattered_singleton_like, template_clone_family
score_breakdown = +10 target_match; +2 f08_nonzero; +2 f08_not_floatlike; +2 f18_nonzero; +2 f18_not_floatlike; +2 f20_nonzero; +2 f20_not_floatlike; +2 f68_nonzero; +2 f68_not_floatlike; +2 f70_nonzero; +2 f70_not_floatlike; +2 f78_nonzero; +2 f78_not_floatlike; +3 f58_nonzero; +2 f58_not_floatlike; +1 legacy_pointer_balanced_compat; -2 scattered_singleton_penalty; -8 clone_penalty
code_blob_score = 0
code_blob_penalty = 0
scalar_block_score = 3
scalar_block_penalty = 0
text_block_score = 0
text_block_penalty = 0
template_family_id = cls:XADXXXX|layout:scattered|fptr:1|tptr:0|align:1|preg:1|dom:1|fns:0|tns:0|scalar:0|text:0|blob:0|mirror:0
clone_family_id = layout:scattered|fptr:1|tptr:0|align:1|preg:1|dom:1|fns:0|tns:0|scalar:0|text:0|blob:0|mirror:0
template_family_size = 5
clone_penalty = 8
mirrored_penalty = 0
pointer_reward = 0
strong_structure_bonus = 0
sparse_anchor_tail_penalty = 0
anchored_fragmented_split_penalty = 0
one_sided_anchorless_split_penalty = 0
anchorless_partial_split_penalty = 0
isolated_split_penalty = 0
pointer_alignment_count = 1
pointer_region_count = 1
pointer_fields = f18
pointer_cluster_count = 2
front_cluster_count = 2
tail_cluster_count = 0
front_non_singleton_cluster_count = 0
tail_non_singleton_cluster_count = 0
dominant_cluster_size = 1
cluster_layout = scattered
has_valid_anchor = true
dominant_cluster_covers_majority = false
isolated_split_like = false
tie_break_vector = final=30|family=5|pointer=0|isolated=0|blob=0|scalar=0|text=0|clone=8|mirror=0|neg=0|addr=0x2E009995D90
rank_reason = scattered singleton penalty fired on pointer-poor scattered layout with no non-singleton support; family size 5 raised clone penalty on scattered pointer-poor family
positive = target value matches, f08 nonzero, f08 not float-like, f18 nonzero, f18 not float-like, f20 nonzero, f20 not float-like, f68 nonzero, f68 not float-like, f70 nonzero, f70 not float-like, f78 nonzero, f78 not float-like, f58 nonzero, f58 not float-like, front metadata present, tail reference block present
negative = none

--- Candidate #29 ---
value_addr = 0x2E009BFA4A4
base_addr  = 0x2E009BFA47C
f08 = 0x36004100
f18 = 0x002002B0
f20 = 0xB402383F
f28 = 0x42C80000 (100.0)
f58 = 0x2002C402
f68 = 0x37000229
f70 = 0x83E4C041
f78 = 0x20080236
rank_position = 29
base_score = 40
prescore_score = 40
final_score = 30
total adjustment = -10
score = 30
hard_pass = true
flags = target_match, strong_front_block, strong_tail_block, object_like, scattered_singleton_like, template_clone_family
score_breakdown = +10 target_match; +2 f08_nonzero; +2 f08_not_floatlike; +2 f18_nonzero; +2 f18_not_floatlike; +2 f20_nonzero; +2 f20_not_floatlike; +2 f68_nonzero; +2 f68_not_floatlike; +2 f70_nonzero; +2 f70_not_floatlike; +2 f78_nonzero; +2 f78_not_floatlike; +3 f58_nonzero; +2 f58_not_floatlike; +1 legacy_pointer_balanced_compat; -2 scattered_singleton_penalty; -8 clone_penalty
code_blob_score = 0
code_blob_penalty = 0
scalar_block_score = 5
scalar_block_penalty = 0
text_block_score = 0
text_block_penalty = 0
template_family_id = cls:DAXXXXX|layout:scattered|fptr:1|tptr:0|align:1|preg:1|dom:1|fns:0|tns:0|scalar:0|text:0|blob:0|mirror:0
clone_family_id = layout:scattered|fptr:1|tptr:0|align:1|preg:1|dom:1|fns:0|tns:0|scalar:0|text:0|blob:0|mirror:0
template_family_size = 5
clone_penalty = 8
mirrored_penalty = 0
pointer_reward = 0
strong_structure_bonus = 0
sparse_anchor_tail_penalty = 0
anchored_fragmented_split_penalty = 0
one_sided_anchorless_split_penalty = 0
anchorless_partial_split_penalty = 0
isolated_split_penalty = 0
pointer_alignment_count = 1
pointer_region_count = 1
pointer_fields = f18
pointer_cluster_count = 2
front_cluster_count = 2
tail_cluster_count = 0
front_non_singleton_cluster_count = 0
tail_non_singleton_cluster_count = 0
dominant_cluster_size = 1
cluster_layout = scattered
has_valid_anchor = true
dominant_cluster_covers_majority = false
isolated_split_like = false
tie_break_vector = final=30|family=5|pointer=0|isolated=0|blob=0|scalar=0|text=0|clone=8|mirror=0|neg=0|addr=0x2E009BFA4A4
rank_reason = scattered singleton penalty fired on pointer-poor scattered layout with no non-singleton support; family size 5 raised clone penalty on scattered pointer-poor family
positive = target value matches, f08 nonzero, f08 not float-like, f18 nonzero, f18 not float-like, f20 nonzero, f20 not float-like, f68 nonzero, f68 not float-like, f70 nonzero, f70 not float-like, f78 nonzero, f78 not float-like, f58 nonzero, f58 not float-like, front metadata present, tail reference block present
negative = none

--- Candidate #30 ---
value_addr = 0x2E00A511F9C
base_addr  = 0x2E00A511F74
f08 = 0x00004300
f18 = 0x20600238
f20 = 0x023842C8
f28 = 0x42C80000 (100.0)
f58 = 0x41022104
f68 = 0x04804101
f70 = 0x74022801
f78 = 0xFAD21001
rank_position = 30
base_score = 40
prescore_score = 40
final_score = 30
total adjustment = -10
score = 30
hard_pass = true
flags = target_match, strong_front_block, strong_tail_block, object_like, scattered_singleton_like, template_clone_family
score_breakdown = +10 target_match; +2 f08_nonzero; +2 f08_not_floatlike; +2 f18_nonzero; +2 f18_not_floatlike; +2 f20_nonzero; +2 f20_not_floatlike; +2 f68_nonzero; +2 f68_not_floatlike; +2 f70_nonzero; +2 f70_not_floatlike; +2 f78_nonzero; +2 f78_not_floatlike; +3 f58_nonzero; +2 f58_not_floatlike; +1 legacy_pointer_balanced_compat; -2 scattered_singleton_penalty; -8 clone_penalty
code_blob_score = 0
code_blob_penalty = 0
scalar_block_score = 5
scalar_block_penalty = 0
text_block_score = 0
text_block_penalty = 0
template_family_id = cls:XDADXXX|layout:scattered|fptr:1|tptr:0|align:1|preg:1|dom:1|fns:0|tns:0|scalar:0|text:0|blob:0|mirror:0
clone_family_id = layout:scattered|fptr:1|tptr:0|align:1|preg:1|dom:1|fns:0|tns:0|scalar:0|text:0|blob:0|mirror:0
template_family_size = 5
clone_penalty = 8
mirrored_penalty = 0
pointer_reward = 0
strong_structure_bonus = 0
sparse_anchor_tail_penalty = 0
anchored_fragmented_split_penalty = 0
one_sided_anchorless_split_penalty = 0
anchorless_partial_split_penalty = 0
isolated_split_penalty = 0
pointer_alignment_count = 1
pointer_region_count = 1
pointer_fields = f20
pointer_cluster_count = 2
front_cluster_count = 2
tail_cluster_count = 0
front_non_singleton_cluster_count = 0
tail_non_singleton_cluster_count = 0
dominant_cluster_size = 1
cluster_layout = scattered
has_valid_anchor = true
dominant_cluster_covers_majority = false
isolated_split_like = false
tie_break_vector = final=30|family=5|pointer=0|isolated=0|blob=0|scalar=0|text=0|clone=8|mirror=0|neg=0|addr=0x2E00A511F9C
rank_reason = scattered singleton penalty fired on pointer-poor scattered layout with no non-singleton support; family size 5 raised clone penalty on scattered pointer-poor family
positive = target value matches, f08 nonzero, f08 not float-like, f18 nonzero, f18 not float-like, f20 nonzero, f20 not float-like, f68 nonzero, f68 not float-like, f70 nonzero, f70 not float-like, f78 nonzero, f78 not float-like, f58 nonzero, f58 not float-like, front metadata present, tail reference block present
negative = none

--- Candidate #31 ---
value_addr = 0x2E00A627AD8
base_addr  = 0x2E00A627AB0
f08 = 0x02204004
f18 = 0x00410B0B
f20 = 0x00204004
f28 = 0x42C80000 (100.0)
f58 = 0x012004B7
f68 = 0x20410723
f70 = 0x37004201
f78 = 0x02370042
rank_position = 31
base_score = 40
prescore_score = 40
final_score = 30
total adjustment = -10
score = 30
hard_pass = true
flags = target_match, strong_front_block, strong_tail_block, object_like, scattered_singleton_like, template_clone_family
score_breakdown = +10 target_match; +2 f08_nonzero; +2 f08_not_floatlike; +2 f18_nonzero; +2 f18_not_floatlike; +2 f20_nonzero; +2 f20_not_floatlike; +2 f68_nonzero; +2 f68_not_floatlike; +2 f70_nonzero; +2 f70_not_floatlike; +2 f78_nonzero; +2 f78_not_floatlike; +3 f58_nonzero; +2 f58_not_floatlike; +1 legacy_pointer_balanced_compat; -2 scattered_singleton_penalty; -8 clone_penalty
code_blob_score = 0
code_blob_penalty = 0
scalar_block_score = 3
scalar_block_penalty = 0
text_block_score = 0
text_block_penalty = 0
template_family_id = cls:AXDXXXX|layout:scattered|fptr:1|tptr:0|align:1|preg:1|dom:1|fns:0|tns:0|scalar:0|text:0|blob:0|mirror:0
clone_family_id = layout:scattered|fptr:1|tptr:0|align:1|preg:1|dom:1|fns:0|tns:0|scalar:0|text:0|blob:0|mirror:0
template_family_size = 5
clone_penalty = 8
mirrored_penalty = 0
pointer_reward = 0
strong_structure_bonus = 0
sparse_anchor_tail_penalty = 0
anchored_fragmented_split_penalty = 0
one_sided_anchorless_split_penalty = 0
anchorless_partial_split_penalty = 0
isolated_split_penalty = 0
pointer_alignment_count = 1
pointer_region_count = 1
pointer_fields = f08
pointer_cluster_count = 2
front_cluster_count = 2
tail_cluster_count = 0
front_non_singleton_cluster_count = 0
tail_non_singleton_cluster_count = 0
dominant_cluster_size = 1
cluster_layout = scattered
has_valid_anchor = true
dominant_cluster_covers_majority = false
isolated_split_like = false
tie_break_vector = final=30|family=5|pointer=0|isolated=0|blob=0|scalar=0|text=0|clone=8|mirror=0|neg=0|addr=0x2E00A627AD8
rank_reason = scattered singleton penalty fired on pointer-poor scattered layout with no non-singleton support; family size 5 raised clone penalty on scattered pointer-poor family
positive = target value matches, f08 nonzero, f08 not float-like, f18 nonzero, f18 not float-like, f20 nonzero, f20 not float-like, f68 nonzero, f68 not float-like, f70 nonzero, f70 not float-like, f78 nonzero, f78 not float-like, f58 nonzero, f58 not float-like, front metadata present, tail reference block present
negative = none

--- Candidate #32 ---
value_addr = 0x16CC02AA5944
base_addr  = 0x16CC02AA591C
f08 = 0x60000000
f18 = 0xE0229501
f20 = 0x2020BC94
f28 = 0x42C80000 (100.0)
f58 = 0x20000236
f68 = 0xEA200B01
f70 = 0x01DD2001
f78 = 0x00023671
rank_position = 32
base_score = 40
prescore_score = 40
final_score = 30
total adjustment = -10
score = 30
hard_pass = true
flags = target_match, strong_front_block, strong_tail_block, object_like, scattered_singleton_like, template_clone_family
score_breakdown = +10 target_match; +2 f08_nonzero; +2 f08_not_floatlike; +2 f18_nonzero; +2 f18_not_floatlike; +2 f20_nonzero; +2 f20_not_floatlike; +2 f68_nonzero; +2 f68_not_floatlike; +2 f70_nonzero; +2 f70_not_floatlike; +2 f78_nonzero; +2 f78_not_floatlike; +3 f58_nonzero; +2 f58_not_floatlike; +1 legacy_pointer_balanced_compat; -2 scattered_singleton_penalty; -8 clone_penalty
code_blob_score = 0
code_blob_penalty = 0
scalar_block_score = 3
scalar_block_penalty = 0
text_block_score = 0
text_block_penalty = 0
template_family_id = cls:AXDXXXX|layout:scattered|fptr:1|tptr:0|align:1|preg:1|dom:1|fns:0|tns:0|scalar:0|text:0|blob:0|mirror:0
clone_family_id = layout:scattered|fptr:1|tptr:0|align:1|preg:1|dom:1|fns:0|tns:0|scalar:0|text:0|blob:0|mirror:0
template_family_size = 5
clone_penalty = 8
mirrored_penalty = 0
pointer_reward = 0
strong_structure_bonus = 0
sparse_anchor_tail_penalty = 0
anchored_fragmented_split_penalty = 0
one_sided_anchorless_split_penalty = 0
anchorless_partial_split_penalty = 0
isolated_split_penalty = 0
pointer_alignment_count = 1
pointer_region_count = 1
pointer_fields = f08
pointer_cluster_count = 2
front_cluster_count = 2
tail_cluster_count = 0
front_non_singleton_cluster_count = 0
tail_non_singleton_cluster_count = 0
dominant_cluster_size = 1
cluster_layout = scattered
has_valid_anchor = true
dominant_cluster_covers_majority = false
isolated_split_like = false
tie_break_vector = final=30|family=5|pointer=0|isolated=0|blob=0|scalar=0|text=0|clone=8|mirror=0|neg=0|addr=0x16CC02AA5944
rank_reason = scattered singleton penalty fired on pointer-poor scattered layout with no non-singleton support; family size 5 raised clone penalty on scattered pointer-poor family
positive = target value matches, f08 nonzero, f08 not float-like, f18 nonzero, f18 not float-like, f20 nonzero, f20 not float-like, f68 nonzero, f68 not float-like, f70 nonzero, f70 not float-like, f78 nonzero, f78 not float-like, f58 nonzero, f58 not float-like, front metadata present, tail reference block present
negative = none

--- Candidate #33 ---
value_addr = 0x2E406AA3160
base_addr  = 0x2E406AA3138
f08 = 0xBDAA1B84
f18 = 0x3DAA175A
f20 = 0x3F676793
f28 = 0x42C80000 (100.0)
f58 = 0xBF48802F
f68 = 0xBF61BCB0
f70 = 0xBCA4A004
f78 = 0xBE5FF346
rank_position = 33
base_score = 40
prescore_score = 40
final_score = 27
total adjustment = -13
score = 27
hard_pass = true
flags = target_match, strong_front_block, strong_tail_block, object_like, anchorless_partial_split_like, isolated_split_like, scalar_block_like, template_clone_family
score_breakdown = +10 target_match; +2 f08_nonzero; +2 f08_not_floatlike; +2 f18_nonzero; +2 f18_not_floatlike; +2 f20_nonzero; +2 f20_not_floatlike; +2 f68_nonzero; +2 f68_not_floatlike; +2 f70_nonzero; +2 f70_not_floatlike; +2 f78_nonzero; +2 f78_not_floatlike; +3 f58_nonzero; +2 f58_not_floatlike; +1 legacy_pointer_balanced_compat; -2 anchorless_partial_split_penalty; -2 isolated_split_penalty(no_anchor_no_non_singleton_split_support); -3 scalar_block_penalty; -6 clone_penalty
code_blob_score = 0
code_blob_penalty = 0
scalar_block_score = 6
scalar_block_penalty = 3
text_block_score = 0
text_block_penalty = 0
template_family_id = cls:PXXXPDX|layout:front_tail_split|fptr:1|tptr:1|align:2|preg:2|dom:1|fns:0|tns:0|scalar:low|text:0|blob:0|mirror:0
clone_family_id = layout:front_tail_split|fptr:1|tptr:1|align:2|preg:2|dom:1|fns:0|tns:0|scalar:low|text:0|blob:0|mirror:0
template_family_size = 4
clone_penalty = 6
mirrored_penalty = 0
pointer_reward = 0
strong_structure_bonus = 0
sparse_anchor_tail_penalty = 0
anchored_fragmented_split_penalty = 0
one_sided_anchorless_split_penalty = 0
anchorless_partial_split_penalty = 2
isolated_split_penalty = 2
pointer_alignment_count = 2
pointer_region_count = 2
pointer_fields = f08, f68
pointer_cluster_count = 3
front_cluster_count = 1
tail_cluster_count = 2
front_non_singleton_cluster_count = 0
tail_non_singleton_cluster_count = 0
dominant_cluster_size = 1
cluster_layout = front_tail_split
has_valid_anchor = false
dominant_cluster_covers_majority = false
isolated_split_like = true
tie_break_vector = final=27|family=4|pointer=0|isolated=2|blob=0|scalar=3|text=0|clone=6|mirror=0|neg=0|addr=0x2E406AA3160
rank_reason = anchorless partial split penalty fired on one-sided split layout without valid anchor; isolated split penalty fired on fragmentary split layout with no valid anchor and no non-singleton split support; scalar penalty fired on float-like/scalar template; family size 4 raised clone penalty
positive = target value matches, f08 nonzero, f08 not float-like, f18 nonzero, f18 not float-like, f20 nonzero, f20 not float-like, f68 nonzero, f68 not float-like, f70 nonzero, f70 not float-like, f78 nonzero, f78 not float-like, f58 nonzero, f58 not float-like, front metadata present, tail reference block present
negative = none

--- Candidate #34 ---
value_addr = 0x2E406C298E0
base_addr  = 0x2E406C298B8
f08 = 0xBDAA1B84
f18 = 0x3DAA175A
f20 = 0x3F676793
f28 = 0x42C80000 (100.0)
f58 = 0xBF48803A
f68 = 0xBF61BCA0
f70 = 0xBCA4A060
f78 = 0xBE5FF3C3
rank_position = 34
base_score = 40
prescore_score = 40
final_score = 27
total adjustment = -13
score = 27
hard_pass = true
flags = target_match, strong_front_block, strong_tail_block, object_like, anchorless_partial_split_like, isolated_split_like, scalar_block_like, template_clone_family
score_breakdown = +10 target_match; +2 f08_nonzero; +2 f08_not_floatlike; +2 f18_nonzero; +2 f18_not_floatlike; +2 f20_nonzero; +2 f20_not_floatlike; +2 f68_nonzero; +2 f68_not_floatlike; +2 f70_nonzero; +2 f70_not_floatlike; +2 f78_nonzero; +2 f78_not_floatlike; +3 f58_nonzero; +2 f58_not_floatlike; +1 legacy_pointer_balanced_compat; -2 anchorless_partial_split_penalty; -2 isolated_split_penalty(no_anchor_no_non_singleton_split_support); -3 scalar_block_penalty; -6 clone_penalty
code_blob_score = 0
code_blob_penalty = 0
scalar_block_score = 6
scalar_block_penalty = 3
text_block_score = 0
text_block_penalty = 0
template_family_id = cls:PXXXPDX|layout:front_tail_split|fptr:1|tptr:1|align:2|preg:2|dom:1|fns:0|tns:0|scalar:low|text:0|blob:0|mirror:0
clone_family_id = layout:front_tail_split|fptr:1|tptr:1|align:2|preg:2|dom:1|fns:0|tns:0|scalar:low|text:0|blob:0|mirror:0
template_family_size = 4
clone_penalty = 6
mirrored_penalty = 0
pointer_reward = 0
strong_structure_bonus = 0
sparse_anchor_tail_penalty = 0
anchored_fragmented_split_penalty = 0
one_sided_anchorless_split_penalty = 0
anchorless_partial_split_penalty = 2
isolated_split_penalty = 2
pointer_alignment_count = 2
pointer_region_count = 2
pointer_fields = f08, f68
pointer_cluster_count = 3
front_cluster_count = 1
tail_cluster_count = 2
front_non_singleton_cluster_count = 0
tail_non_singleton_cluster_count = 0
dominant_cluster_size = 1
cluster_layout = front_tail_split
has_valid_anchor = false
dominant_cluster_covers_majority = false
isolated_split_like = true
tie_break_vector = final=27|family=4|pointer=0|isolated=2|blob=0|scalar=3|text=0|clone=6|mirror=0|neg=0|addr=0x2E406C298E0
rank_reason = anchorless partial split penalty fired on one-sided split layout without valid anchor; isolated split penalty fired on fragmentary split layout with no valid anchor and no non-singleton split support; scalar penalty fired on float-like/scalar template; family size 4 raised clone penalty
positive = target value matches, f08 nonzero, f08 not float-like, f18 nonzero, f18 not float-like, f20 nonzero, f20 not float-like, f68 nonzero, f68 not float-like, f70 nonzero, f70 not float-like, f78 nonzero, f78 not float-like, f58 nonzero, f58 not float-like, front metadata present, tail reference block present
negative = none

--- Candidate #35 ---
value_addr = 0x2E406D69868
base_addr  = 0x2E406D69840
f08 = 0xBDA9C97A
f18 = 0x3DA9C9D0
f20 = 0x3F66FAFF
f28 = 0x42C80000 (100.0)
f58 = 0xBF482AED
f68 = 0xBF6230CC
f70 = 0xBCA1D038
f78 = 0xBE5C2018
rank_position = 35
base_score = 40
prescore_score = 40
final_score = 27
total adjustment = -13
score = 27
hard_pass = true
flags = target_match, strong_front_block, strong_tail_block, object_like, anchorless_partial_split_like, isolated_split_like, scalar_block_like, template_clone_family
score_breakdown = +10 target_match; +2 f08_nonzero; +2 f08_not_floatlike; +2 f18_nonzero; +2 f18_not_floatlike; +2 f20_nonzero; +2 f20_not_floatlike; +2 f68_nonzero; +2 f68_not_floatlike; +2 f70_nonzero; +2 f70_not_floatlike; +2 f78_nonzero; +2 f78_not_floatlike; +3 f58_nonzero; +2 f58_not_floatlike; +1 legacy_pointer_balanced_compat; -2 anchorless_partial_split_penalty; -2 isolated_split_penalty(no_anchor_no_non_singleton_split_support); -3 scalar_block_penalty; -6 clone_penalty
code_blob_score = 0
code_blob_penalty = 0
scalar_block_score = 8
scalar_block_penalty = 3
text_block_score = 0
text_block_penalty = 0
template_family_id = cls:XPXXPDD|layout:front_tail_split|fptr:1|tptr:1|align:2|preg:2|dom:1|fns:0|tns:0|scalar:low|text:0|blob:0|mirror:0
clone_family_id = layout:front_tail_split|fptr:1|tptr:1|align:2|preg:2|dom:1|fns:0|tns:0|scalar:low|text:0|blob:0|mirror:0
template_family_size = 4
clone_penalty = 6
mirrored_penalty = 0
pointer_reward = 0
strong_structure_bonus = 0
sparse_anchor_tail_penalty = 0
anchored_fragmented_split_penalty = 0
one_sided_anchorless_split_penalty = 0
anchorless_partial_split_penalty = 2
isolated_split_penalty = 2
pointer_alignment_count = 2
pointer_region_count = 2
pointer_fields = f18, f68
pointer_cluster_count = 4
front_cluster_count = 1
tail_cluster_count = 3
front_non_singleton_cluster_count = 0
tail_non_singleton_cluster_count = 0
dominant_cluster_size = 1
cluster_layout = front_tail_split
has_valid_anchor = false
dominant_cluster_covers_majority = false
isolated_split_like = true
tie_break_vector = final=27|family=4|pointer=0|isolated=2|blob=0|scalar=3|text=0|clone=6|mirror=0|neg=0|addr=0x2E406D69868
rank_reason = anchorless partial split penalty fired on one-sided split layout without valid anchor; isolated split penalty fired on fragmentary split layout with no valid anchor and no non-singleton split support; scalar penalty fired on float-like/scalar template; family size 4 raised clone penalty
positive = target value matches, f08 nonzero, f08 not float-like, f18 nonzero, f18 not float-like, f20 nonzero, f20 not float-like, f68 nonzero, f68 not float-like, f70 nonzero, f70 not float-like, f78 nonzero, f78 not float-like, f58 nonzero, f58 not float-like, front metadata present, tail reference block present
negative = none

--- Candidate #36 ---
value_addr = 0x2E407569DC0
base_addr  = 0x2E407569D98
f08 = 0xBD84E515
f18 = 0xBBA99190
f20 = 0x43D90000
f28 = 0x42C80000 (100.0)
f58 = 0x3EE029C7
f68 = 0xBF7B52D6
f70 = 0x3FF4DC14
f78 = 0xBEE4BADE
rank_position = 36
base_score = 40
prescore_score = 40
final_score = 27
total adjustment = -13
score = 27
hard_pass = true
flags = target_match, strong_front_block, strong_tail_block, object_like, anchorless_partial_split_like, isolated_split_like, scalar_block_like, template_clone_family
score_breakdown = +10 target_match; +2 f08_nonzero; +2 f08_not_floatlike; +2 f18_nonzero; +2 f18_not_floatlike; +2 f20_nonzero; +2 f20_not_floatlike; +2 f68_nonzero; +2 f68_not_floatlike; +2 f70_nonzero; +2 f70_not_floatlike; +2 f78_nonzero; +2 f78_not_floatlike; +3 f58_nonzero; +2 f58_not_floatlike; +1 legacy_pointer_balanced_compat; -2 anchorless_partial_split_penalty; -2 isolated_split_penalty(no_anchor_no_non_singleton_split_support); -3 scalar_block_penalty; -6 clone_penalty
code_blob_score = 0
code_blob_penalty = 0
scalar_block_score = 6
scalar_block_penalty = 3
text_block_score = 0
text_block_penalty = 0
template_family_id = cls:XPDXXPX|layout:front_tail_split|fptr:1|tptr:1|align:2|preg:2|dom:1|fns:0|tns:0|scalar:low|text:0|blob:0|mirror:0
clone_family_id = layout:front_tail_split|fptr:1|tptr:1|align:2|preg:2|dom:1|fns:0|tns:0|scalar:low|text:0|blob:0|mirror:0
template_family_size = 4
clone_penalty = 6
mirrored_penalty = 0
pointer_reward = 0
strong_structure_bonus = 0
sparse_anchor_tail_penalty = 0
anchored_fragmented_split_penalty = 0
one_sided_anchorless_split_penalty = 0
anchorless_partial_split_penalty = 2
isolated_split_penalty = 2
pointer_alignment_count = 2
pointer_region_count = 2
pointer_fields = f18, f70
pointer_cluster_count = 3
front_cluster_count = 2
tail_cluster_count = 1
front_non_singleton_cluster_count = 0
tail_non_singleton_cluster_count = 0
dominant_cluster_size = 1
cluster_layout = front_tail_split
has_valid_anchor = false
dominant_cluster_covers_majority = false
isolated_split_like = true
tie_break_vector = final=27|family=4|pointer=0|isolated=2|blob=0|scalar=3|text=0|clone=6|mirror=0|neg=0|addr=0x2E407569DC0
rank_reason = anchorless partial split penalty fired on one-sided split layout without valid anchor; isolated split penalty fired on fragmentary split layout with no valid anchor and no non-singleton split support; scalar penalty fired on float-like/scalar template; family size 4 raised clone penalty
positive = target value matches, f08 nonzero, f08 not float-like, f18 nonzero, f18 not float-like, f20 nonzero, f20 not float-like, f68 nonzero, f68 not float-like, f70 nonzero, f70 not float-like, f78 nonzero, f78 not float-like, f58 nonzero, f58 not float-like, front metadata present, tail reference block present
negative = none

--- Candidate #37 ---
value_addr = 0x2E00900B4B8
base_addr  = 0x2E00900B490
f08 = 0x03200500
f18 = 0x2200022A
f20 = 0x215D0000
f28 = 0x42C80000 (100.0)
f58 = 0x5D41A000
f68 = 0x9C400043
f70 = 0x02200120
f78 = 0x0541A000
rank_position = 37
base_score = 40
prescore_score = 40
final_score = 27
total adjustment = -13
score = 27
hard_pass = true
flags = target_match, strong_front_block, strong_tail_block, object_like, anchored_fragmented_split_like, template_clone_family
score_breakdown = +10 target_match; +2 f08_nonzero; +2 f08_not_floatlike; +2 f18_nonzero; +2 f18_not_floatlike; +2 f20_nonzero; +2 f20_not_floatlike; +2 f68_nonzero; +2 f68_not_floatlike; +2 f70_nonzero; +2 f70_not_floatlike; +2 f78_nonzero; +2 f78_not_floatlike; +3 f58_nonzero; +2 f58_not_floatlike; +1 legacy_pointer_balanced_compat; -3 anchored_fragmented_split_penalty; -10 clone_penalty
code_blob_score = 0
code_blob_penalty = 0
scalar_block_score = 0
scalar_block_penalty = 0
text_block_score = 0
text_block_penalty = 0
template_family_id = cls:PXDAXPD|layout:front_tail_split|fptr:1|tptr:1|align:3+|preg:3+|dom:1|fns:0|tns:0|scalar:0|text:0|blob:0|mirror:0
clone_family_id = layout:front_tail_split|fptr:1|tptr:1|align:3+|preg:3+|dom:1|fns:0|tns:0|scalar:0|text:0|blob:0|mirror:0
template_family_size = 11
clone_penalty = 10
mirrored_penalty = 0
pointer_reward = 0
strong_structure_bonus = 0
sparse_anchor_tail_penalty = 0
anchored_fragmented_split_penalty = 3
one_sided_anchorless_split_penalty = 0
anchorless_partial_split_penalty = 0
isolated_split_penalty = 0
pointer_alignment_count = 3
pointer_region_count = 3
pointer_fields = f08, f58, f70
pointer_cluster_count = 4
front_cluster_count = 2
tail_cluster_count = 2
front_non_singleton_cluster_count = 0
tail_non_singleton_cluster_count = 0
dominant_cluster_size = 1
cluster_layout = front_tail_split
has_valid_anchor = true
dominant_cluster_covers_majority = false
isolated_split_like = false
tie_break_vector = final=27|family=11|pointer=0|isolated=0|blob=0|scalar=0|text=0|clone=10|mirror=0|neg=0|addr=0x2E00900B4B8
rank_reason = anchored fragmented split penalty fired on singleton-only split layout despite valid anchor; family size 11 raised clone penalty
positive = target value matches, f08 nonzero, f08 not float-like, f18 nonzero, f18 not float-like, f20 nonzero, f20 not float-like, f68 nonzero, f68 not float-like, f70 nonzero, f70 not float-like, f78 nonzero, f78 not float-like, f58 nonzero, f58 not float-like, front metadata present, tail reference block present
negative = none

--- Candidate #38 ---
value_addr = 0x2E009455100
base_addr  = 0x2E0094550D8
f08 = 0x21000228
f18 = 0x01F5D1DC
f20 = 0x0043559D
f28 = 0x42C80000 (100.0)
f58 = 0x022801E4
f68 = 0x87417100
f70 = 0x04200007
f78 = 0x41042000
rank_position = 38
base_score = 40
prescore_score = 40
final_score = 27
total adjustment = -13
score = 27
hard_pass = true
flags = target_match, strong_front_block, strong_tail_block, object_like, anchored_fragmented_split_like, template_clone_family
score_breakdown = +10 target_match; +2 f08_nonzero; +2 f08_not_floatlike; +2 f18_nonzero; +2 f18_not_floatlike; +2 f20_nonzero; +2 f20_not_floatlike; +2 f68_nonzero; +2 f68_not_floatlike; +2 f70_nonzero; +2 f70_not_floatlike; +2 f78_nonzero; +2 f78_not_floatlike; +3 f58_nonzero; +2 f58_not_floatlike; +1 legacy_pointer_balanced_compat; -3 anchored_fragmented_split_penalty; -10 clone_penalty
code_blob_score = 0
code_blob_penalty = 0
scalar_block_score = 2
scalar_block_penalty = 0
text_block_score = 0
text_block_penalty = 0
template_family_id = cls:PDXAPXD|layout:front_tail_split|fptr:1|tptr:1|align:3+|preg:3+|dom:1|fns:0|tns:0|scalar:0|text:0|blob:0|mirror:0
clone_family_id = layout:front_tail_split|fptr:1|tptr:1|align:3+|preg:3+|dom:1|fns:0|tns:0|scalar:0|text:0|blob:0|mirror:0
template_family_size = 11
clone_penalty = 10
mirrored_penalty = 0
pointer_reward = 0
strong_structure_bonus = 0
sparse_anchor_tail_penalty = 0
anchored_fragmented_split_penalty = 3
one_sided_anchorless_split_penalty = 0
anchorless_partial_split_penalty = 0
isolated_split_penalty = 0
pointer_alignment_count = 3
pointer_region_count = 3
pointer_fields = f08, f58, f68
pointer_cluster_count = 4
front_cluster_count = 2
tail_cluster_count = 2
front_non_singleton_cluster_count = 0
tail_non_singleton_cluster_count = 0
dominant_cluster_size = 1
cluster_layout = front_tail_split
has_valid_anchor = true
dominant_cluster_covers_majority = false
isolated_split_like = false
tie_break_vector = final=27|family=11|pointer=0|isolated=0|blob=0|scalar=0|text=0|clone=10|mirror=0|neg=0|addr=0x2E009455100
rank_reason = anchored fragmented split penalty fired on singleton-only split layout despite valid anchor; family size 11 raised clone penalty
positive = target value matches, f08 nonzero, f08 not float-like, f18 nonzero, f18 not float-like, f20 nonzero, f20 not float-like, f68 nonzero, f68 not float-like, f70 nonzero, f70 not float-like, f78 nonzero, f78 not float-like, f58 nonzero, f58 not float-like, front metadata present, tail reference block present
negative = none

--- Candidate #39 ---
value_addr = 0x2E00959D6F4
base_addr  = 0x2E00959D6CC
f08 = 0x5E42C800
f18 = 0x710C2015
f20 = 0x07204801
f28 = 0x42C80000 (100.0)
f58 = 0xD9100020
f68 = 0x10002013
f70 = 0x40040D20
f78 = 0x00201420
rank_position = 39
base_score = 40
prescore_score = 40
final_score = 27
total adjustment = -13
score = 27
hard_pass = true
flags = target_match, strong_front_block, strong_tail_block, object_like, anchored_fragmented_split_like, template_clone_family
score_breakdown = +10 target_match; +2 f08_nonzero; +2 f08_not_floatlike; +2 f18_nonzero; +2 f18_not_floatlike; +2 f20_nonzero; +2 f20_not_floatlike; +2 f68_nonzero; +2 f68_not_floatlike; +2 f70_nonzero; +2 f70_not_floatlike; +2 f78_nonzero; +2 f78_not_floatlike; +3 f58_nonzero; +2 f58_not_floatlike; +1 legacy_pointer_balanced_compat; -3 anchored_fragmented_split_penalty; -10 clone_penalty
code_blob_score = 0
code_blob_penalty = 0
scalar_block_score = 2
scalar_block_penalty = 0
text_block_score = 0
text_block_penalty = 0
template_family_id = cls:PXXAXPD|layout:front_tail_split|fptr:1|tptr:1|align:3+|preg:3+|dom:1|fns:0|tns:0|scalar:0|text:0|blob:0|mirror:0
clone_family_id = layout:front_tail_split|fptr:1|tptr:1|align:3+|preg:3+|dom:1|fns:0|tns:0|scalar:0|text:0|blob:0|mirror:0
template_family_size = 11
clone_penalty = 10
mirrored_penalty = 0
pointer_reward = 0
strong_structure_bonus = 0
sparse_anchor_tail_penalty = 0
anchored_fragmented_split_penalty = 3
one_sided_anchorless_split_penalty = 0
anchorless_partial_split_penalty = 0
isolated_split_penalty = 0
pointer_alignment_count = 3
pointer_region_count = 3
pointer_fields = f08, f58, f70
pointer_cluster_count = 3
front_cluster_count = 1
tail_cluster_count = 2
front_non_singleton_cluster_count = 0
tail_non_singleton_cluster_count = 0
dominant_cluster_size = 1
cluster_layout = front_tail_split
has_valid_anchor = true
dominant_cluster_covers_majority = false
isolated_split_like = false
tie_break_vector = final=27|family=11|pointer=0|isolated=0|blob=0|scalar=0|text=0|clone=10|mirror=0|neg=0|addr=0x2E00959D6F4
rank_reason = anchored fragmented split penalty fired on singleton-only split layout despite valid anchor; family size 11 raised clone penalty
positive = target value matches, f08 nonzero, f08 not float-like, f18 nonzero, f18 not float-like, f20 nonzero, f20 not float-like, f68 nonzero, f68 not float-like, f70 nonzero, f70 not float-like, f78 nonzero, f78 not float-like, f58 nonzero, f58 not float-like, front metadata present, tail reference block present
negative = none

--- Candidate #40 ---
value_addr = 0x2E009DE52F8
base_addr  = 0x2E009DE52D0
f08 = 0xD2100120
f18 = 0x01200B0B
f20 = 0x00023602
f28 = 0x42C80000 (100.0)
f58 = 0x10004100
f68 = 0x94C44140
f70 = 0x5C022800
f78 = 0x01F9B8F8
rank_position = 40
base_score = 40
prescore_score = 40
final_score = 27
total adjustment = -13
score = 27
hard_pass = true
flags = target_match, strong_front_block, strong_tail_block, object_like, anchored_fragmented_split_like, template_clone_family
score_breakdown = +10 target_match; +2 f08_nonzero; +2 f08_not_floatlike; +2 f18_nonzero; +2 f18_not_floatlike; +2 f20_nonzero; +2 f20_not_floatlike; +2 f68_nonzero; +2 f68_not_floatlike; +2 f70_nonzero; +2 f70_not_floatlike; +2 f78_nonzero; +2 f78_not_floatlike; +3 f58_nonzero; +2 f58_not_floatlike; +1 legacy_pointer_balanced_compat; -3 anchored_fragmented_split_penalty; -10 clone_penalty
code_blob_score = 0
code_blob_penalty = 0
scalar_block_score = 0
scalar_block_penalty = 0
text_block_score = 0
text_block_penalty = 0
template_family_id = cls:PXXAPDD|layout:front_tail_split|fptr:1|tptr:1|align:3+|preg:3+|dom:1|fns:0|tns:0|scalar:0|text:0|blob:0|mirror:0
clone_family_id = layout:front_tail_split|fptr:1|tptr:1|align:3+|preg:3+|dom:1|fns:0|tns:0|scalar:0|text:0|blob:0|mirror:0
template_family_size = 11
clone_penalty = 10
mirrored_penalty = 0
pointer_reward = 0
strong_structure_bonus = 0
sparse_anchor_tail_penalty = 0
anchored_fragmented_split_penalty = 3
one_sided_anchorless_split_penalty = 0
anchorless_partial_split_penalty = 0
isolated_split_penalty = 0
pointer_alignment_count = 3
pointer_region_count = 3
pointer_fields = f08, f58, f68
pointer_cluster_count = 4
front_cluster_count = 1
tail_cluster_count = 3
front_non_singleton_cluster_count = 0
tail_non_singleton_cluster_count = 0
dominant_cluster_size = 1
cluster_layout = front_tail_split
has_valid_anchor = true
dominant_cluster_covers_majority = false
isolated_split_like = false
tie_break_vector = final=27|family=11|pointer=0|isolated=0|blob=0|scalar=0|text=0|clone=10|mirror=0|neg=0|addr=0x2E009DE52F8
rank_reason = anchored fragmented split penalty fired on singleton-only split layout despite valid anchor; family size 11 raised clone penalty
positive = target value matches, f08 nonzero, f08 not float-like, f18 nonzero, f18 not float-like, f20 nonzero, f20 not float-like, f68 nonzero, f68 not float-like, f70 nonzero, f70 not float-like, f78 nonzero, f78 not float-like, f58 nonzero, f58 not float-like, front metadata present, tail reference block present
negative = none

--- Candidate #41 ---
value_addr = 0x2E00A2EF324
base_addr  = 0x2E00A2EF2FC
f08 = 0x02200002
f18 = 0x01200220
f20 = 0x0238B201
f28 = 0x42C80000 (100.0)
f58 = 0x04FAD210
f68 = 0x02200420
f70 = 0x04200002
f78 = 0x08023708
rank_position = 41
base_score = 40
prescore_score = 40
final_score = 27
total adjustment = -13
score = 27
hard_pass = true
flags = target_match, strong_front_block, strong_tail_block, object_like, anchored_fragmented_split_like, template_clone_family
score_breakdown = +10 target_match; +2 f08_nonzero; +2 f08_not_floatlike; +2 f18_nonzero; +2 f18_not_floatlike; +2 f20_nonzero; +2 f20_not_floatlike; +2 f68_nonzero; +2 f68_not_floatlike; +2 f70_nonzero; +2 f70_not_floatlike; +2 f78_nonzero; +2 f78_not_floatlike; +3 f58_nonzero; +2 f58_not_floatlike; +1 legacy_pointer_balanced_compat; -3 anchored_fragmented_split_penalty; -10 clone_penalty
code_blob_score = 0
code_blob_penalty = 0
scalar_block_score = 0
scalar_block_penalty = 0
text_block_score = 0
text_block_penalty = 0
template_family_id = cls:XPXAPXD|layout:front_tail_split|fptr:1|tptr:1|align:3+|preg:3+|dom:1|fns:0|tns:0|scalar:0|text:0|blob:0|mirror:0
clone_family_id = layout:front_tail_split|fptr:1|tptr:1|align:3+|preg:3+|dom:1|fns:0|tns:0|scalar:0|text:0|blob:0|mirror:0
template_family_size = 11
clone_penalty = 10
mirrored_penalty = 0
pointer_reward = 0
strong_structure_bonus = 0
sparse_anchor_tail_penalty = 0
anchored_fragmented_split_penalty = 3
one_sided_anchorless_split_penalty = 0
anchorless_partial_split_penalty = 0
isolated_split_penalty = 0
pointer_alignment_count = 3
pointer_region_count = 3
pointer_fields = f18, f58, f68
pointer_cluster_count = 3
front_cluster_count = 1
tail_cluster_count = 2
front_non_singleton_cluster_count = 0
tail_non_singleton_cluster_count = 0
dominant_cluster_size = 1
cluster_layout = front_tail_split
has_valid_anchor = true
dominant_cluster_covers_majority = false
isolated_split_like = false
tie_break_vector = final=27|family=11|pointer=0|isolated=0|blob=0|scalar=0|text=0|clone=10|mirror=0|neg=0|addr=0x2E00A2EF324
rank_reason = anchored fragmented split penalty fired on singleton-only split layout despite valid anchor; family size 11 raised clone penalty
positive = target value matches, f08 nonzero, f08 not float-like, f18 nonzero, f18 not float-like, f20 nonzero, f20 not float-like, f68 nonzero, f68 not float-like, f70 nonzero, f70 not float-like, f78 nonzero, f78 not float-like, f58 nonzero, f58 not float-like, front metadata present, tail reference block present
negative = none

--- Candidate #42 ---
value_addr = 0x2E00A6256A8
base_addr  = 0x2E00A625680
f08 = 0x06200021
f18 = 0x00430620
f20 = 0x06200002
f28 = 0x42C80000 (100.0)
f58 = 0x04888A10
f68 = 0x012204FC
f70 = 0x012004B6
f78 = 0x04B8DC10
rank_position = 42
base_score = 40
prescore_score = 40
final_score = 27
total adjustment = -13
score = 27
hard_pass = true
flags = target_match, strong_front_block, strong_tail_block, object_like, anchored_fragmented_split_like, template_clone_family
score_breakdown = +10 target_match; +2 f08_nonzero; +2 f08_not_floatlike; +2 f18_nonzero; +2 f18_not_floatlike; +2 f20_nonzero; +2 f20_not_floatlike; +2 f68_nonzero; +2 f68_not_floatlike; +2 f70_nonzero; +2 f70_not_floatlike; +2 f78_nonzero; +2 f78_not_floatlike; +3 f58_nonzero; +2 f58_not_floatlike; +1 legacy_pointer_balanced_compat; -3 anchored_fragmented_split_penalty; -10 clone_penalty
code_blob_score = 0
code_blob_penalty = 0
scalar_block_score = 0
scalar_block_penalty = 0
text_block_score = 0
text_block_penalty = 0
template_family_id = cls:XPXAPXD|layout:front_tail_split|fptr:1|tptr:1|align:3+|preg:3+|dom:1|fns:0|tns:0|scalar:0|text:0|blob:0|mirror:0
clone_family_id = layout:front_tail_split|fptr:1|tptr:1|align:3+|preg:3+|dom:1|fns:0|tns:0|scalar:0|text:0|blob:0|mirror:0
template_family_size = 11
clone_penalty = 10
mirrored_penalty = 0
pointer_reward = 0
strong_structure_bonus = 0
sparse_anchor_tail_penalty = 0
anchored_fragmented_split_penalty = 3
one_sided_anchorless_split_penalty = 0
anchorless_partial_split_penalty = 0
isolated_split_penalty = 0
pointer_alignment_count = 3
pointer_region_count = 3
pointer_fields = f18, f58, f68
pointer_cluster_count = 3
front_cluster_count = 1
tail_cluster_count = 2
front_non_singleton_cluster_count = 0
tail_non_singleton_cluster_count = 0
dominant_cluster_size = 1
cluster_layout = front_tail_split
has_valid_anchor = true
dominant_cluster_covers_majority = false
isolated_split_like = false
tie_break_vector = final=27|family=11|pointer=0|isolated=0|blob=0|scalar=0|text=0|clone=10|mirror=0|neg=0|addr=0x2E00A6256A8
rank_reason = anchored fragmented split penalty fired on singleton-only split layout despite valid anchor; family size 11 raised clone penalty
positive = target value matches, f08 nonzero, f08 not float-like, f18 nonzero, f18 not float-like, f20 nonzero, f20 not float-like, f68 nonzero, f68 not float-like, f70 nonzero, f70 not float-like, f78 nonzero, f78 not float-like, f58 nonzero, f58 not float-like, front metadata present, tail reference block present
negative = none

--- Candidate #43 ---
value_addr = 0x2E00A6FAE9C
base_addr  = 0x2E00A6FAE74
f08 = 0x29062008
f18 = 0x20080236
f20 = 0x01200122
f28 = 0x42C80000 (100.0)
f58 = 0x02280120
f68 = 0x00410B20
f70 = 0x00420720
f78 = 0x37004207
rank_position = 43
base_score = 40
prescore_score = 40
final_score = 27
total adjustment = -13
score = 27
hard_pass = true
flags = target_match, strong_front_block, strong_tail_block, object_like, anchored_fragmented_split_like, template_clone_family
score_breakdown = +10 target_match; +2 f08_nonzero; +2 f08_not_floatlike; +2 f18_nonzero; +2 f18_not_floatlike; +2 f20_nonzero; +2 f20_not_floatlike; +2 f68_nonzero; +2 f68_not_floatlike; +2 f70_nonzero; +2 f70_not_floatlike; +2 f78_nonzero; +2 f78_not_floatlike; +3 f58_nonzero; +2 f58_not_floatlike; +1 legacy_pointer_balanced_compat; -3 anchored_fragmented_split_penalty; -10 clone_penalty
code_blob_score = 0
code_blob_penalty = 0
scalar_block_score = 0
scalar_block_penalty = 0
text_block_score = 0
text_block_penalty = 0
template_family_id = cls:PXXAPDX|layout:front_tail_split|fptr:1|tptr:1|align:3+|preg:3+|dom:1|fns:0|tns:0|scalar:0|text:0|blob:0|mirror:0
clone_family_id = layout:front_tail_split|fptr:1|tptr:1|align:3+|preg:3+|dom:1|fns:0|tns:0|scalar:0|text:0|blob:0|mirror:0
template_family_size = 11
clone_penalty = 10
mirrored_penalty = 0
pointer_reward = 0
strong_structure_bonus = 0
sparse_anchor_tail_penalty = 0
anchored_fragmented_split_penalty = 3
one_sided_anchorless_split_penalty = 0
anchorless_partial_split_penalty = 0
isolated_split_penalty = 0
pointer_alignment_count = 3
pointer_region_count = 3
pointer_fields = f08, f58, f68
pointer_cluster_count = 3
front_cluster_count = 1
tail_cluster_count = 2
front_non_singleton_cluster_count = 0
tail_non_singleton_cluster_count = 0
dominant_cluster_size = 1
cluster_layout = front_tail_split
has_valid_anchor = true
dominant_cluster_covers_majority = false
isolated_split_like = false
tie_break_vector = final=27|family=11|pointer=0|isolated=0|blob=0|scalar=0|text=0|clone=10|mirror=0|neg=0|addr=0x2E00A6FAE9C
rank_reason = anchored fragmented split penalty fired on singleton-only split layout despite valid anchor; family size 11 raised clone penalty
positive = target value matches, f08 nonzero, f08 not float-like, f18 nonzero, f18 not float-like, f20 nonzero, f20 not float-like, f68 nonzero, f68 not float-like, f70 nonzero, f70 not float-like, f78 nonzero, f78 not float-like, f58 nonzero, f58 not float-like, front metadata present, tail reference block present
negative = none

--- Candidate #44 ---
value_addr = 0x16CC0240B4B8
base_addr  = 0x16CC0240B490
f08 = 0x03200500
f18 = 0x2200022A
f20 = 0x215D0000
f28 = 0x42C80000 (100.0)
f58 = 0x5D41A000
f68 = 0x9C400043
f70 = 0x02200120
f78 = 0x0541A000
rank_position = 44
base_score = 40
prescore_score = 40
final_score = 27
total adjustment = -13
score = 27
hard_pass = true
flags = target_match, strong_front_block, strong_tail_block, object_like, anchored_fragmented_split_like, template_clone_family
score_breakdown = +10 target_match; +2 f08_nonzero; +2 f08_not_floatlike; +2 f18_nonzero; +2 f18_not_floatlike; +2 f20_nonzero; +2 f20_not_floatlike; +2 f68_nonzero; +2 f68_not_floatlike; +2 f70_nonzero; +2 f70_not_floatlike; +2 f78_nonzero; +2 f78_not_floatlike; +3 f58_nonzero; +2 f58_not_floatlike; +1 legacy_pointer_balanced_compat; -3 anchored_fragmented_split_penalty; -10 clone_penalty
code_blob_score = 0
code_blob_penalty = 0
scalar_block_score = 0
scalar_block_penalty = 0
text_block_score = 0
text_block_penalty = 0
template_family_id = cls:PXDAXPD|layout:front_tail_split|fptr:1|tptr:1|align:3+|preg:3+|dom:1|fns:0|tns:0|scalar:0|text:0|blob:0|mirror:0
clone_family_id = layout:front_tail_split|fptr:1|tptr:1|align:3+|preg:3+|dom:1|fns:0|tns:0|scalar:0|text:0|blob:0|mirror:0
template_family_size = 11
clone_penalty = 10
mirrored_penalty = 0
pointer_reward = 0
strong_structure_bonus = 0
sparse_anchor_tail_penalty = 0
anchored_fragmented_split_penalty = 3
one_sided_anchorless_split_penalty = 0
anchorless_partial_split_penalty = 0
isolated_split_penalty = 0
pointer_alignment_count = 3
pointer_region_count = 3
pointer_fields = f08, f58, f70
pointer_cluster_count = 4
front_cluster_count = 2
tail_cluster_count = 2
front_non_singleton_cluster_count = 0
tail_non_singleton_cluster_count = 0
dominant_cluster_size = 1
cluster_layout = front_tail_split
has_valid_anchor = true
dominant_cluster_covers_majority = false
isolated_split_like = false
tie_break_vector = final=27|family=11|pointer=0|isolated=0|blob=0|scalar=0|text=0|clone=10|mirror=0|neg=0|addr=0x16CC0240B4B8
rank_reason = anchored fragmented split penalty fired on singleton-only split layout despite valid anchor; family size 11 raised clone penalty
positive = target value matches, f08 nonzero, f08 not float-like, f18 nonzero, f18 not float-like, f20 nonzero, f20 not float-like, f68 nonzero, f68 not float-like, f70 nonzero, f70 not float-like, f78 nonzero, f78 not float-like, f58 nonzero, f58 not float-like, front metadata present, tail reference block present
negative = none

--- Candidate #45 ---
value_addr = 0x16CC02855100
base_addr  = 0x16CC028550D8
f08 = 0x21000228
f18 = 0x01F5D1DC
f20 = 0x0043559D
f28 = 0x42C80000 (100.0)
f58 = 0x022801E4
f68 = 0x87417100
f70 = 0x04200007
f78 = 0x41042000
rank_position = 45
base_score = 40
prescore_score = 40
final_score = 27
total adjustment = -13
score = 27
hard_pass = true
flags = target_match, strong_front_block, strong_tail_block, object_like, anchored_fragmented_split_like, template_clone_family
score_breakdown = +10 target_match; +2 f08_nonzero; +2 f08_not_floatlike; +2 f18_nonzero; +2 f18_not_floatlike; +2 f20_nonzero; +2 f20_not_floatlike; +2 f68_nonzero; +2 f68_not_floatlike; +2 f70_nonzero; +2 f70_not_floatlike; +2 f78_nonzero; +2 f78_not_floatlike; +3 f58_nonzero; +2 f58_not_floatlike; +1 legacy_pointer_balanced_compat; -3 anchored_fragmented_split_penalty; -10 clone_penalty
code_blob_score = 0
code_blob_penalty = 0
scalar_block_score = 2
scalar_block_penalty = 0
text_block_score = 0
text_block_penalty = 0
template_family_id = cls:PDXAPXD|layout:front_tail_split|fptr:1|tptr:1|align:3+|preg:3+|dom:1|fns:0|tns:0|scalar:0|text:0|blob:0|mirror:0
clone_family_id = layout:front_tail_split|fptr:1|tptr:1|align:3+|preg:3+|dom:1|fns:0|tns:0|scalar:0|text:0|blob:0|mirror:0
template_family_size = 11
clone_penalty = 10
mirrored_penalty = 0
pointer_reward = 0
strong_structure_bonus = 0
sparse_anchor_tail_penalty = 0
anchored_fragmented_split_penalty = 3
one_sided_anchorless_split_penalty = 0
anchorless_partial_split_penalty = 0
isolated_split_penalty = 0
pointer_alignment_count = 3
pointer_region_count = 3
pointer_fields = f08, f58, f68
pointer_cluster_count = 4
front_cluster_count = 2
tail_cluster_count = 2
front_non_singleton_cluster_count = 0
tail_non_singleton_cluster_count = 0
dominant_cluster_size = 1
cluster_layout = front_tail_split
has_valid_anchor = true
dominant_cluster_covers_majority = false
isolated_split_like = false
tie_break_vector = final=27|family=11|pointer=0|isolated=0|blob=0|scalar=0|text=0|clone=10|mirror=0|neg=0|addr=0x16CC02855100
rank_reason = anchored fragmented split penalty fired on singleton-only split layout despite valid anchor; family size 11 raised clone penalty
positive = target value matches, f08 nonzero, f08 not float-like, f18 nonzero, f18 not float-like, f20 nonzero, f20 not float-like, f68 nonzero, f68 not float-like, f70 nonzero, f70 not float-like, f78 nonzero, f78 not float-like, f58 nonzero, f58 not float-like, front metadata present, tail reference block present
negative = none

--- Candidate #46 ---
value_addr = 0x16CC0299D6F4
base_addr  = 0x16CC0299D6CC
f08 = 0x5E42C800
f18 = 0x710C2015
f20 = 0x07204801
f28 = 0x42C80000 (100.0)
f58 = 0xD9100020
f68 = 0x10002013
f70 = 0x40040D20
f78 = 0x00201420
rank_position = 46
base_score = 40
prescore_score = 40
final_score = 27
total adjustment = -13
score = 27
hard_pass = true
flags = target_match, strong_front_block, strong_tail_block, object_like, anchored_fragmented_split_like, template_clone_family
score_breakdown = +10 target_match; +2 f08_nonzero; +2 f08_not_floatlike; +2 f18_nonzero; +2 f18_not_floatlike; +2 f20_nonzero; +2 f20_not_floatlike; +2 f68_nonzero; +2 f68_not_floatlike; +2 f70_nonzero; +2 f70_not_floatlike; +2 f78_nonzero; +2 f78_not_floatlike; +3 f58_nonzero; +2 f58_not_floatlike; +1 legacy_pointer_balanced_compat; -3 anchored_fragmented_split_penalty; -10 clone_penalty
code_blob_score = 0
code_blob_penalty = 0
scalar_block_score = 2
scalar_block_penalty = 0
text_block_score = 0
text_block_penalty = 0
template_family_id = cls:PXXAXPD|layout:front_tail_split|fptr:1|tptr:1|align:3+|preg:3+|dom:1|fns:0|tns:0|scalar:0|text:0|blob:0|mirror:0
clone_family_id = layout:front_tail_split|fptr:1|tptr:1|align:3+|preg:3+|dom:1|fns:0|tns:0|scalar:0|text:0|blob:0|mirror:0
template_family_size = 11
clone_penalty = 10
mirrored_penalty = 0
pointer_reward = 0
strong_structure_bonus = 0
sparse_anchor_tail_penalty = 0
anchored_fragmented_split_penalty = 3
one_sided_anchorless_split_penalty = 0
anchorless_partial_split_penalty = 0
isolated_split_penalty = 0
pointer_alignment_count = 3
pointer_region_count = 3
pointer_fields = f08, f58, f70
pointer_cluster_count = 3
front_cluster_count = 1
tail_cluster_count = 2
front_non_singleton_cluster_count = 0
tail_non_singleton_cluster_count = 0
dominant_cluster_size = 1
cluster_layout = front_tail_split
has_valid_anchor = true
dominant_cluster_covers_majority = false
isolated_split_like = false
tie_break_vector = final=27|family=11|pointer=0|isolated=0|blob=0|scalar=0|text=0|clone=10|mirror=0|neg=0|addr=0x16CC0299D6F4
rank_reason = anchored fragmented split penalty fired on singleton-only split layout despite valid anchor; family size 11 raised clone penalty
positive = target value matches, f08 nonzero, f08 not float-like, f18 nonzero, f18 not float-like, f20 nonzero, f20 not float-like, f68 nonzero, f68 not float-like, f70 nonzero, f70 not float-like, f78 nonzero, f78 not float-like, f58 nonzero, f58 not float-like, front metadata present, tail reference block present
negative = none

--- Candidate #47 ---
value_addr = 0x16CC031E52F8
base_addr  = 0x16CC031E52D0
f08 = 0xD2100120
f18 = 0x01200B0B
f20 = 0x00023602
f28 = 0x42C80000 (100.0)
f58 = 0x10004100
f68 = 0x94C44140
f70 = 0x5C022800
f78 = 0x01F9B8F8
rank_position = 47
base_score = 40
prescore_score = 40
final_score = 27
total adjustment = -13
score = 27
hard_pass = true
flags = target_match, strong_front_block, strong_tail_block, object_like, anchored_fragmented_split_like, template_clone_family
score_breakdown = +10 target_match; +2 f08_nonzero; +2 f08_not_floatlike; +2 f18_nonzero; +2 f18_not_floatlike; +2 f20_nonzero; +2 f20_not_floatlike; +2 f68_nonzero; +2 f68_not_floatlike; +2 f70_nonzero; +2 f70_not_floatlike; +2 f78_nonzero; +2 f78_not_floatlike; +3 f58_nonzero; +2 f58_not_floatlike; +1 legacy_pointer_balanced_compat; -3 anchored_fragmented_split_penalty; -10 clone_penalty
code_blob_score = 0
code_blob_penalty = 0
scalar_block_score = 0
scalar_block_penalty = 0
text_block_score = 0
text_block_penalty = 0
template_family_id = cls:PXXAPDD|layout:front_tail_split|fptr:1|tptr:1|align:3+|preg:3+|dom:1|fns:0|tns:0|scalar:0|text:0|blob:0|mirror:0
clone_family_id = layout:front_tail_split|fptr:1|tptr:1|align:3+|preg:3+|dom:1|fns:0|tns:0|scalar:0|text:0|blob:0|mirror:0
template_family_size = 11
clone_penalty = 10
mirrored_penalty = 0
pointer_reward = 0
strong_structure_bonus = 0
sparse_anchor_tail_penalty = 0
anchored_fragmented_split_penalty = 3
one_sided_anchorless_split_penalty = 0
anchorless_partial_split_penalty = 0
isolated_split_penalty = 0
pointer_alignment_count = 3
pointer_region_count = 3
pointer_fields = f08, f58, f68
pointer_cluster_count = 4
front_cluster_count = 1
tail_cluster_count = 3
front_non_singleton_cluster_count = 0
tail_non_singleton_cluster_count = 0
dominant_cluster_size = 1
cluster_layout = front_tail_split
has_valid_anchor = true
dominant_cluster_covers_majority = false
isolated_split_like = false
tie_break_vector = final=27|family=11|pointer=0|isolated=0|blob=0|scalar=0|text=0|clone=10|mirror=0|neg=0|addr=0x16CC031E52F8
rank_reason = anchored fragmented split penalty fired on singleton-only split layout despite valid anchor; family size 11 raised clone penalty
positive = target value matches, f08 nonzero, f08 not float-like, f18 nonzero, f18 not float-like, f20 nonzero, f20 not float-like, f68 nonzero, f68 not float-like, f70 nonzero, f70 not float-like, f78 nonzero, f78 not float-like, f58 nonzero, f58 not float-like, front metadata present, tail reference block present
negative = none

--- Candidate #48 ---
value_addr = 0x2E0091BC214
base_addr  = 0x2E0091BC1EC
f08 = 0xCC77437D
f18 = 0x2000420B
f20 = 0x02383DCC
f28 = 0x42C80000 (100.0)
f58 = 0x0B3C0236
f68 = 0x9B100120
f70 = 0x01200020
f78 = 0x7F010148
rank_position = 48
base_score = 40
prescore_score = 40
final_score = 27
total adjustment = -13
score = 27
hard_pass = true
flags = target_match, strong_front_block, strong_tail_block, object_like, anchored_fragmented_split_like, template_clone_family
score_breakdown = +10 target_match; +2 f08_nonzero; +2 f08_not_floatlike; +2 f18_nonzero; +2 f18_not_floatlike; +2 f20_nonzero; +2 f20_not_floatlike; +2 f68_nonzero; +2 f68_not_floatlike; +2 f70_nonzero; +2 f70_not_floatlike; +2 f78_nonzero; +2 f78_not_floatlike; +3 f58_nonzero; +2 f58_not_floatlike; +1 legacy_pointer_balanced_compat; -3 anchored_fragmented_split_penalty; -10 clone_penalty
code_blob_score = 0
code_blob_penalty = 0
scalar_block_score = 0
scalar_block_penalty = 0
text_block_score = 0
text_block_penalty = 0
template_family_id = cls:XXAXPDD|layout:front_tail_split|fptr:1|tptr:1|align:2|preg:2|dom:1|fns:0|tns:0|scalar:0|text:0|blob:0|mirror:0
clone_family_id = layout:front_tail_split|fptr:1|tptr:1|align:2|preg:2|dom:1|fns:0|tns:0|scalar:0|text:0|blob:0|mirror:0
template_family_size = 20
clone_penalty = 10
mirrored_penalty = 0
pointer_reward = 0
strong_structure_bonus = 0
sparse_anchor_tail_penalty = 0
anchored_fragmented_split_penalty = 3
one_sided_anchorless_split_penalty = 0
anchorless_partial_split_penalty = 0
isolated_split_penalty = 0
pointer_alignment_count = 2
pointer_region_count = 2
pointer_fields = f20, f68
pointer_cluster_count = 4
front_cluster_count = 1
tail_cluster_count = 3
front_non_singleton_cluster_count = 0
tail_non_singleton_cluster_count = 0
dominant_cluster_size = 1
cluster_layout = front_tail_split
has_valid_anchor = true
dominant_cluster_covers_majority = false
isolated_split_like = false
tie_break_vector = final=27|family=20|pointer=0|isolated=0|blob=0|scalar=0|text=0|clone=10|mirror=0|neg=0|addr=0x2E0091BC214
rank_reason = anchored fragmented split penalty fired on singleton-only split layout despite valid anchor; family size 20 raised clone penalty
positive = target value matches, f08 nonzero, f08 not float-like, f18 nonzero, f18 not float-like, f20 nonzero, f20 not float-like, f68 nonzero, f68 not float-like, f70 nonzero, f70 not float-like, f78 nonzero, f78 not float-like, f58 nonzero, f58 not float-like, front metadata present, tail reference block present
negative = none

--- Candidate #49 ---
value_addr = 0x2E0093264B0
base_addr  = 0x2E009326488
f08 = 0x01220002
f18 = 0x01F5D1DC
f20 = 0x0043559D
f28 = 0x42C80000 (100.0)
f58 = 0x7101FFFF
f68 = 0x28000228
f70 = 0x41711FFF
f78 = 0x40040005
rank_position = 49
base_score = 40
prescore_score = 40
final_score = 27
total adjustment = -13
score = 27
hard_pass = true
flags = target_match, strong_front_block, strong_tail_block, object_like, anchored_fragmented_split_like, template_clone_family
score_breakdown = +10 target_match; +2 f08_nonzero; +2 f08_not_floatlike; +2 f18_nonzero; +2 f18_not_floatlike; +2 f20_nonzero; +2 f20_not_floatlike; +2 f68_nonzero; +2 f68_not_floatlike; +2 f70_nonzero; +2 f70_not_floatlike; +2 f78_nonzero; +2 f78_not_floatlike; +3 f58_nonzero; +2 f58_not_floatlike; +1 legacy_pointer_balanced_compat; -3 anchored_fragmented_split_penalty; -10 clone_penalty
code_blob_score = 0
code_blob_penalty = 0
scalar_block_score = 0
scalar_block_penalty = 0
text_block_score = 0
text_block_penalty = 0
template_family_id = cls:XAXXPXX|layout:front_tail_split|fptr:1|tptr:1|align:2|preg:2|dom:1|fns:0|tns:0|scalar:0|text:0|blob:0|mirror:0
clone_family_id = layout:front_tail_split|fptr:1|tptr:1|align:2|preg:2|dom:1|fns:0|tns:0|scalar:0|text:0|blob:0|mirror:0
template_family_size = 20
clone_penalty = 10
mirrored_penalty = 0
pointer_reward = 0
strong_structure_bonus = 0
sparse_anchor_tail_penalty = 0
anchored_fragmented_split_penalty = 3
one_sided_anchorless_split_penalty = 0
anchorless_partial_split_penalty = 0
isolated_split_penalty = 0
pointer_alignment_count = 2
pointer_region_count = 2
pointer_fields = f18, f68
pointer_cluster_count = 2
front_cluster_count = 1
tail_cluster_count = 1
front_non_singleton_cluster_count = 0
tail_non_singleton_cluster_count = 0
dominant_cluster_size = 1
cluster_layout = front_tail_split
has_valid_anchor = true
dominant_cluster_covers_majority = false
isolated_split_like = false
tie_break_vector = final=27|family=20|pointer=0|isolated=0|blob=0|scalar=0|text=0|clone=10|mirror=0|neg=0|addr=0x2E0093264B0
rank_reason = anchored fragmented split penalty fired on singleton-only split layout despite valid anchor; family size 20 raised clone penalty
positive = target value matches, f08 nonzero, f08 not float-like, f18 nonzero, f18 not float-like, f20 nonzero, f20 not float-like, f68 nonzero, f68 not float-like, f70 nonzero, f70 not float-like, f78 nonzero, f78 not float-like, f58 nonzero, f58 not float-like, front metadata present, tail reference block present
negative = none

--- Candidate #50 ---
value_addr = 0x2E0096779F8
base_addr  = 0x2E0096779D0
f08 = 0x05000236
f18 = 0x2200022A
f20 = 0x215D0000
f28 = 0x42C80000 (100.0)
f58 = 0x03200002
f68 = 0x40044900
f70 = 0x20000236
f78 = 0x04410002
rank_position = 50
base_score = 40
prescore_score = 40
final_score = 27
total adjustment = -13
score = 27
hard_pass = true
flags = target_match, strong_front_block, strong_tail_block, object_like, anchored_fragmented_split_like, template_clone_family
score_breakdown = +10 target_match; +2 f08_nonzero; +2 f08_not_floatlike; +2 f18_nonzero; +2 f18_not_floatlike; +2 f20_nonzero; +2 f20_not_floatlike; +2 f68_nonzero; +2 f68_not_floatlike; +2 f70_nonzero; +2 f70_not_floatlike; +2 f78_nonzero; +2 f78_not_floatlike; +3 f58_nonzero; +2 f58_not_floatlike; +1 legacy_pointer_balanced_compat; -3 anchored_fragmented_split_penalty; -10 clone_penalty
code_blob_score = 0
code_blob_penalty = 0
scalar_block_score = 2
scalar_block_penalty = 0
text_block_score = 0
text_block_penalty = 0
template_family_id = cls:XXAXPXX|layout:front_tail_split|fptr:1|tptr:1|align:2|preg:2|dom:1|fns:0|tns:0|scalar:0|text:0|blob:0|mirror:0
clone_family_id = layout:front_tail_split|fptr:1|tptr:1|align:2|preg:2|dom:1|fns:0|tns:0|scalar:0|text:0|blob:0|mirror:0
template_family_size = 20
clone_penalty = 10
mirrored_penalty = 0
pointer_reward = 0
strong_structure_bonus = 0
sparse_anchor_tail_penalty = 0
anchored_fragmented_split_penalty = 3
one_sided_anchorless_split_penalty = 0
anchorless_partial_split_penalty = 0
isolated_split_penalty = 0
pointer_alignment_count = 2
pointer_region_count = 2
pointer_fields = f20, f68
pointer_cluster_count = 2
front_cluster_count = 1
tail_cluster_count = 1
front_non_singleton_cluster_count = 0
tail_non_singleton_cluster_count = 0
dominant_cluster_size = 1
cluster_layout = front_tail_split
has_valid_anchor = true
dominant_cluster_covers_majority = false
isolated_split_like = false
tie_break_vector = final=27|family=20|pointer=0|isolated=0|blob=0|scalar=0|text=0|clone=10|mirror=0|neg=0|addr=0x2E0096779F8
rank_reason = anchored fragmented split penalty fired on singleton-only split layout despite valid anchor; family size 20 raised clone penalty
positive = target value matches, f08 nonzero, f08 not float-like, f18 nonzero, f18 not float-like, f20 nonzero, f20 not float-like, f68 nonzero, f68 not float-like, f70 nonzero, f70 not float-like, f78 nonzero, f78 not float-like, f58 nonzero, f58 not float-like, front metadata present, tail reference block present
negative = none

--- Candidate #51 ---
value_addr = 0x2E00982E524
base_addr  = 0x2E00982E4FC
f08 = 0x7301410A
f18 = 0x10022A0C
f20 = 0x2A182204
f28 = 0x42C80000 (100.0)
f58 = 0x03202003
f68 = 0x00000043
f70 = 0x02280020
f78 = 0x360C200D
rank_position = 51
base_score = 40
prescore_score = 40
final_score = 27
total adjustment = -13
score = 27
hard_pass = true
flags = target_match, strong_front_block, strong_tail_block, object_like, anchored_fragmented_split_like, template_clone_family
score_breakdown = +10 target_match; +2 f08_nonzero; +2 f08_not_floatlike; +2 f18_nonzero; +2 f18_not_floatlike; +2 f20_nonzero; +2 f20_not_floatlike; +2 f68_nonzero; +2 f68_not_floatlike; +2 f70_nonzero; +2 f70_not_floatlike; +2 f78_nonzero; +2 f78_not_floatlike; +3 f58_nonzero; +2 f58_not_floatlike; +1 legacy_pointer_balanced_compat; -3 anchored_fragmented_split_penalty; -10 clone_penalty
code_blob_score = 0
code_blob_penalty = 0
scalar_block_score = 0
scalar_block_penalty = 0
text_block_score = 0
text_block_penalty = 0
template_family_id = cls:XADXSPX|layout:front_tail_split|fptr:1|tptr:1|align:2|preg:2|dom:1|fns:0|tns:0|scalar:0|text:0|blob:0|mirror:0
clone_family_id = layout:front_tail_split|fptr:1|tptr:1|align:2|preg:2|dom:1|fns:0|tns:0|scalar:0|text:0|blob:0|mirror:0
template_family_size = 20
clone_penalty = 10
mirrored_penalty = 0
pointer_reward = 0
strong_structure_bonus = 0
sparse_anchor_tail_penalty = 0
anchored_fragmented_split_penalty = 3
one_sided_anchorless_split_penalty = 0
anchorless_partial_split_penalty = 0
isolated_split_penalty = 0
pointer_alignment_count = 2
pointer_region_count = 2
pointer_fields = f18, f70
pointer_cluster_count = 3
front_cluster_count = 2
tail_cluster_count = 1
front_non_singleton_cluster_count = 0
tail_non_singleton_cluster_count = 0
dominant_cluster_size = 1
cluster_layout = front_tail_split
has_valid_anchor = true
dominant_cluster_covers_majority = false
isolated_split_like = false
tie_break_vector = final=27|family=20|pointer=0|isolated=0|blob=0|scalar=0|text=0|clone=10|mirror=0|neg=0|addr=0x2E00982E524
rank_reason = anchored fragmented split penalty fired on singleton-only split layout despite valid anchor; family size 20 raised clone penalty
positive = target value matches, f08 nonzero, f08 not float-like, f18 nonzero, f18 not float-like, f20 nonzero, f20 not float-like, f68 nonzero, f68 not float-like, f70 nonzero, f70 not float-like, f78 nonzero, f78 not float-like, f58 nonzero, f58 not float-like, front metadata present, tail reference block present
negative = none

--- Candidate #52 ---
value_addr = 0x2E0099EB390
base_addr  = 0x2E0099EB368
f08 = 0x7301410A
f18 = 0x10022A0C
f20 = 0x2A182204
f28 = 0x42C80000 (100.0)
f58 = 0x03202003
f68 = 0x00000043
f70 = 0x02280020
f78 = 0x360C200D
rank_position = 52
base_score = 40
prescore_score = 40
final_score = 27
total adjustment = -13
score = 27
hard_pass = true
flags = target_match, strong_front_block, strong_tail_block, object_like, anchored_fragmented_split_like, template_clone_family
score_breakdown = +10 target_match; +2 f08_nonzero; +2 f08_not_floatlike; +2 f18_nonzero; +2 f18_not_floatlike; +2 f20_nonzero; +2 f20_not_floatlike; +2 f68_nonzero; +2 f68_not_floatlike; +2 f70_nonzero; +2 f70_not_floatlike; +2 f78_nonzero; +2 f78_not_floatlike; +3 f58_nonzero; +2 f58_not_floatlike; +1 legacy_pointer_balanced_compat; -3 anchored_fragmented_split_penalty; -10 clone_penalty
code_blob_score = 0
code_blob_penalty = 0
scalar_block_score = 0
scalar_block_penalty = 0
text_block_score = 0
text_block_penalty = 0
template_family_id = cls:XADXSPX|layout:front_tail_split|fptr:1|tptr:1|align:2|preg:2|dom:1|fns:0|tns:0|scalar:0|text:0|blob:0|mirror:0
clone_family_id = layout:front_tail_split|fptr:1|tptr:1|align:2|preg:2|dom:1|fns:0|tns:0|scalar:0|text:0|blob:0|mirror:0
template_family_size = 20
clone_penalty = 10
mirrored_penalty = 0
pointer_reward = 0
strong_structure_bonus = 0
sparse_anchor_tail_penalty = 0
anchored_fragmented_split_penalty = 3
one_sided_anchorless_split_penalty = 0
anchorless_partial_split_penalty = 0
isolated_split_penalty = 0
pointer_alignment_count = 2
pointer_region_count = 2
pointer_fields = f18, f70
pointer_cluster_count = 3
front_cluster_count = 2
tail_cluster_count = 1
front_non_singleton_cluster_count = 0
tail_non_singleton_cluster_count = 0
dominant_cluster_size = 1
cluster_layout = front_tail_split
has_valid_anchor = true
dominant_cluster_covers_majority = false
isolated_split_like = false
tie_break_vector = final=27|family=20|pointer=0|isolated=0|blob=0|scalar=0|text=0|clone=10|mirror=0|neg=0|addr=0x2E0099EB390
rank_reason = anchored fragmented split penalty fired on singleton-only split layout despite valid anchor; family size 20 raised clone penalty
positive = target value matches, f08 nonzero, f08 not float-like, f18 nonzero, f18 not float-like, f20 nonzero, f20 not float-like, f68 nonzero, f68 not float-like, f70 nonzero, f70 not float-like, f78 nonzero, f78 not float-like, f58 nonzero, f58 not float-like, front metadata present, tail reference block present
negative = none

--- Candidate #53 ---
value_addr = 0x2E0099F4788
base_addr  = 0x2E0099F4760
f08 = 0x7301410A
f18 = 0x10022A0C
f20 = 0x2A182204
f28 = 0x42C80000 (100.0)
f58 = 0x03202003
f68 = 0x00000043
f70 = 0x02280020
f78 = 0x360C200D
rank_position = 53
base_score = 40
prescore_score = 40
final_score = 27
total adjustment = -13
score = 27
hard_pass = true
flags = target_match, strong_front_block, strong_tail_block, object_like, anchored_fragmented_split_like, template_clone_family
score_breakdown = +10 target_match; +2 f08_nonzero; +2 f08_not_floatlike; +2 f18_nonzero; +2 f18_not_floatlike; +2 f20_nonzero; +2 f20_not_floatlike; +2 f68_nonzero; +2 f68_not_floatlike; +2 f70_nonzero; +2 f70_not_floatlike; +2 f78_nonzero; +2 f78_not_floatlike; +3 f58_nonzero; +2 f58_not_floatlike; +1 legacy_pointer_balanced_compat; -3 anchored_fragmented_split_penalty; -10 clone_penalty
code_blob_score = 0
code_blob_penalty = 0
scalar_block_score = 0
scalar_block_penalty = 0
text_block_score = 0
text_block_penalty = 0
template_family_id = cls:XADXSPX|layout:front_tail_split|fptr:1|tptr:1|align:2|preg:2|dom:1|fns:0|tns:0|scalar:0|text:0|blob:0|mirror:0
clone_family_id = layout:front_tail_split|fptr:1|tptr:1|align:2|preg:2|dom:1|fns:0|tns:0|scalar:0|text:0|blob:0|mirror:0
template_family_size = 20
clone_penalty = 10
mirrored_penalty = 0
pointer_reward = 0
strong_structure_bonus = 0
sparse_anchor_tail_penalty = 0
anchored_fragmented_split_penalty = 3
one_sided_anchorless_split_penalty = 0
anchorless_partial_split_penalty = 0
isolated_split_penalty = 0
pointer_alignment_count = 2
pointer_region_count = 2
pointer_fields = f18, f70
pointer_cluster_count = 3
front_cluster_count = 2
tail_cluster_count = 1
front_non_singleton_cluster_count = 0
tail_non_singleton_cluster_count = 0
dominant_cluster_size = 1
cluster_layout = front_tail_split
has_valid_anchor = true
dominant_cluster_covers_majority = false
isolated_split_like = false
tie_break_vector = final=27|family=20|pointer=0|isolated=0|blob=0|scalar=0|text=0|clone=10|mirror=0|neg=0|addr=0x2E0099F4788
rank_reason = anchored fragmented split penalty fired on singleton-only split layout despite valid anchor; family size 20 raised clone penalty
positive = target value matches, f08 nonzero, f08 not float-like, f18 nonzero, f18 not float-like, f20 nonzero, f20 not float-like, f68 nonzero, f68 not float-like, f70 nonzero, f70 not float-like, f78 nonzero, f78 not float-like, f58 nonzero, f58 not float-like, front metadata present, tail reference block present
negative = none

--- Candidate #54 ---
value_addr = 0x2E009D348FC
base_addr  = 0x2E009D348D4
f08 = 0x3604FDB1
f18 = 0x22000228
f20 = 0x02380000
f28 = 0x42C80000 (100.0)
f58 = 0x41000228
f68 = 0x01200002
f70 = 0x0B1A0402
f78 = 0x04410020
rank_position = 54
base_score = 40
prescore_score = 40
final_score = 27
total adjustment = -13
score = 27
hard_pass = true
flags = target_match, strong_front_block, strong_tail_block, object_like, anchored_fragmented_split_like, template_clone_family
score_breakdown = +10 target_match; +2 f08_nonzero; +2 f08_not_floatlike; +2 f18_nonzero; +2 f18_not_floatlike; +2 f20_nonzero; +2 f20_not_floatlike; +2 f68_nonzero; +2 f68_not_floatlike; +2 f70_nonzero; +2 f70_not_floatlike; +2 f78_nonzero; +2 f78_not_floatlike; +3 f58_nonzero; +2 f58_not_floatlike; +1 legacy_pointer_balanced_compat; -3 anchored_fragmented_split_penalty; -10 clone_penalty
code_blob_score = 0
code_blob_penalty = 0
scalar_block_score = 2
scalar_block_penalty = 0
text_block_score = 0
text_block_penalty = 0
template_family_id = cls:XADDXXP|layout:front_tail_split|fptr:1|tptr:1|align:2|preg:2|dom:1|fns:0|tns:0|scalar:0|text:0|blob:0|mirror:0
clone_family_id = layout:front_tail_split|fptr:1|tptr:1|align:2|preg:2|dom:1|fns:0|tns:0|scalar:0|text:0|blob:0|mirror:0
template_family_size = 20
clone_penalty = 10
mirrored_penalty = 0
pointer_reward = 0
strong_structure_bonus = 0
sparse_anchor_tail_penalty = 0
anchored_fragmented_split_penalty = 3
one_sided_anchorless_split_penalty = 0
anchorless_partial_split_penalty = 0
isolated_split_penalty = 0
pointer_alignment_count = 2
pointer_region_count = 2
pointer_fields = f18, f78
pointer_cluster_count = 3
front_cluster_count = 2
tail_cluster_count = 1
front_non_singleton_cluster_count = 0
tail_non_singleton_cluster_count = 0
dominant_cluster_size = 1
cluster_layout = front_tail_split
has_valid_anchor = true
dominant_cluster_covers_majority = false
isolated_split_like = false
tie_break_vector = final=27|family=20|pointer=0|isolated=0|blob=0|scalar=0|text=0|clone=10|mirror=0|neg=0|addr=0x2E009D348FC
rank_reason = anchored fragmented split penalty fired on singleton-only split layout despite valid anchor; family size 20 raised clone penalty
positive = target value matches, f08 nonzero, f08 not float-like, f18 nonzero, f18 not float-like, f20 nonzero, f20 not float-like, f68 nonzero, f68 not float-like, f70 nonzero, f70 not float-like, f78 nonzero, f78 not float-like, f58 nonzero, f58 not float-like, front metadata present, tail reference block present
negative = none

--- Candidate #55 ---
value_addr = 0x2E009D3521C
base_addr  = 0x2E009D351F4
f08 = 0x01D8F186
f18 = 0x22040228
f20 = 0x02383F80
f28 = 0x42C80000 (100.0)
f58 = 0x02280402
f68 = 0x00004301
f70 = 0x01200B0C
f78 = 0x28040228
rank_position = 55
base_score = 40
prescore_score = 40
final_score = 27
total adjustment = -13
score = 27
hard_pass = true
flags = target_match, strong_front_block, strong_tail_block, object_like, anchored_fragmented_split_like, template_clone_family
score_breakdown = +10 target_match; +2 f08_nonzero; +2 f08_not_floatlike; +2 f18_nonzero; +2 f18_not_floatlike; +2 f20_nonzero; +2 f20_not_floatlike; +2 f68_nonzero; +2 f68_not_floatlike; +2 f70_nonzero; +2 f70_not_floatlike; +2 f78_nonzero; +2 f78_not_floatlike; +3 f58_nonzero; +2 f58_not_floatlike; +1 legacy_pointer_balanced_compat; -3 anchored_fragmented_split_penalty; -10 clone_penalty
code_blob_score = 0
code_blob_penalty = 0
scalar_block_score = 0
scalar_block_penalty = 0
text_block_score = 0
text_block_penalty = 0
template_family_id = cls:XADXXPD|layout:front_tail_split|fptr:1|tptr:1|align:2|preg:2|dom:1|fns:0|tns:0|scalar:0|text:0|blob:0|mirror:0
clone_family_id = layout:front_tail_split|fptr:1|tptr:1|align:2|preg:2|dom:1|fns:0|tns:0|scalar:0|text:0|blob:0|mirror:0
template_family_size = 20
clone_penalty = 10
mirrored_penalty = 0
pointer_reward = 0
strong_structure_bonus = 0
sparse_anchor_tail_penalty = 0
anchored_fragmented_split_penalty = 3
one_sided_anchorless_split_penalty = 0
anchorless_partial_split_penalty = 0
isolated_split_penalty = 0
pointer_alignment_count = 2
pointer_region_count = 2
pointer_fields = f18, f70
pointer_cluster_count = 4
front_cluster_count = 2
tail_cluster_count = 2
front_non_singleton_cluster_count = 0
tail_non_singleton_cluster_count = 0
dominant_cluster_size = 1
cluster_layout = front_tail_split
has_valid_anchor = true
dominant_cluster_covers_majority = false
isolated_split_like = false
tie_break_vector = final=27|family=20|pointer=0|isolated=0|blob=0|scalar=0|text=0|clone=10|mirror=0|neg=0|addr=0x2E009D3521C
rank_reason = anchored fragmented split penalty fired on singleton-only split layout despite valid anchor; family size 20 raised clone penalty
positive = target value matches, f08 nonzero, f08 not float-like, f18 nonzero, f18 not float-like, f20 nonzero, f20 not float-like, f68 nonzero, f68 not float-like, f70 nonzero, f70 not float-like, f78 nonzero, f78 not float-like, f58 nonzero, f58 not float-like, front metadata present, tail reference block present
negative = none

--- Candidate #56 ---
value_addr = 0x2E009E0B310
base_addr  = 0x2E009E0B2E8
f08 = 0x383CA3D7
f18 = 0x002001A0
f20 = 0xA4023842
f28 = 0x42C80000 (100.0)
f58 = 0x00022801
f68 = 0x02280220
f70 = 0xD2100220
f78 = 0x00410120
rank_position = 56
base_score = 40
prescore_score = 40
final_score = 27
total adjustment = -13
score = 27
hard_pass = true
flags = target_match, strong_front_block, strong_tail_block, object_like, anchored_fragmented_split_like, template_clone_family
score_breakdown = +10 target_match; +2 f08_nonzero; +2 f08_not_floatlike; +2 f18_nonzero; +2 f18_not_floatlike; +2 f20_nonzero; +2 f20_not_floatlike; +2 f68_nonzero; +2 f68_not_floatlike; +2 f70_nonzero; +2 f70_not_floatlike; +2 f78_nonzero; +2 f78_not_floatlike; +3 f58_nonzero; +2 f58_not_floatlike; +1 legacy_pointer_balanced_compat; -3 anchored_fragmented_split_penalty; -10 clone_penalty
code_blob_score = 0
code_blob_penalty = 0
scalar_block_score = 0
scalar_block_penalty = 0
text_block_score = 0
text_block_penalty = 0
template_family_id = cls:XAXXPDD|layout:front_tail_split|fptr:1|tptr:1|align:2|preg:2|dom:1|fns:0|tns:0|scalar:0|text:0|blob:0|mirror:0
clone_family_id = layout:front_tail_split|fptr:1|tptr:1|align:2|preg:2|dom:1|fns:0|tns:0|scalar:0|text:0|blob:0|mirror:0
template_family_size = 20
clone_penalty = 10
mirrored_penalty = 0
pointer_reward = 0
strong_structure_bonus = 0
sparse_anchor_tail_penalty = 0
anchored_fragmented_split_penalty = 3
one_sided_anchorless_split_penalty = 0
anchorless_partial_split_penalty = 0
isolated_split_penalty = 0
pointer_alignment_count = 2
pointer_region_count = 2
pointer_fields = f18, f68
pointer_cluster_count = 4
front_cluster_count = 1
tail_cluster_count = 3
front_non_singleton_cluster_count = 0
tail_non_singleton_cluster_count = 0
dominant_cluster_size = 1
cluster_layout = front_tail_split
has_valid_anchor = true
dominant_cluster_covers_majority = false
isolated_split_like = false
tie_break_vector = final=27|family=20|pointer=0|isolated=0|blob=0|scalar=0|text=0|clone=10|mirror=0|neg=0|addr=0x2E009E0B310
rank_reason = anchored fragmented split penalty fired on singleton-only split layout despite valid anchor; family size 20 raised clone penalty
positive = target value matches, f08 nonzero, f08 not float-like, f18 nonzero, f18 not float-like, f20 nonzero, f20 not float-like, f68 nonzero, f68 not float-like, f70 nonzero, f70 not float-like, f78 nonzero, f78 not float-like, f58 nonzero, f58 not float-like, front metadata present, tail reference block present
negative = none

--- Candidate #57 ---
value_addr = 0x2E009E3EE24
base_addr  = 0x2E009E3EDFC
f08 = 0x383CA3D7
f18 = 0x002001A0
f20 = 0xA4023842
f28 = 0x42C80000 (100.0)
f58 = 0x00022801
f68 = 0x02280220
f70 = 0xD2100220
f78 = 0x00410120
rank_position = 57
base_score = 40
prescore_score = 40
final_score = 27
total adjustment = -13
score = 27
hard_pass = true
flags = target_match, strong_front_block, strong_tail_block, object_like, anchored_fragmented_split_like, template_clone_family
score_breakdown = +10 target_match; +2 f08_nonzero; +2 f08_not_floatlike; +2 f18_nonzero; +2 f18_not_floatlike; +2 f20_nonzero; +2 f20_not_floatlike; +2 f68_nonzero; +2 f68_not_floatlike; +2 f70_nonzero; +2 f70_not_floatlike; +2 f78_nonzero; +2 f78_not_floatlike; +3 f58_nonzero; +2 f58_not_floatlike; +1 legacy_pointer_balanced_compat; -3 anchored_fragmented_split_penalty; -10 clone_penalty
code_blob_score = 0
code_blob_penalty = 0
scalar_block_score = 0
scalar_block_penalty = 0
text_block_score = 0
text_block_penalty = 0
template_family_id = cls:XAXXPDD|layout:front_tail_split|fptr:1|tptr:1|align:2|preg:2|dom:1|fns:0|tns:0|scalar:0|text:0|blob:0|mirror:0
clone_family_id = layout:front_tail_split|fptr:1|tptr:1|align:2|preg:2|dom:1|fns:0|tns:0|scalar:0|text:0|blob:0|mirror:0
template_family_size = 20
clone_penalty = 10
mirrored_penalty = 0
pointer_reward = 0
strong_structure_bonus = 0
sparse_anchor_tail_penalty = 0
anchored_fragmented_split_penalty = 3
one_sided_anchorless_split_penalty = 0
anchorless_partial_split_penalty = 0
isolated_split_penalty = 0
pointer_alignment_count = 2
pointer_region_count = 2
pointer_fields = f18, f68
pointer_cluster_count = 4
front_cluster_count = 1
tail_cluster_count = 3
front_non_singleton_cluster_count = 0
tail_non_singleton_cluster_count = 0
dominant_cluster_size = 1
cluster_layout = front_tail_split
has_valid_anchor = true
dominant_cluster_covers_majority = false
isolated_split_like = false
tie_break_vector = final=27|family=20|pointer=0|isolated=0|blob=0|scalar=0|text=0|clone=10|mirror=0|neg=0|addr=0x2E009E3EE24
rank_reason = anchored fragmented split penalty fired on singleton-only split layout despite valid anchor; family size 20 raised clone penalty
positive = target value matches, f08 nonzero, f08 not float-like, f18 nonzero, f18 not float-like, f20 nonzero, f20 not float-like, f68 nonzero, f68 not float-like, f70 nonzero, f70 not float-like, f78 nonzero, f78 not float-like, f58 nonzero, f58 not float-like, front metadata present, tail reference block present
negative = none

--- Candidate #58 ---
value_addr = 0x2E00A511F88
base_addr  = 0x2E00A511F60
f08 = 0x023600E4
f18 = 0x2059003A
f20 = 0x023842C8
f28 = 0x42C80000 (100.0)
f58 = 0x74022801
f68 = 0xB78B1000
f70 = 0x01F8E5B4
f78 = 0xBA012E01
rank_position = 58
base_score = 40
prescore_score = 40
final_score = 27
total adjustment = -13
score = 27
hard_pass = true
flags = target_match, strong_front_block, strong_tail_block, object_like, anchored_fragmented_split_like, template_clone_family
score_breakdown = +10 target_match; +2 f08_nonzero; +2 f08_not_floatlike; +2 f18_nonzero; +2 f18_not_floatlike; +2 f20_nonzero; +2 f20_not_floatlike; +2 f68_nonzero; +2 f68_not_floatlike; +2 f70_nonzero; +2 f70_not_floatlike; +2 f78_nonzero; +2 f78_not_floatlike; +3 f58_nonzero; +2 f58_not_floatlike; +1 legacy_pointer_balanced_compat; -3 anchored_fragmented_split_penalty; -10 clone_penalty
code_blob_score = 0
code_blob_penalty = 0
scalar_block_score = 2
scalar_block_penalty = 0
text_block_score = 0
text_block_penalty = 0
template_family_id = cls:AXDXPDX|layout:front_tail_split|fptr:1|tptr:1|align:2|preg:2|dom:1|fns:0|tns:0|scalar:0|text:0|blob:0|mirror:0
clone_family_id = layout:front_tail_split|fptr:1|tptr:1|align:2|preg:2|dom:1|fns:0|tns:0|scalar:0|text:0|blob:0|mirror:0
template_family_size = 20
clone_penalty = 10
mirrored_penalty = 0
pointer_reward = 0
strong_structure_bonus = 0
sparse_anchor_tail_penalty = 0
anchored_fragmented_split_penalty = 3
one_sided_anchorless_split_penalty = 0
anchorless_partial_split_penalty = 0
isolated_split_penalty = 0
pointer_alignment_count = 2
pointer_region_count = 2
pointer_fields = f08, f68
pointer_cluster_count = 4
front_cluster_count = 2
tail_cluster_count = 2
front_non_singleton_cluster_count = 0
tail_non_singleton_cluster_count = 0
dominant_cluster_size = 1
cluster_layout = front_tail_split
has_valid_anchor = true
dominant_cluster_covers_majority = false
isolated_split_like = false
tie_break_vector = final=27|family=20|pointer=0|isolated=0|blob=0|scalar=0|text=0|clone=10|mirror=0|neg=0|addr=0x2E00A511F88
rank_reason = anchored fragmented split penalty fired on singleton-only split layout despite valid anchor; family size 20 raised clone penalty
positive = target value matches, f08 nonzero, f08 not float-like, f18 nonzero, f18 not float-like, f20 nonzero, f20 not float-like, f68 nonzero, f68 not float-like, f70 nonzero, f70 not float-like, f78 nonzero, f78 not float-like, f58 nonzero, f58 not float-like, front metadata present, tail reference block present
negative = none

--- Candidate #59 ---
value_addr = 0x16CC025BC214
base_addr  = 0x16CC025BC1EC
f08 = 0xCC77437D
f18 = 0x2000420B
f20 = 0x02383DCC
f28 = 0x42C80000 (100.0)
f58 = 0x0B3C0236
f68 = 0x9B100120
f70 = 0x01200020
f78 = 0x7F010148
rank_position = 59
base_score = 40
prescore_score = 40
final_score = 27
total adjustment = -13
score = 27
hard_pass = true
flags = target_match, strong_front_block, strong_tail_block, object_like, anchored_fragmented_split_like, template_clone_family
score_breakdown = +10 target_match; +2 f08_nonzero; +2 f08_not_floatlike; +2 f18_nonzero; +2 f18_not_floatlike; +2 f20_nonzero; +2 f20_not_floatlike; +2 f68_nonzero; +2 f68_not_floatlike; +2 f70_nonzero; +2 f70_not_floatlike; +2 f78_nonzero; +2 f78_not_floatlike; +3 f58_nonzero; +2 f58_not_floatlike; +1 legacy_pointer_balanced_compat; -3 anchored_fragmented_split_penalty; -10 clone_penalty
code_blob_score = 0
code_blob_penalty = 0
scalar_block_score = 0
scalar_block_penalty = 0
text_block_score = 0
text_block_penalty = 0
template_family_id = cls:XXAXPDD|layout:front_tail_split|fptr:1|tptr:1|align:2|preg:2|dom:1|fns:0|tns:0|scalar:0|text:0|blob:0|mirror:0
clone_family_id = layout:front_tail_split|fptr:1|tptr:1|align:2|preg:2|dom:1|fns:0|tns:0|scalar:0|text:0|blob:0|mirror:0
template_family_size = 20
clone_penalty = 10
mirrored_penalty = 0
pointer_reward = 0
strong_structure_bonus = 0
sparse_anchor_tail_penalty = 0
anchored_fragmented_split_penalty = 3
one_sided_anchorless_split_penalty = 0
anchorless_partial_split_penalty = 0
isolated_split_penalty = 0
pointer_alignment_count = 2
pointer_region_count = 2
pointer_fields = f20, f68
pointer_cluster_count = 4
front_cluster_count = 1
tail_cluster_count = 3
front_non_singleton_cluster_count = 0
tail_non_singleton_cluster_count = 0
dominant_cluster_size = 1
cluster_layout = front_tail_split
has_valid_anchor = true
dominant_cluster_covers_majority = false
isolated_split_like = false
tie_break_vector = final=27|family=20|pointer=0|isolated=0|blob=0|scalar=0|text=0|clone=10|mirror=0|neg=0|addr=0x16CC025BC214
rank_reason = anchored fragmented split penalty fired on singleton-only split layout despite valid anchor; family size 20 raised clone penalty
positive = target value matches, f08 nonzero, f08 not float-like, f18 nonzero, f18 not float-like, f20 nonzero, f20 not float-like, f68 nonzero, f68 not float-like, f70 nonzero, f70 not float-like, f78 nonzero, f78 not float-like, f58 nonzero, f58 not float-like, front metadata present, tail reference block present
negative = none

--- Candidate #60 ---
value_addr = 0x16CC02C2E524
base_addr  = 0x16CC02C2E4FC
f08 = 0x7301410A
f18 = 0x10022A0C
f20 = 0x2A182204
f28 = 0x42C80000 (100.0)
f58 = 0x03202003
f68 = 0x00000043
f70 = 0x02280020
f78 = 0x360C200D
rank_position = 60
base_score = 40
prescore_score = 40
final_score = 27
total adjustment = -13
score = 27
hard_pass = true
flags = target_match, strong_front_block, strong_tail_block, object_like, anchored_fragmented_split_like, template_clone_family
score_breakdown = +10 target_match; +2 f08_nonzero; +2 f08_not_floatlike; +2 f18_nonzero; +2 f18_not_floatlike; +2 f20_nonzero; +2 f20_not_floatlike; +2 f68_nonzero; +2 f68_not_floatlike; +2 f70_nonzero; +2 f70_not_floatlike; +2 f78_nonzero; +2 f78_not_floatlike; +3 f58_nonzero; +2 f58_not_floatlike; +1 legacy_pointer_balanced_compat; -3 anchored_fragmented_split_penalty; -10 clone_penalty
code_blob_score = 0
code_blob_penalty = 0
scalar_block_score = 0
scalar_block_penalty = 0
text_block_score = 0
text_block_penalty = 0
template_family_id = cls:XADXSPX|layout:front_tail_split|fptr:1|tptr:1|align:2|preg:2|dom:1|fns:0|tns:0|scalar:0|text:0|blob:0|mirror:0
clone_family_id = layout:front_tail_split|fptr:1|tptr:1|align:2|preg:2|dom:1|fns:0|tns:0|scalar:0|text:0|blob:0|mirror:0
template_family_size = 20
clone_penalty = 10
mirrored_penalty = 0
pointer_reward = 0
strong_structure_bonus = 0
sparse_anchor_tail_penalty = 0
anchored_fragmented_split_penalty = 3
one_sided_anchorless_split_penalty = 0
anchorless_partial_split_penalty = 0
isolated_split_penalty = 0
pointer_alignment_count = 2
pointer_region_count = 2
pointer_fields = f18, f70
pointer_cluster_count = 3
front_cluster_count = 2
tail_cluster_count = 1
front_non_singleton_cluster_count = 0
tail_non_singleton_cluster_count = 0
dominant_cluster_size = 1
cluster_layout = front_tail_split
has_valid_anchor = true
dominant_cluster_covers_majority = false
isolated_split_like = false
tie_break_vector = final=27|family=20|pointer=0|isolated=0|blob=0|scalar=0|text=0|clone=10|mirror=0|neg=0|addr=0x16CC02C2E524
rank_reason = anchored fragmented split penalty fired on singleton-only split layout despite valid anchor; family size 20 raised clone penalty
positive = target value matches, f08 nonzero, f08 not float-like, f18 nonzero, f18 not float-like, f20 nonzero, f20 not float-like, f68 nonzero, f68 not float-like, f70 nonzero, f70 not float-like, f78 nonzero, f78 not float-like, f58 nonzero, f58 not float-like, front metadata present, tail reference block present
negative = none

--- Candidate #61 ---
value_addr = 0x16CC02DF4788
base_addr  = 0x16CC02DF4760
f08 = 0x7301410A
f18 = 0x10022A0C
f20 = 0x2A182204
f28 = 0x42C80000 (100.0)
f58 = 0x03202003
f68 = 0x00000043
f70 = 0x02280020
f78 = 0x360C200D
rank_position = 61
base_score = 40
prescore_score = 40
final_score = 27
total adjustment = -13
score = 27
hard_pass = true
flags = target_match, strong_front_block, strong_tail_block, object_like, anchored_fragmented_split_like, template_clone_family
score_breakdown = +10 target_match; +2 f08_nonzero; +2 f08_not_floatlike; +2 f18_nonzero; +2 f18_not_floatlike; +2 f20_nonzero; +2 f20_not_floatlike; +2 f68_nonzero; +2 f68_not_floatlike; +2 f70_nonzero; +2 f70_not_floatlike; +2 f78_nonzero; +2 f78_not_floatlike; +3 f58_nonzero; +2 f58_not_floatlike; +1 legacy_pointer_balanced_compat; -3 anchored_fragmented_split_penalty; -10 clone_penalty
code_blob_score = 0
code_blob_penalty = 0
scalar_block_score = 0
scalar_block_penalty = 0
text_block_score = 0
text_block_penalty = 0
template_family_id = cls:XADXSPX|layout:front_tail_split|fptr:1|tptr:1|align:2|preg:2|dom:1|fns:0|tns:0|scalar:0|text:0|blob:0|mirror:0
clone_family_id = layout:front_tail_split|fptr:1|tptr:1|align:2|preg:2|dom:1|fns:0|tns:0|scalar:0|text:0|blob:0|mirror:0
template_family_size = 20
clone_penalty = 10
mirrored_penalty = 0
pointer_reward = 0
strong_structure_bonus = 0
sparse_anchor_tail_penalty = 0
anchored_fragmented_split_penalty = 3
one_sided_anchorless_split_penalty = 0
anchorless_partial_split_penalty = 0
isolated_split_penalty = 0
pointer_alignment_count = 2
pointer_region_count = 2
pointer_fields = f18, f70
pointer_cluster_count = 3
front_cluster_count = 2
tail_cluster_count = 1
front_non_singleton_cluster_count = 0
tail_non_singleton_cluster_count = 0
dominant_cluster_size = 1
cluster_layout = front_tail_split
has_valid_anchor = true
dominant_cluster_covers_majority = false
isolated_split_like = false
tie_break_vector = final=27|family=20|pointer=0|isolated=0|blob=0|scalar=0|text=0|clone=10|mirror=0|neg=0|addr=0x16CC02DF4788
rank_reason = anchored fragmented split penalty fired on singleton-only split layout despite valid anchor; family size 20 raised clone penalty
positive = target value matches, f08 nonzero, f08 not float-like, f18 nonzero, f18 not float-like, f20 nonzero, f20 not float-like, f68 nonzero, f68 not float-like, f70 nonzero, f70 not float-like, f78 nonzero, f78 not float-like, f58 nonzero, f58 not float-like, front metadata present, tail reference block present
negative = none

--- Candidate #62 ---
value_addr = 0x16CC031348FC
base_addr  = 0x16CC031348D4
f08 = 0x3604FDB1
f18 = 0x22000228
f20 = 0x02380000
f28 = 0x42C80000 (100.0)
f58 = 0x41000228
f68 = 0x01200002
f70 = 0x0B1A0402
f78 = 0x04410020
rank_position = 62
base_score = 40
prescore_score = 40
final_score = 27
total adjustment = -13
score = 27
hard_pass = true
flags = target_match, strong_front_block, strong_tail_block, object_like, anchored_fragmented_split_like, template_clone_family
score_breakdown = +10 target_match; +2 f08_nonzero; +2 f08_not_floatlike; +2 f18_nonzero; +2 f18_not_floatlike; +2 f20_nonzero; +2 f20_not_floatlike; +2 f68_nonzero; +2 f68_not_floatlike; +2 f70_nonzero; +2 f70_not_floatlike; +2 f78_nonzero; +2 f78_not_floatlike; +3 f58_nonzero; +2 f58_not_floatlike; +1 legacy_pointer_balanced_compat; -3 anchored_fragmented_split_penalty; -10 clone_penalty
code_blob_score = 0
code_blob_penalty = 0
scalar_block_score = 2
scalar_block_penalty = 0
text_block_score = 0
text_block_penalty = 0
template_family_id = cls:XADDXXP|layout:front_tail_split|fptr:1|tptr:1|align:2|preg:2|dom:1|fns:0|tns:0|scalar:0|text:0|blob:0|mirror:0
clone_family_id = layout:front_tail_split|fptr:1|tptr:1|align:2|preg:2|dom:1|fns:0|tns:0|scalar:0|text:0|blob:0|mirror:0
template_family_size = 20
clone_penalty = 10
mirrored_penalty = 0
pointer_reward = 0
strong_structure_bonus = 0
sparse_anchor_tail_penalty = 0
anchored_fragmented_split_penalty = 3
one_sided_anchorless_split_penalty = 0
anchorless_partial_split_penalty = 0
isolated_split_penalty = 0
pointer_alignment_count = 2
pointer_region_count = 2
pointer_fields = f18, f78
pointer_cluster_count = 3
front_cluster_count = 2
tail_cluster_count = 1
front_non_singleton_cluster_count = 0
tail_non_singleton_cluster_count = 0
dominant_cluster_size = 1
cluster_layout = front_tail_split
has_valid_anchor = true
dominant_cluster_covers_majority = false
isolated_split_like = false
tie_break_vector = final=27|family=20|pointer=0|isolated=0|blob=0|scalar=0|text=0|clone=10|mirror=0|neg=0|addr=0x16CC031348FC
rank_reason = anchored fragmented split penalty fired on singleton-only split layout despite valid anchor; family size 20 raised clone penalty
positive = target value matches, f08 nonzero, f08 not float-like, f18 nonzero, f18 not float-like, f20 nonzero, f20 not float-like, f68 nonzero, f68 not float-like, f70 nonzero, f70 not float-like, f78 nonzero, f78 not float-like, f58 nonzero, f58 not float-like, front metadata present, tail reference block present
negative = none

--- Candidate #63 ---
value_addr = 0x16CC0313521C
base_addr  = 0x16CC031351F4
f08 = 0x01D8F186
f18 = 0x22040228
f20 = 0x02383F80
f28 = 0x42C80000 (100.0)
f58 = 0x02280402
f68 = 0x00004301
f70 = 0x01200B0C
f78 = 0x28040228
rank_position = 63
base_score = 40
prescore_score = 40
final_score = 27
total adjustment = -13
score = 27
hard_pass = true
flags = target_match, strong_front_block, strong_tail_block, object_like, anchored_fragmented_split_like, template_clone_family
score_breakdown = +10 target_match; +2 f08_nonzero; +2 f08_not_floatlike; +2 f18_nonzero; +2 f18_not_floatlike; +2 f20_nonzero; +2 f20_not_floatlike; +2 f68_nonzero; +2 f68_not_floatlike; +2 f70_nonzero; +2 f70_not_floatlike; +2 f78_nonzero; +2 f78_not_floatlike; +3 f58_nonzero; +2 f58_not_floatlike; +1 legacy_pointer_balanced_compat; -3 anchored_fragmented_split_penalty; -10 clone_penalty
code_blob_score = 0
code_blob_penalty = 0
scalar_block_score = 0
scalar_block_penalty = 0
text_block_score = 0
text_block_penalty = 0
template_family_id = cls:XADXXPD|layout:front_tail_split|fptr:1|tptr:1|align:2|preg:2|dom:1|fns:0|tns:0|scalar:0|text:0|blob:0|mirror:0
clone_family_id = layout:front_tail_split|fptr:1|tptr:1|align:2|preg:2|dom:1|fns:0|tns:0|scalar:0|text:0|blob:0|mirror:0
template_family_size = 20
clone_penalty = 10
mirrored_penalty = 0
pointer_reward = 0
strong_structure_bonus = 0
sparse_anchor_tail_penalty = 0
anchored_fragmented_split_penalty = 3
one_sided_anchorless_split_penalty = 0
anchorless_partial_split_penalty = 0
isolated_split_penalty = 0
pointer_alignment_count = 2
pointer_region_count = 2
pointer_fields = f18, f70
pointer_cluster_count = 4
front_cluster_count = 2
tail_cluster_count = 2
front_non_singleton_cluster_count = 0
tail_non_singleton_cluster_count = 0
dominant_cluster_size = 1
cluster_layout = front_tail_split
has_valid_anchor = true
dominant_cluster_covers_majority = false
isolated_split_like = false
tie_break_vector = final=27|family=20|pointer=0|isolated=0|blob=0|scalar=0|text=0|clone=10|mirror=0|neg=0|addr=0x16CC0313521C
rank_reason = anchored fragmented split penalty fired on singleton-only split layout despite valid anchor; family size 20 raised clone penalty
positive = target value matches, f08 nonzero, f08 not float-like, f18 nonzero, f18 not float-like, f20 nonzero, f20 not float-like, f68 nonzero, f68 not float-like, f70 nonzero, f70 not float-like, f78 nonzero, f78 not float-like, f58 nonzero, f58 not float-like, front metadata present, tail reference block present
negative = none

--- Candidate #64 ---
value_addr = 0x16CC0320B310
base_addr  = 0x16CC0320B2E8
f08 = 0x383CA3D7
f18 = 0x002001A0
f20 = 0xA4023842
f28 = 0x42C80000 (100.0)
f58 = 0x00022801
f68 = 0x02280220
f70 = 0xD2100220
f78 = 0x00410120
rank_position = 64
base_score = 40
prescore_score = 40
final_score = 27
total adjustment = -13
score = 27
hard_pass = true
flags = target_match, strong_front_block, strong_tail_block, object_like, anchored_fragmented_split_like, template_clone_family
score_breakdown = +10 target_match; +2 f08_nonzero; +2 f08_not_floatlike; +2 f18_nonzero; +2 f18_not_floatlike; +2 f20_nonzero; +2 f20_not_floatlike; +2 f68_nonzero; +2 f68_not_floatlike; +2 f70_nonzero; +2 f70_not_floatlike; +2 f78_nonzero; +2 f78_not_floatlike; +3 f58_nonzero; +2 f58_not_floatlike; +1 legacy_pointer_balanced_compat; -3 anchored_fragmented_split_penalty; -10 clone_penalty
code_blob_score = 0
code_blob_penalty = 0
scalar_block_score = 0
scalar_block_penalty = 0
text_block_score = 0
text_block_penalty = 0
template_family_id = cls:XAXXPDD|layout:front_tail_split|fptr:1|tptr:1|align:2|preg:2|dom:1|fns:0|tns:0|scalar:0|text:0|blob:0|mirror:0
clone_family_id = layout:front_tail_split|fptr:1|tptr:1|align:2|preg:2|dom:1|fns:0|tns:0|scalar:0|text:0|blob:0|mirror:0
template_family_size = 20
clone_penalty = 10
mirrored_penalty = 0
pointer_reward = 0
strong_structure_bonus = 0
sparse_anchor_tail_penalty = 0
anchored_fragmented_split_penalty = 3
one_sided_anchorless_split_penalty = 0
anchorless_partial_split_penalty = 0
isolated_split_penalty = 0
pointer_alignment_count = 2
pointer_region_count = 2
pointer_fields = f18, f68
pointer_cluster_count = 4
front_cluster_count = 1
tail_cluster_count = 3
front_non_singleton_cluster_count = 0
tail_non_singleton_cluster_count = 0
dominant_cluster_size = 1
cluster_layout = front_tail_split
has_valid_anchor = true
dominant_cluster_covers_majority = false
isolated_split_like = false
tie_break_vector = final=27|family=20|pointer=0|isolated=0|blob=0|scalar=0|text=0|clone=10|mirror=0|neg=0|addr=0x16CC0320B310
rank_reason = anchored fragmented split penalty fired on singleton-only split layout despite valid anchor; family size 20 raised clone penalty
positive = target value matches, f08 nonzero, f08 not float-like, f18 nonzero, f18 not float-like, f20 nonzero, f20 not float-like, f68 nonzero, f68 not float-like, f70 nonzero, f70 not float-like, f78 nonzero, f78 not float-like, f58 nonzero, f58 not float-like, front metadata present, tail reference block present
negative = none

--- Candidate #65 ---
value_addr = 0x16CC0323EE24
base_addr  = 0x16CC0323EDFC
f08 = 0x383CA3D7
f18 = 0x002001A0
f20 = 0xA4023842
f28 = 0x42C80000 (100.0)
f58 = 0x00022801
f68 = 0x02280220
f70 = 0xD2100220
f78 = 0x00410120
rank_position = 65
base_score = 40
prescore_score = 40
final_score = 27
total adjustment = -13
score = 27
hard_pass = true
flags = target_match, strong_front_block, strong_tail_block, object_like, anchored_fragmented_split_like, template_clone_family
score_breakdown = +10 target_match; +2 f08_nonzero; +2 f08_not_floatlike; +2 f18_nonzero; +2 f18_not_floatlike; +2 f20_nonzero; +2 f20_not_floatlike; +2 f68_nonzero; +2 f68_not_floatlike; +2 f70_nonzero; +2 f70_not_floatlike; +2 f78_nonzero; +2 f78_not_floatlike; +3 f58_nonzero; +2 f58_not_floatlike; +1 legacy_pointer_balanced_compat; -3 anchored_fragmented_split_penalty; -10 clone_penalty
code_blob_score = 0
code_blob_penalty = 0
scalar_block_score = 0
scalar_block_penalty = 0
text_block_score = 0
text_block_penalty = 0
template_family_id = cls:XAXXPDD|layout:front_tail_split|fptr:1|tptr:1|align:2|preg:2|dom:1|fns:0|tns:0|scalar:0|text:0|blob:0|mirror:0
clone_family_id = layout:front_tail_split|fptr:1|tptr:1|align:2|preg:2|dom:1|fns:0|tns:0|scalar:0|text:0|blob:0|mirror:0
template_family_size = 20
clone_penalty = 10
mirrored_penalty = 0
pointer_reward = 0
strong_structure_bonus = 0
sparse_anchor_tail_penalty = 0
anchored_fragmented_split_penalty = 3
one_sided_anchorless_split_penalty = 0
anchorless_partial_split_penalty = 0
isolated_split_penalty = 0
pointer_alignment_count = 2
pointer_region_count = 2
pointer_fields = f18, f68
pointer_cluster_count = 4
front_cluster_count = 1
tail_cluster_count = 3
front_non_singleton_cluster_count = 0
tail_non_singleton_cluster_count = 0
dominant_cluster_size = 1
cluster_layout = front_tail_split
has_valid_anchor = true
dominant_cluster_covers_majority = false
isolated_split_like = false
tie_break_vector = final=27|family=20|pointer=0|isolated=0|blob=0|scalar=0|text=0|clone=10|mirror=0|neg=0|addr=0x16CC0323EE24
rank_reason = anchored fragmented split penalty fired on singleton-only split layout despite valid anchor; family size 20 raised clone penalty
positive = target value matches, f08 nonzero, f08 not float-like, f18 nonzero, f18 not float-like, f20 nonzero, f20 not float-like, f68 nonzero, f68 not float-like, f70 nonzero, f70 not float-like, f78 nonzero, f78 not float-like, f58 nonzero, f58 not float-like, front metadata present, tail reference block present
negative = none

--- Candidate #66 ---
value_addr = 0x16CC032C5D5C
base_addr  = 0x16CC032C5D34
f08 = 0x383CA3D7
f18 = 0x002001B8
f20 = 0xBC023842
f28 = 0x42C80000 (100.0)
f58 = 0x00022801
f68 = 0x02280220
f70 = 0xD2100220
f78 = 0x00410120
rank_position = 66
base_score = 40
prescore_score = 40
final_score = 27
total adjustment = -13
score = 27
hard_pass = true
flags = target_match, strong_front_block, strong_tail_block, object_like, anchored_fragmented_split_like, template_clone_family
score_breakdown = +10 target_match; +2 f08_nonzero; +2 f08_not_floatlike; +2 f18_nonzero; +2 f18_not_floatlike; +2 f20_nonzero; +2 f20_not_floatlike; +2 f68_nonzero; +2 f68_not_floatlike; +2 f70_nonzero; +2 f70_not_floatlike; +2 f78_nonzero; +2 f78_not_floatlike; +3 f58_nonzero; +2 f58_not_floatlike; +1 legacy_pointer_balanced_compat; -3 anchored_fragmented_split_penalty; -10 clone_penalty
code_blob_score = 0
code_blob_penalty = 0
scalar_block_score = 0
scalar_block_penalty = 0
text_block_score = 0
text_block_penalty = 0
template_family_id = cls:XAXXPDD|layout:front_tail_split|fptr:1|tptr:1|align:2|preg:2|dom:1|fns:0|tns:0|scalar:0|text:0|blob:0|mirror:0
clone_family_id = layout:front_tail_split|fptr:1|tptr:1|align:2|preg:2|dom:1|fns:0|tns:0|scalar:0|text:0|blob:0|mirror:0
template_family_size = 20
clone_penalty = 10
mirrored_penalty = 0
pointer_reward = 0
strong_structure_bonus = 0
sparse_anchor_tail_penalty = 0
anchored_fragmented_split_penalty = 3
one_sided_anchorless_split_penalty = 0
anchorless_partial_split_penalty = 0
isolated_split_penalty = 0
pointer_alignment_count = 2
pointer_region_count = 2
pointer_fields = f18, f68
pointer_cluster_count = 4
front_cluster_count = 1
tail_cluster_count = 3
front_non_singleton_cluster_count = 0
tail_non_singleton_cluster_count = 0
dominant_cluster_size = 1
cluster_layout = front_tail_split
has_valid_anchor = true
dominant_cluster_covers_majority = false
isolated_split_like = false
tie_break_vector = final=27|family=20|pointer=0|isolated=0|blob=0|scalar=0|text=0|clone=10|mirror=0|neg=0|addr=0x16CC032C5D5C
rank_reason = anchored fragmented split penalty fired on singleton-only split layout despite valid anchor; family size 20 raised clone penalty
positive = target value matches, f08 nonzero, f08 not float-like, f18 nonzero, f18 not float-like, f20 nonzero, f20 not float-like, f68 nonzero, f68 not float-like, f70 nonzero, f70 not float-like, f78 nonzero, f78 not float-like, f58 nonzero, f58 not float-like, front metadata present, tail reference block present
negative = none

--- Candidate #67 ---
value_addr = 0x2E009F4EA24
base_addr  = 0x2E009F4E9FC
f08 = 0x090B3402
f18 = 0x07237F01
f20 = 0x246A2041
f28 = 0x42C80000 (100.0)
f58 = 0x20012004
f68 = 0x01200222
f70 = 0x00200002
f78 = 0x18023700
rank_position = 67
base_score = 40
prescore_score = 40
final_score = 26
total adjustment = -14
score = 26
hard_pass = true
flags = target_match, strong_front_block, strong_tail_block, object_like, scattered_singleton_like, template_clone_family
score_breakdown = +10 target_match; +2 f08_nonzero; +2 f08_not_floatlike; +2 f18_nonzero; +2 f18_not_floatlike; +2 f20_nonzero; +2 f20_not_floatlike; +2 f68_nonzero; +2 f68_not_floatlike; +2 f70_nonzero; +2 f70_not_floatlike; +2 f78_nonzero; +2 f78_not_floatlike; +3 f58_nonzero; +2 f58_not_floatlike; +1 legacy_pointer_balanced_compat; -2 scattered_singleton_penalty; -12 clone_penalty
code_blob_score = 0
code_blob_penalty = 0
scalar_block_score = 3
scalar_block_penalty = 0
text_block_score = 0
text_block_penalty = 0
template_family_id = cls:XXXAXXD|layout:scattered|fptr:0|tptr:0|align:1|preg:1|dom:1|fns:0|tns:0|scalar:0|text:0|blob:0|mirror:0
clone_family_id = layout:scattered|fptr:0|tptr:0|align:1|preg:1|dom:1|fns:0|tns:0|scalar:0|text:0|blob:0|mirror:0
template_family_size = 14
clone_penalty = 12
mirrored_penalty = 0
pointer_reward = 0
strong_structure_bonus = 0
sparse_anchor_tail_penalty = 0
anchored_fragmented_split_penalty = 0
one_sided_anchorless_split_penalty = 0
anchorless_partial_split_penalty = 0
isolated_split_penalty = 0
pointer_alignment_count = 1
pointer_region_count = 1
pointer_fields = f58
pointer_cluster_count = 1
front_cluster_count = 0
tail_cluster_count = 1
front_non_singleton_cluster_count = 0
tail_non_singleton_cluster_count = 0
dominant_cluster_size = 1
cluster_layout = scattered
has_valid_anchor = true
dominant_cluster_covers_majority = false
isolated_split_like = false
tie_break_vector = final=26|family=14|pointer=0|isolated=0|blob=0|scalar=0|text=0|clone=12|mirror=0|neg=0|addr=0x2E009F4EA24
rank_reason = scattered singleton penalty fired on pointer-poor scattered layout with no non-singleton support; family size 14 raised clone penalty on scattered pointer-poor family
positive = target value matches, f08 nonzero, f08 not float-like, f18 nonzero, f18 not float-like, f20 nonzero, f20 not float-like, f68 nonzero, f68 not float-like, f70 nonzero, f70 not float-like, f78 nonzero, f78 not float-like, f58 nonzero, f58 not float-like, front metadata present, tail reference block present
negative = none

--- Candidate #68 ---
value_addr = 0x2E00F806058
base_addr  = 0x2E00F806030
f08 = 0x01170830
f18 = 0x1F07C802
f20 = 0x8F0C6805
f28 = 0x42C80000 (100.0)
f58 = 0x2C0C011C
f68 = 0x0CC8311F
f70 = 0xFA1FFC01
f78 = 0xFC022095
rank_position = 68
base_score = 40
prescore_score = 40
final_score = 26
total adjustment = -14
score = 26
hard_pass = true
flags = target_match, strong_front_block, strong_tail_block, object_like, scattered_singleton_like, template_clone_family
score_breakdown = +10 target_match; +2 f08_nonzero; +2 f08_not_floatlike; +2 f18_nonzero; +2 f18_not_floatlike; +2 f20_nonzero; +2 f20_not_floatlike; +2 f68_nonzero; +2 f68_not_floatlike; +2 f70_nonzero; +2 f70_not_floatlike; +2 f78_nonzero; +2 f78_not_floatlike; +3 f58_nonzero; +2 f58_not_floatlike; +1 legacy_pointer_balanced_compat; -2 scattered_singleton_penalty; -12 clone_penalty
code_blob_score = 0
code_blob_penalty = 0
scalar_block_score = 3
scalar_block_penalty = 0
text_block_score = 0
text_block_penalty = 0
template_family_id = cls:DXXAXXX|layout:scattered|fptr:0|tptr:0|align:1|preg:1|dom:1|fns:0|tns:0|scalar:0|text:0|blob:0|mirror:0
clone_family_id = layout:scattered|fptr:0|tptr:0|align:1|preg:1|dom:1|fns:0|tns:0|scalar:0|text:0|blob:0|mirror:0
template_family_size = 14
clone_penalty = 12
mirrored_penalty = 0
pointer_reward = 0
strong_structure_bonus = 0
sparse_anchor_tail_penalty = 0
anchored_fragmented_split_penalty = 0
one_sided_anchorless_split_penalty = 0
anchorless_partial_split_penalty = 0
isolated_split_penalty = 0
pointer_alignment_count = 1
pointer_region_count = 1
pointer_fields = f58
pointer_cluster_count = 1
front_cluster_count = 1
tail_cluster_count = 0
front_non_singleton_cluster_count = 0
tail_non_singleton_cluster_count = 0
dominant_cluster_size = 1
cluster_layout = scattered
has_valid_anchor = true
dominant_cluster_covers_majority = false
isolated_split_like = false
tie_break_vector = final=26|family=14|pointer=0|isolated=0|blob=0|scalar=0|text=0|clone=12|mirror=0|neg=0|addr=0x2E00F806058
rank_reason = scattered singleton penalty fired on pointer-poor scattered layout with no non-singleton support; family size 14 raised clone penalty on scattered pointer-poor family
positive = target value matches, f08 nonzero, f08 not float-like, f18 nonzero, f18 not float-like, f20 nonzero, f20 not float-like, f68 nonzero, f68 not float-like, f70 nonzero, f70 not float-like, f78 nonzero, f78 not float-like, f58 nonzero, f58 not float-like, front metadata present, tail reference block present
negative = none

--- Candidate #69 ---
value_addr = 0x2E400C67148
base_addr  = 0x2E400C67120
f08 = 0x43C7FFFF
f18 = 0x4261E821
f20 = 0xC261E821
f28 = 0x42C80000 (100.0)
f58 = 0x00C670F0
f68 = 0xFFFFFFA6
f70 = 0x3BCCCCCD
f78 = 0x43200000
rank_position = 69
base_score = 40
prescore_score = 40
final_score = 26
total adjustment = -14
score = 26
hard_pass = true
flags = target_match, strong_front_block, strong_tail_block, object_like, scattered_singleton_like, template_clone_family
score_breakdown = +10 target_match; +2 f08_nonzero; +2 f08_not_floatlike; +2 f18_nonzero; +2 f18_not_floatlike; +2 f20_nonzero; +2 f20_not_floatlike; +2 f68_nonzero; +2 f68_not_floatlike; +2 f70_nonzero; +2 f70_not_floatlike; +2 f78_nonzero; +2 f78_not_floatlike; +3 f58_nonzero; +2 f58_not_floatlike; +1 legacy_pointer_balanced_compat; -2 scattered_singleton_penalty; -12 clone_penalty
code_blob_score = 0
code_blob_penalty = 0
scalar_block_score = 5
scalar_block_penalty = 0
text_block_score = 0
text_block_penalty = 0
template_family_id = cls:XXXAXXD|layout:scattered|fptr:0|tptr:0|align:1|preg:1|dom:1|fns:0|tns:0|scalar:0|text:0|blob:0|mirror:0
clone_family_id = layout:scattered|fptr:0|tptr:0|align:1|preg:1|dom:1|fns:0|tns:0|scalar:0|text:0|blob:0|mirror:0
template_family_size = 14
clone_penalty = 12
mirrored_penalty = 0
pointer_reward = 0
strong_structure_bonus = 0
sparse_anchor_tail_penalty = 0
anchored_fragmented_split_penalty = 0
one_sided_anchorless_split_penalty = 0
anchorless_partial_split_penalty = 0
isolated_split_penalty = 0
pointer_alignment_count = 1
pointer_region_count = 1
pointer_fields = f58
pointer_cluster_count = 1
front_cluster_count = 0
tail_cluster_count = 1
front_non_singleton_cluster_count = 0
tail_non_singleton_cluster_count = 0
dominant_cluster_size = 1
cluster_layout = scattered
has_valid_anchor = true
dominant_cluster_covers_majority = false
isolated_split_like = false
tie_break_vector = final=26|family=14|pointer=0|isolated=0|blob=0|scalar=0|text=0|clone=12|mirror=0|neg=0|addr=0x2E400C67148
rank_reason = scattered singleton penalty fired on pointer-poor scattered layout with no non-singleton support; family size 14 raised clone penalty on scattered pointer-poor family
positive = target value matches, f08 nonzero, f08 not float-like, f18 nonzero, f18 not float-like, f20 nonzero, f20 not float-like, f68 nonzero, f68 not float-like, f70 nonzero, f70 not float-like, f78 nonzero, f78 not float-like, f58 nonzero, f58 not float-like, front metadata present, tail reference block present
negative = none

--- Candidate #70 ---
value_addr = 0x2E400C67268
base_addr  = 0x2E400C67240
f08 = 0x43C7FFFF
f18 = 0x4261E821
f20 = 0xC261E821
f28 = 0x42C80000 (100.0)
f58 = 0x00C67210
f68 = 0xFFFFFFA6
f70 = 0x3BCCCCCD
f78 = 0x43200000
rank_position = 70
base_score = 40
prescore_score = 40
final_score = 26
total adjustment = -14
score = 26
hard_pass = true
flags = target_match, strong_front_block, strong_tail_block, object_like, scattered_singleton_like, template_clone_family
score_breakdown = +10 target_match; +2 f08_nonzero; +2 f08_not_floatlike; +2 f18_nonzero; +2 f18_not_floatlike; +2 f20_nonzero; +2 f20_not_floatlike; +2 f68_nonzero; +2 f68_not_floatlike; +2 f70_nonzero; +2 f70_not_floatlike; +2 f78_nonzero; +2 f78_not_floatlike; +3 f58_nonzero; +2 f58_not_floatlike; +1 legacy_pointer_balanced_compat; -2 scattered_singleton_penalty; -12 clone_penalty
code_blob_score = 0
code_blob_penalty = 0
scalar_block_score = 5
scalar_block_penalty = 0
text_block_score = 0
text_block_penalty = 0
template_family_id = cls:XXXAXXD|layout:scattered|fptr:0|tptr:0|align:1|preg:1|dom:1|fns:0|tns:0|scalar:0|text:0|blob:0|mirror:0
clone_family_id = layout:scattered|fptr:0|tptr:0|align:1|preg:1|dom:1|fns:0|tns:0|scalar:0|text:0|blob:0|mirror:0
template_family_size = 14
clone_penalty = 12
mirrored_penalty = 0
pointer_reward = 0
strong_structure_bonus = 0
sparse_anchor_tail_penalty = 0
anchored_fragmented_split_penalty = 0
one_sided_anchorless_split_penalty = 0
anchorless_partial_split_penalty = 0
isolated_split_penalty = 0
pointer_alignment_count = 1
pointer_region_count = 1
pointer_fields = f58
pointer_cluster_count = 1
front_cluster_count = 0
tail_cluster_count = 1
front_non_singleton_cluster_count = 0
tail_non_singleton_cluster_count = 0
dominant_cluster_size = 1
cluster_layout = scattered
has_valid_anchor = true
dominant_cluster_covers_majority = false
isolated_split_like = false
tie_break_vector = final=26|family=14|pointer=0|isolated=0|blob=0|scalar=0|text=0|clone=12|mirror=0|neg=0|addr=0x2E400C67268
rank_reason = scattered singleton penalty fired on pointer-poor scattered layout with no non-singleton support; family size 14 raised clone penalty on scattered pointer-poor family
positive = target value matches, f08 nonzero, f08 not float-like, f18 nonzero, f18 not float-like, f20 nonzero, f20 not float-like, f68 nonzero, f68 not float-like, f70 nonzero, f70 not float-like, f78 nonzero, f78 not float-like, f58 nonzero, f58 not float-like, front metadata present, tail reference block present
negative = none

--- Candidate #71 ---
value_addr = 0x2E40257F66C
base_addr  = 0x2E40257F644
f08 = 0x00000004
f18 = 0x0257F5F0
f20 = 0xC2480000
f28 = 0x42C80000 (100.0)
f58 = 0x6A600000
f68 = 0x00000025
f70 = 0x00000048
f78 = 0x20676E69
rank_position = 71
base_score = 40
prescore_score = 40
final_score = 26
total adjustment = -14
score = 26
hard_pass = true
flags = target_match, strong_front_block, strong_tail_block, object_like, scattered_singleton_like, template_clone_family
score_breakdown = +10 target_match; +2 f08_nonzero; +2 f08_not_floatlike; +2 f18_nonzero; +2 f18_not_floatlike; +2 f20_nonzero; +2 f20_not_floatlike; +2 f68_nonzero; +2 f68_not_floatlike; +2 f70_nonzero; +2 f70_not_floatlike; +2 f78_nonzero; +2 f78_not_floatlike; +3 f58_nonzero; +2 f58_not_floatlike; +1 legacy_pointer_balanced_compat; -2 scattered_singleton_penalty; -12 clone_penalty
code_blob_score = 0
code_blob_penalty = 0
scalar_block_score = 5
scalar_block_penalty = 0
text_block_score = 0
text_block_penalty = 0
template_family_id = cls:SDDASSX|layout:scattered|fptr:0|tptr:0|align:1|preg:1|dom:1|fns:0|tns:0|scalar:0|text:0|blob:0|mirror:0
clone_family_id = layout:scattered|fptr:0|tptr:0|align:1|preg:1|dom:1|fns:0|tns:0|scalar:0|text:0|blob:0|mirror:0
template_family_size = 14
clone_penalty = 12
mirrored_penalty = 0
pointer_reward = 0
strong_structure_bonus = 0
sparse_anchor_tail_penalty = 0
anchored_fragmented_split_penalty = 0
one_sided_anchorless_split_penalty = 0
anchorless_partial_split_penalty = 0
isolated_split_penalty = 0
pointer_alignment_count = 1
pointer_region_count = 1
pointer_fields = f58
pointer_cluster_count = 2
front_cluster_count = 2
tail_cluster_count = 0
front_non_singleton_cluster_count = 0
tail_non_singleton_cluster_count = 0
dominant_cluster_size = 1
cluster_layout = scattered
has_valid_anchor = true
dominant_cluster_covers_majority = false
isolated_split_like = false
tie_break_vector = final=26|family=14|pointer=0|isolated=0|blob=0|scalar=0|text=0|clone=12|mirror=0|neg=0|addr=0x2E40257F66C
rank_reason = scattered singleton penalty fired on pointer-poor scattered layout with no non-singleton support; family size 14 raised clone penalty on scattered pointer-poor family
positive = target value matches, f08 nonzero, f08 not float-like, f18 nonzero, f18 not float-like, f20 nonzero, f20 not float-like, f68 nonzero, f68 not float-like, f70 nonzero, f70 not float-like, f78 nonzero, f78 not float-like, f58 nonzero, f58 not float-like, front metadata present, tail reference block present
negative = none

--- Candidate #72 ---
value_addr = 0x2E40257FE6C
base_addr  = 0x2E40257FE44
f08 = 0x00000004
f18 = 0x0257FDF0
f20 = 0xC2480000
f28 = 0x42C80000 (100.0)
f58 = 0x55000000
f68 = 0x000000F2
f70 = 0xABABABAB
f78 = 0x000001B1
rank_position = 72
base_score = 40
prescore_score = 40
final_score = 26
total adjustment = -14
score = 26
hard_pass = true
flags = target_match, strong_front_block, strong_tail_block, object_like, scattered_singleton_like, template_clone_family
score_breakdown = +10 target_match; +2 f08_nonzero; +2 f08_not_floatlike; +2 f18_nonzero; +2 f18_not_floatlike; +2 f20_nonzero; +2 f20_not_floatlike; +2 f68_nonzero; +2 f68_not_floatlike; +2 f70_nonzero; +2 f70_not_floatlike; +2 f78_nonzero; +2 f78_not_floatlike; +3 f58_nonzero; +2 f58_not_floatlike; +1 legacy_pointer_balanced_compat; -2 scattered_singleton_penalty; -12 clone_penalty
code_blob_score = 0
code_blob_penalty = 0
scalar_block_score = 5
scalar_block_penalty = 0
text_block_score = 0
text_block_penalty = 0
template_family_id = cls:SDDASXS|layout:scattered|fptr:0|tptr:0|align:1|preg:1|dom:1|fns:0|tns:0|scalar:0|text:0|blob:0|mirror:0
clone_family_id = layout:scattered|fptr:0|tptr:0|align:1|preg:1|dom:1|fns:0|tns:0|scalar:0|text:0|blob:0|mirror:0
template_family_size = 14
clone_penalty = 12
mirrored_penalty = 0
pointer_reward = 0
strong_structure_bonus = 0
sparse_anchor_tail_penalty = 0
anchored_fragmented_split_penalty = 0
one_sided_anchorless_split_penalty = 0
anchorless_partial_split_penalty = 0
isolated_split_penalty = 0
pointer_alignment_count = 1
pointer_region_count = 1
pointer_fields = f58
pointer_cluster_count = 2
front_cluster_count = 2
tail_cluster_count = 0
front_non_singleton_cluster_count = 0
tail_non_singleton_cluster_count = 0
dominant_cluster_size = 1
cluster_layout = scattered
has_valid_anchor = true
dominant_cluster_covers_majority = false
isolated_split_like = false
tie_break_vector = final=26|family=14|pointer=0|isolated=0|blob=0|scalar=0|text=0|clone=12|mirror=0|neg=0|addr=0x2E40257FE6C
rank_reason = scattered singleton penalty fired on pointer-poor scattered layout with no non-singleton support; family size 14 raised clone penalty on scattered pointer-poor family
positive = target value matches, f08 nonzero, f08 not float-like, f18 nonzero, f18 not float-like, f20 nonzero, f20 not float-like, f68 nonzero, f68 not float-like, f70 nonzero, f70 not float-like, f78 nonzero, f78 not float-like, f58 nonzero, f58 not float-like, front metadata present, tail reference block present
negative = none

--- Candidate #73 ---
value_addr = 0x2E4025827BC
base_addr  = 0x2E402582794
f08 = 0x00000002
f18 = 0x02582740
f20 = 0xC2C80000
f28 = 0x42C80000 (100.0)
f58 = 0x68680000
f68 = 0x000000F2
f70 = 0xABABABAB
f78 = 0x000001B1
rank_position = 73
base_score = 40
prescore_score = 40
final_score = 26
total adjustment = -14
score = 26
hard_pass = true
flags = target_match, strong_front_block, strong_tail_block, object_like, scattered_singleton_like, template_clone_family
score_breakdown = +10 target_match; +2 f08_nonzero; +2 f08_not_floatlike; +2 f18_nonzero; +2 f18_not_floatlike; +2 f20_nonzero; +2 f20_not_floatlike; +2 f68_nonzero; +2 f68_not_floatlike; +2 f70_nonzero; +2 f70_not_floatlike; +2 f78_nonzero; +2 f78_not_floatlike; +3 f58_nonzero; +2 f58_not_floatlike; +1 legacy_pointer_balanced_compat; -2 scattered_singleton_penalty; -12 clone_penalty
code_blob_score = 0
code_blob_penalty = 0
scalar_block_score = 5
scalar_block_penalty = 0
text_block_score = 0
text_block_penalty = 0
template_family_id = cls:SDDASXS|layout:scattered|fptr:0|tptr:0|align:1|preg:1|dom:1|fns:0|tns:0|scalar:0|text:0|blob:0|mirror:0
clone_family_id = layout:scattered|fptr:0|tptr:0|align:1|preg:1|dom:1|fns:0|tns:0|scalar:0|text:0|blob:0|mirror:0
template_family_size = 14
clone_penalty = 12
mirrored_penalty = 0
pointer_reward = 0
strong_structure_bonus = 0
sparse_anchor_tail_penalty = 0
anchored_fragmented_split_penalty = 0
one_sided_anchorless_split_penalty = 0
anchorless_partial_split_penalty = 0
isolated_split_penalty = 0
pointer_alignment_count = 1
pointer_region_count = 1
pointer_fields = f58
pointer_cluster_count = 2
front_cluster_count = 2
tail_cluster_count = 0
front_non_singleton_cluster_count = 0
tail_non_singleton_cluster_count = 0
dominant_cluster_size = 1
cluster_layout = scattered
has_valid_anchor = true
dominant_cluster_covers_majority = false
isolated_split_like = false
tie_break_vector = final=26|family=14|pointer=0|isolated=0|blob=0|scalar=0|text=0|clone=12|mirror=0|neg=0|addr=0x2E4025827BC
rank_reason = scattered singleton penalty fired on pointer-poor scattered layout with no non-singleton support; family size 14 raised clone penalty on scattered pointer-poor family
positive = target value matches, f08 nonzero, f08 not float-like, f18 nonzero, f18 not float-like, f20 nonzero, f20 not float-like, f68 nonzero, f68 not float-like, f70 nonzero, f70 not float-like, f78 nonzero, f78 not float-like, f58 nonzero, f58 not float-like, front metadata present, tail reference block present
negative = none

--- Candidate #74 ---
value_addr = 0x2E4026D42DC
base_addr  = 0x2E4026D42B4
f08 = 0x00000004
f18 = 0x026D4260
f20 = 0xC2480000
f28 = 0x42C80000 (100.0)
f58 = 0xE8970000
f68 = 0x00000032
f70 = 0xABABABAB
f78 = 0x00000025
rank_position = 74
base_score = 40
prescore_score = 40
final_score = 26
total adjustment = -14
score = 26
hard_pass = true
flags = target_match, strong_front_block, strong_tail_block, object_like, scattered_singleton_like, template_clone_family
score_breakdown = +10 target_match; +2 f08_nonzero; +2 f08_not_floatlike; +2 f18_nonzero; +2 f18_not_floatlike; +2 f20_nonzero; +2 f20_not_floatlike; +2 f68_nonzero; +2 f68_not_floatlike; +2 f70_nonzero; +2 f70_not_floatlike; +2 f78_nonzero; +2 f78_not_floatlike; +3 f58_nonzero; +2 f58_not_floatlike; +1 legacy_pointer_balanced_compat; -2 scattered_singleton_penalty; -12 clone_penalty
code_blob_score = 0
code_blob_penalty = 0
scalar_block_score = 5
scalar_block_penalty = 0
text_block_score = 0
text_block_penalty = 0
template_family_id = cls:SDDASXS|layout:scattered|fptr:0|tptr:0|align:1|preg:1|dom:1|fns:0|tns:0|scalar:0|text:0|blob:0|mirror:0
clone_family_id = layout:scattered|fptr:0|tptr:0|align:1|preg:1|dom:1|fns:0|tns:0|scalar:0|text:0|blob:0|mirror:0
template_family_size = 14
clone_penalty = 12
mirrored_penalty = 0
pointer_reward = 0
strong_structure_bonus = 0
sparse_anchor_tail_penalty = 0
anchored_fragmented_split_penalty = 0
one_sided_anchorless_split_penalty = 0
anchorless_partial_split_penalty = 0
isolated_split_penalty = 0
pointer_alignment_count = 1
pointer_region_count = 1
pointer_fields = f58
pointer_cluster_count = 2
front_cluster_count = 2
tail_cluster_count = 0
front_non_singleton_cluster_count = 0
tail_non_singleton_cluster_count = 0
dominant_cluster_size = 1
cluster_layout = scattered
has_valid_anchor = true
dominant_cluster_covers_majority = false
isolated_split_like = false
tie_break_vector = final=26|family=14|pointer=0|isolated=0|blob=0|scalar=0|text=0|clone=12|mirror=0|neg=0|addr=0x2E4026D42DC
rank_reason = scattered singleton penalty fired on pointer-poor scattered layout with no non-singleton support; family size 14 raised clone penalty on scattered pointer-poor family
positive = target value matches, f08 nonzero, f08 not float-like, f18 nonzero, f18 not float-like, f20 nonzero, f20 not float-like, f68 nonzero, f68 not float-like, f70 nonzero, f70 not float-like, f78 nonzero, f78 not float-like, f58 nonzero, f58 not float-like, front metadata present, tail reference block present
negative = none

--- Candidate #75 ---
value_addr = 0x2E402D5729C
base_addr  = 0x2E402D57274
f08 = 0x00000002
f18 = 0x02D57220
f20 = 0xC2C80000
f28 = 0x42C80000 (100.0)
f58 = 0x02A20000
f68 = 0x000000F2
f70 = 0xABABABAB
f78 = 0x000001B1
rank_position = 75
base_score = 40
prescore_score = 40
final_score = 26
total adjustment = -14
score = 26
hard_pass = true
flags = target_match, strong_front_block, strong_tail_block, object_like, scattered_singleton_like, template_clone_family
score_breakdown = +10 target_match; +2 f08_nonzero; +2 f08_not_floatlike; +2 f18_nonzero; +2 f18_not_floatlike; +2 f20_nonzero; +2 f20_not_floatlike; +2 f68_nonzero; +2 f68_not_floatlike; +2 f70_nonzero; +2 f70_not_floatlike; +2 f78_nonzero; +2 f78_not_floatlike; +3 f58_nonzero; +2 f58_not_floatlike; +1 legacy_pointer_balanced_compat; -2 scattered_singleton_penalty; -12 clone_penalty
code_blob_score = 0
code_blob_penalty = 0
scalar_block_score = 5
scalar_block_penalty = 0
text_block_score = 0
text_block_penalty = 0
template_family_id = cls:SDDASXS|layout:scattered|fptr:0|tptr:0|align:1|preg:1|dom:1|fns:0|tns:0|scalar:0|text:0|blob:0|mirror:0
clone_family_id = layout:scattered|fptr:0|tptr:0|align:1|preg:1|dom:1|fns:0|tns:0|scalar:0|text:0|blob:0|mirror:0
template_family_size = 14
clone_penalty = 12
mirrored_penalty = 0
pointer_reward = 0
strong_structure_bonus = 0
sparse_anchor_tail_penalty = 0
anchored_fragmented_split_penalty = 0
one_sided_anchorless_split_penalty = 0
anchorless_partial_split_penalty = 0
isolated_split_penalty = 0
pointer_alignment_count = 1
pointer_region_count = 1
pointer_fields = f58
pointer_cluster_count = 2
front_cluster_count = 2
tail_cluster_count = 0
front_non_singleton_cluster_count = 0
tail_non_singleton_cluster_count = 0
dominant_cluster_size = 1
cluster_layout = scattered
has_valid_anchor = true
dominant_cluster_covers_majority = false
isolated_split_like = false
tie_break_vector = final=26|family=14|pointer=0|isolated=0|blob=0|scalar=0|text=0|clone=12|mirror=0|neg=0|addr=0x2E402D5729C
rank_reason = scattered singleton penalty fired on pointer-poor scattered layout with no non-singleton support; family size 14 raised clone penalty on scattered pointer-poor family
positive = target value matches, f08 nonzero, f08 not float-like, f18 nonzero, f18 not float-like, f20 nonzero, f20 not float-like, f68 nonzero, f68 not float-like, f70 nonzero, f70 not float-like, f78 nonzero, f78 not float-like, f58 nonzero, f58 not float-like, front metadata present, tail reference block present
negative = none

--- Candidate #76 ---
value_addr = 0x2E402D64C0C
base_addr  = 0x2E402D64BE4
f08 = 0x00000002
f18 = 0x02D64B90
f20 = 0xC2480000
f28 = 0x42C80000 (100.0)
f58 = 0x78F80000
f68 = 0x000000F2
f70 = 0xABABABAB
f78 = 0x000001B1
rank_position = 76
base_score = 40
prescore_score = 40
final_score = 26
total adjustment = -14
score = 26
hard_pass = true
flags = target_match, strong_front_block, strong_tail_block, object_like, scattered_singleton_like, template_clone_family
score_breakdown = +10 target_match; +2 f08_nonzero; +2 f08_not_floatlike; +2 f18_nonzero; +2 f18_not_floatlike; +2 f20_nonzero; +2 f20_not_floatlike; +2 f68_nonzero; +2 f68_not_floatlike; +2 f70_nonzero; +2 f70_not_floatlike; +2 f78_nonzero; +2 f78_not_floatlike; +3 f58_nonzero; +2 f58_not_floatlike; +1 legacy_pointer_balanced_compat; -2 scattered_singleton_penalty; -12 clone_penalty
code_blob_score = 0
code_blob_penalty = 0
scalar_block_score = 5
scalar_block_penalty = 0
text_block_score = 0
text_block_penalty = 0
template_family_id = cls:SDDASXS|layout:scattered|fptr:0|tptr:0|align:1|preg:1|dom:1|fns:0|tns:0|scalar:0|text:0|blob:0|mirror:0
clone_family_id = layout:scattered|fptr:0|tptr:0|align:1|preg:1|dom:1|fns:0|tns:0|scalar:0|text:0|blob:0|mirror:0
template_family_size = 14
clone_penalty = 12
mirrored_penalty = 0
pointer_reward = 0
strong_structure_bonus = 0
sparse_anchor_tail_penalty = 0
anchored_fragmented_split_penalty = 0
one_sided_anchorless_split_penalty = 0
anchorless_partial_split_penalty = 0
isolated_split_penalty = 0
pointer_alignment_count = 1
pointer_region_count = 1
pointer_fields = f58
pointer_cluster_count = 2
front_cluster_count = 2
tail_cluster_count = 0
front_non_singleton_cluster_count = 0
tail_non_singleton_cluster_count = 0
dominant_cluster_size = 1
cluster_layout = scattered
has_valid_anchor = true
dominant_cluster_covers_majority = false
isolated_split_like = false
tie_break_vector = final=26|family=14|pointer=0|isolated=0|blob=0|scalar=0|text=0|clone=12|mirror=0|neg=0|addr=0x2E402D64C0C
rank_reason = scattered singleton penalty fired on pointer-poor scattered layout with no non-singleton support; family size 14 raised clone penalty on scattered pointer-poor family
positive = target value matches, f08 nonzero, f08 not float-like, f18 nonzero, f18 not float-like, f20 nonzero, f20 not float-like, f68 nonzero, f68 not float-like, f70 nonzero, f70 not float-like, f78 nonzero, f78 not float-like, f58 nonzero, f58 not float-like, front metadata present, tail reference block present
negative = none

--- Candidate #77 ---
value_addr = 0x2E40387645C
base_addr  = 0x2E403876434
f08 = 0x00000004
f18 = 0x038763E0
f20 = 0xC2480000
f28 = 0x42C80000 (100.0)
f58 = 0xAAAA0000
f68 = 0x000000F2
f70 = 0xABABABAB
f78 = 0x000001B1
rank_position = 77
base_score = 40
prescore_score = 40
final_score = 26
total adjustment = -14
score = 26
hard_pass = true
flags = target_match, strong_front_block, strong_tail_block, object_like, scattered_singleton_like, template_clone_family
score_breakdown = +10 target_match; +2 f08_nonzero; +2 f08_not_floatlike; +2 f18_nonzero; +2 f18_not_floatlike; +2 f20_nonzero; +2 f20_not_floatlike; +2 f68_nonzero; +2 f68_not_floatlike; +2 f70_nonzero; +2 f70_not_floatlike; +2 f78_nonzero; +2 f78_not_floatlike; +3 f58_nonzero; +2 f58_not_floatlike; +1 legacy_pointer_balanced_compat; -2 scattered_singleton_penalty; -12 clone_penalty
code_blob_score = 0
code_blob_penalty = 0
scalar_block_score = 5
scalar_block_penalty = 0
text_block_score = 0
text_block_penalty = 0
template_family_id = cls:SDDASXS|layout:scattered|fptr:0|tptr:0|align:1|preg:1|dom:1|fns:0|tns:0|scalar:0|text:0|blob:0|mirror:0
clone_family_id = layout:scattered|fptr:0|tptr:0|align:1|preg:1|dom:1|fns:0|tns:0|scalar:0|text:0|blob:0|mirror:0
template_family_size = 14
clone_penalty = 12
mirrored_penalty = 0
pointer_reward = 0
strong_structure_bonus = 0
sparse_anchor_tail_penalty = 0
anchored_fragmented_split_penalty = 0
one_sided_anchorless_split_penalty = 0
anchorless_partial_split_penalty = 0
isolated_split_penalty = 0
pointer_alignment_count = 1
pointer_region_count = 1
pointer_fields = f58
pointer_cluster_count = 2
front_cluster_count = 2
tail_cluster_count = 0
front_non_singleton_cluster_count = 0
tail_non_singleton_cluster_count = 0
dominant_cluster_size = 1
cluster_layout = scattered
has_valid_anchor = true
dominant_cluster_covers_majority = false
isolated_split_like = false
tie_break_vector = final=26|family=14|pointer=0|isolated=0|blob=0|scalar=0|text=0|clone=12|mirror=0|neg=0|addr=0x2E40387645C
rank_reason = scattered singleton penalty fired on pointer-poor scattered layout with no non-singleton support; family size 14 raised clone penalty on scattered pointer-poor family
positive = target value matches, f08 nonzero, f08 not float-like, f18 nonzero, f18 not float-like, f20 nonzero, f20 not float-like, f68 nonzero, f68 not float-like, f70 nonzero, f70 not float-like, f78 nonzero, f78 not float-like, f58 nonzero, f58 not float-like, front metadata present, tail reference block present
negative = none

--- Candidate #78 ---
value_addr = 0x2E4042B698C
base_addr  = 0x2E4042B6964
f08 = 0x00000002
f18 = 0x042B6910
f20 = 0xC2480000
f28 = 0x42C80000 (100.0)
f58 = 0x20700000
f68 = 0x000000F2
f70 = 0xABABABAB
f78 = 0x000001B1
rank_position = 78
base_score = 40
prescore_score = 40
final_score = 26
total adjustment = -14
score = 26
hard_pass = true
flags = target_match, strong_front_block, strong_tail_block, object_like, scattered_singleton_like, template_clone_family
score_breakdown = +10 target_match; +2 f08_nonzero; +2 f08_not_floatlike; +2 f18_nonzero; +2 f18_not_floatlike; +2 f20_nonzero; +2 f20_not_floatlike; +2 f68_nonzero; +2 f68_not_floatlike; +2 f70_nonzero; +2 f70_not_floatlike; +2 f78_nonzero; +2 f78_not_floatlike; +3 f58_nonzero; +2 f58_not_floatlike; +1 legacy_pointer_balanced_compat; -2 scattered_singleton_penalty; -12 clone_penalty
code_blob_score = 0
code_blob_penalty = 0
scalar_block_score = 5
scalar_block_penalty = 0
text_block_score = 0
text_block_penalty = 0
template_family_id = cls:SDDASXS|layout:scattered|fptr:0|tptr:0|align:1|preg:1|dom:1|fns:0|tns:0|scalar:0|text:0|blob:0|mirror:0
clone_family_id = layout:scattered|fptr:0|tptr:0|align:1|preg:1|dom:1|fns:0|tns:0|scalar:0|text:0|blob:0|mirror:0
template_family_size = 14
clone_penalty = 12
mirrored_penalty = 0
pointer_reward = 0
strong_structure_bonus = 0
sparse_anchor_tail_penalty = 0
anchored_fragmented_split_penalty = 0
one_sided_anchorless_split_penalty = 0
anchorless_partial_split_penalty = 0
isolated_split_penalty = 0
pointer_alignment_count = 1
pointer_region_count = 1
pointer_fields = f58
pointer_cluster_count = 2
front_cluster_count = 2
tail_cluster_count = 0
front_non_singleton_cluster_count = 0
tail_non_singleton_cluster_count = 0
dominant_cluster_size = 1
cluster_layout = scattered
has_valid_anchor = true
dominant_cluster_covers_majority = false
isolated_split_like = false
tie_break_vector = final=26|family=14|pointer=0|isolated=0|blob=0|scalar=0|text=0|clone=12|mirror=0|neg=0|addr=0x2E4042B698C
rank_reason = scattered singleton penalty fired on pointer-poor scattered layout with no non-singleton support; family size 14 raised clone penalty on scattered pointer-poor family
positive = target value matches, f08 nonzero, f08 not float-like, f18 nonzero, f18 not float-like, f20 nonzero, f20 not float-like, f68 nonzero, f68 not float-like, f70 nonzero, f70 not float-like, f78 nonzero, f78 not float-like, f58 nonzero, f58 not float-like, front metadata present, tail reference block present
negative = none

--- Candidate #79 ---
value_addr = 0x2E4042C109C
base_addr  = 0x2E4042C1074
f08 = 0x00000002
f18 = 0x042C1020
f20 = 0x063E24C0
f28 = 0x42C80000 (100.0)
f58 = 0x305B0000
f68 = 0x000000F2
f70 = 0xABABABAB
f78 = 0x000001B1
rank_position = 79
base_score = 40
prescore_score = 40
final_score = 26
total adjustment = -14
score = 26
hard_pass = true
flags = target_match, strong_front_block, strong_tail_block, object_like, scattered_singleton_like, template_clone_family
score_breakdown = +10 target_match; +2 f08_nonzero; +2 f08_not_floatlike; +2 f18_nonzero; +2 f18_not_floatlike; +2 f20_nonzero; +2 f20_not_floatlike; +2 f68_nonzero; +2 f68_not_floatlike; +2 f70_nonzero; +2 f70_not_floatlike; +2 f78_nonzero; +2 f78_not_floatlike; +3 f58_nonzero; +2 f58_not_floatlike; +1 legacy_pointer_balanced_compat; -2 scattered_singleton_penalty; -12 clone_penalty
code_blob_score = 0
code_blob_penalty = 0
scalar_block_score = 3
scalar_block_penalty = 0
text_block_score = 0
text_block_penalty = 0
template_family_id = cls:SDDASXS|layout:scattered|fptr:0|tptr:0|align:1|preg:1|dom:1|fns:0|tns:0|scalar:0|text:0|blob:0|mirror:0
clone_family_id = layout:scattered|fptr:0|tptr:0|align:1|preg:1|dom:1|fns:0|tns:0|scalar:0|text:0|blob:0|mirror:0
template_family_size = 14
clone_penalty = 12
mirrored_penalty = 0
pointer_reward = 0
strong_structure_bonus = 0
sparse_anchor_tail_penalty = 0
anchored_fragmented_split_penalty = 0
one_sided_anchorless_split_penalty = 0
anchorless_partial_split_penalty = 0
isolated_split_penalty = 0
pointer_alignment_count = 1
pointer_region_count = 1
pointer_fields = f58
pointer_cluster_count = 2
front_cluster_count = 2
tail_cluster_count = 0
front_non_singleton_cluster_count = 0
tail_non_singleton_cluster_count = 0
dominant_cluster_size = 1
cluster_layout = scattered
has_valid_anchor = true
dominant_cluster_covers_majority = false
isolated_split_like = false
tie_break_vector = final=26|family=14|pointer=0|isolated=0|blob=0|scalar=0|text=0|clone=12|mirror=0|neg=0|addr=0x2E4042C109C
rank_reason = scattered singleton penalty fired on pointer-poor scattered layout with no non-singleton support; family size 14 raised clone penalty on scattered pointer-poor family
positive = target value matches, f08 nonzero, f08 not float-like, f18 nonzero, f18 not float-like, f20 nonzero, f20 not float-like, f68 nonzero, f68 not float-like, f70 nonzero, f70 not float-like, f78 nonzero, f78 not float-like, f58 nonzero, f58 not float-like, front metadata present, tail reference block present
negative = none

--- Candidate #80 ---
value_addr = 0x16CC0334EA24
base_addr  = 0x16CC0334E9FC
f08 = 0x090B3402
f18 = 0x07237F01
f20 = 0x246A2041
f28 = 0x42C80000 (100.0)
f58 = 0x20012004
f68 = 0x01200222
f70 = 0x00200002
f78 = 0x18023700
rank_position = 80
base_score = 40
prescore_score = 40
final_score = 26
total adjustment = -14
score = 26
hard_pass = true
flags = target_match, strong_front_block, strong_tail_block, object_like, scattered_singleton_like, template_clone_family
score_breakdown = +10 target_match; +2 f08_nonzero; +2 f08_not_floatlike; +2 f18_nonzero; +2 f18_not_floatlike; +2 f20_nonzero; +2 f20_not_floatlike; +2 f68_nonzero; +2 f68_not_floatlike; +2 f70_nonzero; +2 f70_not_floatlike; +2 f78_nonzero; +2 f78_not_floatlike; +3 f58_nonzero; +2 f58_not_floatlike; +1 legacy_pointer_balanced_compat; -2 scattered_singleton_penalty; -12 clone_penalty
code_blob_score = 0
code_blob_penalty = 0
scalar_block_score = 3
scalar_block_penalty = 0
text_block_score = 0
text_block_penalty = 0
template_family_id = cls:XXXAXXD|layout:scattered|fptr:0|tptr:0|align:1|preg:1|dom:1|fns:0|tns:0|scalar:0|text:0|blob:0|mirror:0
clone_family_id = layout:scattered|fptr:0|tptr:0|align:1|preg:1|dom:1|fns:0|tns:0|scalar:0|text:0|blob:0|mirror:0
template_family_size = 14
clone_penalty = 12
mirrored_penalty = 0
pointer_reward = 0
strong_structure_bonus = 0
sparse_anchor_tail_penalty = 0
anchored_fragmented_split_penalty = 0
one_sided_anchorless_split_penalty = 0
anchorless_partial_split_penalty = 0
isolated_split_penalty = 0
pointer_alignment_count = 1
pointer_region_count = 1
pointer_fields = f58
pointer_cluster_count = 1
front_cluster_count = 0
tail_cluster_count = 1
front_non_singleton_cluster_count = 0
tail_non_singleton_cluster_count = 0
dominant_cluster_size = 1
cluster_layout = scattered
has_valid_anchor = true
dominant_cluster_covers_majority = false
isolated_split_like = false
tie_break_vector = final=26|family=14|pointer=0|isolated=0|blob=0|scalar=0|text=0|clone=12|mirror=0|neg=0|addr=0x16CC0334EA24
rank_reason = scattered singleton penalty fired on pointer-poor scattered layout with no non-singleton support; family size 14 raised clone penalty on scattered pointer-poor family
positive = target value matches, f08 nonzero, f08 not float-like, f18 nonzero, f18 not float-like, f20 nonzero, f20 not float-like, f68 nonzero, f68 not float-like, f70 nonzero, f70 not float-like, f78 nonzero, f78 not float-like, f58 nonzero, f58 not float-like, front metadata present, tail reference block present
negative = none

--- Candidate #81 ---
value_addr = 0x2E406D698E0
base_addr  = 0x2E406D698B8
f08 = 0xBDA9CAAD
f18 = 0x3DA9C9D0
f20 = 0x3F66FAFF
f28 = 0x42C80000 (100.0)
f58 = 0xBF482C5E
f68 = 0xBF622ED7
f70 = 0xBCA1DC58
f78 = 0xBE5C3097
rank_position = 81
base_score = 40
prescore_score = 40
final_score = 26
total adjustment = -14
score = 26
hard_pass = true
flags = target_match, strong_front_block, strong_tail_block, object_like, anchorless_partial_split_like, isolated_split_like, template_clone_family
score_breakdown = +10 target_match; +2 f08_nonzero; +2 f08_not_floatlike; +2 f18_nonzero; +2 f18_not_floatlike; +2 f20_nonzero; +2 f20_not_floatlike; +2 f68_nonzero; +2 f68_not_floatlike; +2 f70_nonzero; +2 f70_not_floatlike; +2 f78_nonzero; +2 f78_not_floatlike; +3 f58_nonzero; +2 f58_not_floatlike; +1 legacy_pointer_balanced_compat; -2 anchorless_partial_split_penalty; -2 isolated_split_penalty(no_anchor_no_non_singleton_split_support); -10 clone_penalty
code_blob_score = 0
code_blob_penalty = 0
scalar_block_score = 4
scalar_block_penalty = 0
text_block_score = 0
text_block_penalty = 0
template_family_id = cls:XPXXXPX|layout:front_tail_split|fptr:1|tptr:1|align:2|preg:2|dom:1|fns:0|tns:0|scalar:0|text:0|blob:0|mirror:0
clone_family_id = layout:front_tail_split|fptr:1|tptr:1|align:2|preg:2|dom:1|fns:0|tns:0|scalar:0|text:0|blob:0|mirror:0
template_family_size = 20
clone_penalty = 10
mirrored_penalty = 0
pointer_reward = 0
strong_structure_bonus = 0
sparse_anchor_tail_penalty = 0
anchored_fragmented_split_penalty = 0
one_sided_anchorless_split_penalty = 0
anchorless_partial_split_penalty = 2
isolated_split_penalty = 2
pointer_alignment_count = 2
pointer_region_count = 2
pointer_fields = f18, f70
pointer_cluster_count = 2
front_cluster_count = 1
tail_cluster_count = 1
front_non_singleton_cluster_count = 0
tail_non_singleton_cluster_count = 0
dominant_cluster_size = 1
cluster_layout = front_tail_split
has_valid_anchor = false
dominant_cluster_covers_majority = false
isolated_split_like = true
tie_break_vector = final=26|family=20|pointer=0|isolated=2|blob=0|scalar=0|text=0|clone=10|mirror=0|neg=0|addr=0x2E406D698E0
rank_reason = anchorless partial split penalty fired on one-sided split layout without valid anchor; isolated split penalty fired on fragmentary split layout with no valid anchor and no non-singleton split support; family size 20 raised clone penalty
positive = target value matches, f08 nonzero, f08 not float-like, f18 nonzero, f18 not float-like, f20 nonzero, f20 not float-like, f68 nonzero, f68 not float-like, f70 nonzero, f70 not float-like, f78 nonzero, f78 not float-like, f58 nonzero, f58 not float-like, front metadata present, tail reference block present
negative = none

--- Candidate #82 ---
value_addr = 0x2E00937B9FC
base_addr  = 0x2E00937B9D4
f08 = 0x80000043
f18 = 0xB441713F
f20 = 0x00430026
f28 = 0x42C80000 (100.0)
f58 = 0x02360002
f68 = 0x6A044100
f70 = 0x20400468
f78 = 0x07230121
rank_position = 82
base_score = 40
prescore_score = 40
final_score = 25
total adjustment = -15
score = 25
hard_pass = true
flags = target_match, strong_front_block, strong_tail_block, object_like, scattered_singleton_like, text_block_like, template_clone_family
score_breakdown = +10 target_match; +2 f08_nonzero; +2 f08_not_floatlike; +2 f18_nonzero; +2 f18_not_floatlike; +2 f20_nonzero; +2 f20_not_floatlike; +2 f68_nonzero; +2 f68_not_floatlike; +2 f70_nonzero; +2 f70_not_floatlike; +2 f78_nonzero; +2 f78_not_floatlike; +3 f58_nonzero; +2 f58_not_floatlike; +1 legacy_pointer_balanced_compat; -2 scattered_singleton_penalty; -6 text_block_penalty; -7 clone_penalty
code_blob_score = 0
code_blob_penalty = 0
scalar_block_score = 3
scalar_block_penalty = 0
text_block_score = 11
text_block_penalty = 6
template_family_id = cls:XXXXDDX|layout:scattered|fptr:0|tptr:0|align:0|preg:0|dom:1|fns:0|tns:0|scalar:0|text:medium|blob:0|mirror:0
clone_family_id = layout:scattered|fptr:0|tptr:0|align:0|preg:0|dom:1|fns:0|tns:0|scalar:0|text:medium|blob:0|mirror:0
template_family_size = 3
clone_penalty = 7
mirrored_penalty = 0
pointer_reward = 0
strong_structure_bonus = 0
sparse_anchor_tail_penalty = 0
anchored_fragmented_split_penalty = 0
one_sided_anchorless_split_penalty = 0
anchorless_partial_split_penalty = 0
isolated_split_penalty = 0
pointer_alignment_count = 0
pointer_region_count = 0
pointer_fields = none
pointer_cluster_count = 2
front_cluster_count = 0
tail_cluster_count = 2
front_non_singleton_cluster_count = 0
tail_non_singleton_cluster_count = 0
dominant_cluster_size = 1
cluster_layout = scattered
has_valid_anchor = false
dominant_cluster_covers_majority = false
isolated_split_like = false
tie_break_vector = final=25|family=3|pointer=0|isolated=0|blob=0|scalar=0|text=6|clone=7|mirror=0|neg=0|addr=0x2E00937B9FC
rank_reason = scattered singleton penalty fired on pointer-poor scattered layout with no non-singleton support; text penalty fired on little-endian ASCII/UTF16-like chunks; family size 3 raised clone penalty on scattered pointer-poor family
positive = target value matches, f08 nonzero, f08 not float-like, f18 nonzero, f18 not float-like, f20 nonzero, f20 not float-like, f68 nonzero, f68 not float-like, f70 nonzero, f70 not float-like, f78 nonzero, f78 not float-like, f58 nonzero, f58 not float-like, front metadata present, tail reference block present
negative = none

--- Candidate #83 ---
value_addr = 0x2E009E4D864
base_addr  = 0x2E009E4D83C
f08 = 0x00226A3C
f18 = 0x36080228
f20 = 0x226A0C41
f28 = 0x42C80000 (100.0)
f58 = 0x08022802
f68 = 0x2004DCBF
f70 = 0x02370002
f78 = 0x08022801
rank_position = 83
base_score = 40
prescore_score = 40
final_score = 25
total adjustment = -15
score = 25
hard_pass = true
flags = target_match, strong_front_block, strong_tail_block, object_like, scattered_singleton_like, text_block_like, template_clone_family
score_breakdown = +10 target_match; +2 f08_nonzero; +2 f08_not_floatlike; +2 f18_nonzero; +2 f18_not_floatlike; +2 f20_nonzero; +2 f20_not_floatlike; +2 f68_nonzero; +2 f68_not_floatlike; +2 f70_nonzero; +2 f70_not_floatlike; +2 f78_nonzero; +2 f78_not_floatlike; +3 f58_nonzero; +2 f58_not_floatlike; +1 legacy_pointer_balanced_compat; -2 scattered_singleton_penalty; -6 text_block_penalty; -7 clone_penalty
code_blob_score = 0
code_blob_penalty = 0
scalar_block_score = 5
scalar_block_penalty = 0
text_block_score = 11
text_block_penalty = 6
template_family_id = cls:DDXXXXX|layout:scattered|fptr:0|tptr:0|align:0|preg:0|dom:1|fns:0|tns:0|scalar:0|text:medium|blob:0|mirror:0
clone_family_id = layout:scattered|fptr:0|tptr:0|align:0|preg:0|dom:1|fns:0|tns:0|scalar:0|text:medium|blob:0|mirror:0
template_family_size = 3
clone_penalty = 7
mirrored_penalty = 0
pointer_reward = 0
strong_structure_bonus = 0
sparse_anchor_tail_penalty = 0
anchored_fragmented_split_penalty = 0
one_sided_anchorless_split_penalty = 0
anchorless_partial_split_penalty = 0
isolated_split_penalty = 0
pointer_alignment_count = 0
pointer_region_count = 0
pointer_fields = none
pointer_cluster_count = 2
front_cluster_count = 2
tail_cluster_count = 0
front_non_singleton_cluster_count = 0
tail_non_singleton_cluster_count = 0
dominant_cluster_size = 1
cluster_layout = scattered
has_valid_anchor = false
dominant_cluster_covers_majority = false
isolated_split_like = false
tie_break_vector = final=25|family=3|pointer=0|isolated=0|blob=0|scalar=0|text=6|clone=7|mirror=0|neg=0|addr=0x2E009E4D864
rank_reason = scattered singleton penalty fired on pointer-poor scattered layout with no non-singleton support; text penalty fired on little-endian ASCII/UTF16-like chunks; family size 3 raised clone penalty on scattered pointer-poor family
positive = target value matches, f08 nonzero, f08 not float-like, f18 nonzero, f18 not float-like, f20 nonzero, f20 not float-like, f68 nonzero, f68 not float-like, f70 nonzero, f70 not float-like, f78 nonzero, f78 not float-like, f58 nonzero, f58 not float-like, front metadata present, tail reference block present
negative = none

--- Candidate #84 ---
value_addr = 0x16CC0277B9FC
base_addr  = 0x16CC0277B9D4
f08 = 0x80000043
f18 = 0xB441713F
f20 = 0x00430026
f28 = 0x42C80000 (100.0)
f58 = 0x02360002
f68 = 0x6A044100
f70 = 0x20400468
f78 = 0x07230121
rank_position = 84
base_score = 40
prescore_score = 40
final_score = 25
total adjustment = -15
score = 25
hard_pass = true
flags = target_match, strong_front_block, strong_tail_block, object_like, scattered_singleton_like, text_block_like, template_clone_family
score_breakdown = +10 target_match; +2 f08_nonzero; +2 f08_not_floatlike; +2 f18_nonzero; +2 f18_not_floatlike; +2 f20_nonzero; +2 f20_not_floatlike; +2 f68_nonzero; +2 f68_not_floatlike; +2 f70_nonzero; +2 f70_not_floatlike; +2 f78_nonzero; +2 f78_not_floatlike; +3 f58_nonzero; +2 f58_not_floatlike; +1 legacy_pointer_balanced_compat; -2 scattered_singleton_penalty; -6 text_block_penalty; -7 clone_penalty
code_blob_score = 0
code_blob_penalty = 0
scalar_block_score = 3
scalar_block_penalty = 0
text_block_score = 11
text_block_penalty = 6
template_family_id = cls:XXXXDDX|layout:scattered|fptr:0|tptr:0|align:0|preg:0|dom:1|fns:0|tns:0|scalar:0|text:medium|blob:0|mirror:0
clone_family_id = layout:scattered|fptr:0|tptr:0|align:0|preg:0|dom:1|fns:0|tns:0|scalar:0|text:medium|blob:0|mirror:0
template_family_size = 3
clone_penalty = 7
mirrored_penalty = 0
pointer_reward = 0
strong_structure_bonus = 0
sparse_anchor_tail_penalty = 0
anchored_fragmented_split_penalty = 0
one_sided_anchorless_split_penalty = 0
anchorless_partial_split_penalty = 0
isolated_split_penalty = 0
pointer_alignment_count = 0
pointer_region_count = 0
pointer_fields = none
pointer_cluster_count = 2
front_cluster_count = 0
tail_cluster_count = 2
front_non_singleton_cluster_count = 0
tail_non_singleton_cluster_count = 0
dominant_cluster_size = 1
cluster_layout = scattered
has_valid_anchor = false
dominant_cluster_covers_majority = false
isolated_split_like = false
tie_break_vector = final=25|family=3|pointer=0|isolated=0|blob=0|scalar=0|text=6|clone=7|mirror=0|neg=0|addr=0x16CC0277B9FC
rank_reason = scattered singleton penalty fired on pointer-poor scattered layout with no non-singleton support; text penalty fired on little-endian ASCII/UTF16-like chunks; family size 3 raised clone penalty on scattered pointer-poor family
positive = target value matches, f08 nonzero, f08 not float-like, f18 nonzero, f18 not float-like, f20 nonzero, f20 not float-like, f68 nonzero, f68 not float-like, f70 nonzero, f70 not float-like, f78 nonzero, f78 not float-like, f58 nonzero, f58 not float-like, front metadata present, tail reference block present
negative = none

--- Candidate #85 ---
value_addr = 0x2E00931A4B8
base_addr  = 0x2E00931A490
f08 = 0x05204004
f18 = 0x01F5D1DC
f20 = 0x0043559D
f28 = 0x42C80000 (100.0)
f58 = 0x02413802
f68 = 0x41002271
f70 = 0x00410002
f78 = 0x70022820
rank_position = 85
base_score = 40
prescore_score = 40
final_score = 24
total adjustment = -16
score = 24
hard_pass = true
flags = target_match, strong_front_block, strong_tail_block, object_like, anchored_fragmented_split_like, text_block_like, template_clone_family
score_breakdown = +10 target_match; +2 f08_nonzero; +2 f08_not_floatlike; +2 f18_nonzero; +2 f18_not_floatlike; +2 f20_nonzero; +2 f20_not_floatlike; +2 f68_nonzero; +2 f68_not_floatlike; +2 f70_nonzero; +2 f70_not_floatlike; +2 f78_nonzero; +2 f78_not_floatlike; +3 f58_nonzero; +2 f58_not_floatlike; +1 legacy_pointer_balanced_compat; -3 anchored_fragmented_split_penalty; -3 text_block_penalty; -10 clone_penalty
code_blob_score = 0
code_blob_penalty = 0
scalar_block_score = 0
scalar_block_penalty = 0
text_block_score = 6
text_block_penalty = 3
template_family_id = cls:ADXXXXP|layout:front_tail_split|fptr:1|tptr:1|align:2|preg:2|dom:1|fns:0|tns:0|scalar:0|text:low|blob:0|mirror:0
clone_family_id = layout:front_tail_split|fptr:1|tptr:1|align:2|preg:2|dom:1|fns:0|tns:0|scalar:0|text:low|blob:0|mirror:0
template_family_size = 10
clone_penalty = 10
mirrored_penalty = 0
pointer_reward = 0
strong_structure_bonus = 0
sparse_anchor_tail_penalty = 0
anchored_fragmented_split_penalty = 3
one_sided_anchorless_split_penalty = 0
anchorless_partial_split_penalty = 0
isolated_split_penalty = 0
pointer_alignment_count = 2
pointer_region_count = 2
pointer_fields = f08, f78
pointer_cluster_count = 3
front_cluster_count = 2
tail_cluster_count = 1
front_non_singleton_cluster_count = 0
tail_non_singleton_cluster_count = 0
dominant_cluster_size = 1
cluster_layout = front_tail_split
has_valid_anchor = true
dominant_cluster_covers_majority = false
isolated_split_like = false
tie_break_vector = final=24|family=10|pointer=0|isolated=0|blob=0|scalar=0|text=3|clone=10|mirror=0|neg=0|addr=0x2E00931A4B8
rank_reason = anchored fragmented split penalty fired on singleton-only split layout despite valid anchor; text penalty fired on little-endian ASCII/UTF16-like chunks; family size 10 raised clone penalty
positive = target value matches, f08 nonzero, f08 not float-like, f18 nonzero, f18 not float-like, f20 nonzero, f20 not float-like, f68 nonzero, f68 not float-like, f70 nonzero, f70 not float-like, f78 nonzero, f78 not float-like, f58 nonzero, f58 not float-like, front metadata present, tail reference block present
negative = none

--- Candidate #86 ---
value_addr = 0x2E00959A2C8
base_addr  = 0x2E00959A2A0
f08 = 0x02410C20
f18 = 0x21955720
f20 = 0x56219557
f28 = 0x42C80000 (100.0)
f58 = 0x53200553
f68 = 0x7402410C
f70 = 0x02389366
f78 = 0x0C200002
rank_position = 86
base_score = 40
prescore_score = 40
final_score = 24
total adjustment = -16
score = 24
hard_pass = true
flags = target_match, strong_front_block, strong_tail_block, object_like, anchored_fragmented_split_like, text_block_like, template_clone_family
score_breakdown = +10 target_match; +2 f08_nonzero; +2 f08_not_floatlike; +2 f18_nonzero; +2 f18_not_floatlike; +2 f20_nonzero; +2 f20_not_floatlike; +2 f68_nonzero; +2 f68_not_floatlike; +2 f70_nonzero; +2 f70_not_floatlike; +2 f78_nonzero; +2 f78_not_floatlike; +3 f58_nonzero; +2 f58_not_floatlike; +1 legacy_pointer_balanced_compat; -3 anchored_fragmented_split_penalty; -3 text_block_penalty; -10 clone_penalty
code_blob_score = 0
code_blob_penalty = 0
scalar_block_score = 0
scalar_block_penalty = 0
text_block_score = 9
text_block_penalty = 3
template_family_id = cls:ADXXPXX|layout:front_tail_split|fptr:1|tptr:1|align:2|preg:2|dom:1|fns:0|tns:0|scalar:0|text:low|blob:0|mirror:0
clone_family_id = layout:front_tail_split|fptr:1|tptr:1|align:2|preg:2|dom:1|fns:0|tns:0|scalar:0|text:low|blob:0|mirror:0
template_family_size = 10
clone_penalty = 10
mirrored_penalty = 0
pointer_reward = 0
strong_structure_bonus = 0
sparse_anchor_tail_penalty = 0
anchored_fragmented_split_penalty = 3
one_sided_anchorless_split_penalty = 0
anchorless_partial_split_penalty = 0
isolated_split_penalty = 0
pointer_alignment_count = 2
pointer_region_count = 2
pointer_fields = f08, f68
pointer_cluster_count = 3
front_cluster_count = 2
tail_cluster_count = 1
front_non_singleton_cluster_count = 0
tail_non_singleton_cluster_count = 0
dominant_cluster_size = 1
cluster_layout = front_tail_split
has_valid_anchor = true
dominant_cluster_covers_majority = false
isolated_split_like = false
tie_break_vector = final=24|family=10|pointer=0|isolated=0|blob=0|scalar=0|text=3|clone=10|mirror=0|neg=0|addr=0x2E00959A2C8
rank_reason = anchored fragmented split penalty fired on singleton-only split layout despite valid anchor; text penalty fired on little-endian ASCII/UTF16-like chunks; family size 10 raised clone penalty
positive = target value matches, f08 nonzero, f08 not float-like, f18 nonzero, f18 not float-like, f20 nonzero, f20 not float-like, f68 nonzero, f68 not float-like, f70 nonzero, f70 not float-like, f78 nonzero, f78 not float-like, f58 nonzero, f58 not float-like, front metadata present, tail reference block present
negative = none

--- Candidate #87 ---
value_addr = 0x2E009CC3FDC
base_addr  = 0x2E009CC3FB4
f08 = 0x20040238
f18 = 0x200B0F07
f20 = 0x219242C8
f28 = 0x42C80000 (100.0)
f58 = 0x216A0841
f68 = 0x00000043
f70 = 0x20062040
f78 = 0x20000238
rank_position = 87
base_score = 40
prescore_score = 40
final_score = 24
total adjustment = -16
score = 24
hard_pass = true
flags = target_match, strong_front_block, strong_tail_block, object_like, anchored_fragmented_split_like, text_block_like, template_clone_family
score_breakdown = +10 target_match; +2 f08_nonzero; +2 f08_not_floatlike; +2 f18_nonzero; +2 f18_not_floatlike; +2 f20_nonzero; +2 f20_not_floatlike; +2 f68_nonzero; +2 f68_not_floatlike; +2 f70_nonzero; +2 f70_not_floatlike; +2 f78_nonzero; +2 f78_not_floatlike; +3 f58_nonzero; +2 f58_not_floatlike; +1 legacy_pointer_balanced_compat; -3 anchored_fragmented_split_penalty; -3 text_block_penalty; -10 clone_penalty
code_blob_score = 0
code_blob_penalty = 0
scalar_block_score = 0
scalar_block_penalty = 0
text_block_score = 6
text_block_penalty = 3
template_family_id = cls:AXDXSPD|layout:front_tail_split|fptr:1|tptr:1|align:2|preg:2|dom:1|fns:0|tns:0|scalar:0|text:low|blob:0|mirror:0
clone_family_id = layout:front_tail_split|fptr:1|tptr:1|align:2|preg:2|dom:1|fns:0|tns:0|scalar:0|text:low|blob:0|mirror:0
template_family_size = 10
clone_penalty = 10
mirrored_penalty = 0
pointer_reward = 0
strong_structure_bonus = 0
sparse_anchor_tail_penalty = 0
anchored_fragmented_split_penalty = 3
one_sided_anchorless_split_penalty = 0
anchorless_partial_split_penalty = 0
isolated_split_penalty = 0
pointer_alignment_count = 2
pointer_region_count = 2
pointer_fields = f08, f70
pointer_cluster_count = 4
front_cluster_count = 2
tail_cluster_count = 2
front_non_singleton_cluster_count = 0
tail_non_singleton_cluster_count = 0
dominant_cluster_size = 1
cluster_layout = front_tail_split
has_valid_anchor = true
dominant_cluster_covers_majority = false
isolated_split_like = false
tie_break_vector = final=24|family=10|pointer=0|isolated=0|blob=0|scalar=0|text=3|clone=10|mirror=0|neg=0|addr=0x2E009CC3FDC
rank_reason = anchored fragmented split penalty fired on singleton-only split layout despite valid anchor; text penalty fired on little-endian ASCII/UTF16-like chunks; family size 10 raised clone penalty
positive = target value matches, f08 nonzero, f08 not float-like, f18 nonzero, f18 not float-like, f20 nonzero, f20 not float-like, f68 nonzero, f68 not float-like, f70 nonzero, f70 not float-like, f78 nonzero, f78 not float-like, f58 nonzero, f58 not float-like, front metadata present, tail reference block present
negative = none

--- Candidate #88 ---
value_addr = 0x2E009CC4D1C
base_addr  = 0x2E009CC4CF4
f08 = 0x20040238
f18 = 0x200B0F07
f20 = 0x219242C8
f28 = 0x42C80000 (100.0)
f58 = 0x216A0841
f68 = 0x00000043
f70 = 0x20062040
f78 = 0x20000238
rank_position = 88
base_score = 40
prescore_score = 40
final_score = 24
total adjustment = -16
score = 24
hard_pass = true
flags = target_match, strong_front_block, strong_tail_block, object_like, anchored_fragmented_split_like, text_block_like, template_clone_family
score_breakdown = +10 target_match; +2 f08_nonzero; +2 f08_not_floatlike; +2 f18_nonzero; +2 f18_not_floatlike; +2 f20_nonzero; +2 f20_not_floatlike; +2 f68_nonzero; +2 f68_not_floatlike; +2 f70_nonzero; +2 f70_not_floatlike; +2 f78_nonzero; +2 f78_not_floatlike; +3 f58_nonzero; +2 f58_not_floatlike; +1 legacy_pointer_balanced_compat; -3 anchored_fragmented_split_penalty; -3 text_block_penalty; -10 clone_penalty
code_blob_score = 0
code_blob_penalty = 0
scalar_block_score = 0
scalar_block_penalty = 0
text_block_score = 6
text_block_penalty = 3
template_family_id = cls:AXDXSPD|layout:front_tail_split|fptr:1|tptr:1|align:2|preg:2|dom:1|fns:0|tns:0|scalar:0|text:low|blob:0|mirror:0
clone_family_id = layout:front_tail_split|fptr:1|tptr:1|align:2|preg:2|dom:1|fns:0|tns:0|scalar:0|text:low|blob:0|mirror:0
template_family_size = 10
clone_penalty = 10
mirrored_penalty = 0
pointer_reward = 0
strong_structure_bonus = 0
sparse_anchor_tail_penalty = 0
anchored_fragmented_split_penalty = 3
one_sided_anchorless_split_penalty = 0
anchorless_partial_split_penalty = 0
isolated_split_penalty = 0
pointer_alignment_count = 2
pointer_region_count = 2
pointer_fields = f08, f70
pointer_cluster_count = 4
front_cluster_count = 2
tail_cluster_count = 2
front_non_singleton_cluster_count = 0
tail_non_singleton_cluster_count = 0
dominant_cluster_size = 1
cluster_layout = front_tail_split
has_valid_anchor = true
dominant_cluster_covers_majority = false
isolated_split_like = false
tie_break_vector = final=24|family=10|pointer=0|isolated=0|blob=0|scalar=0|text=3|clone=10|mirror=0|neg=0|addr=0x2E009CC4D1C
rank_reason = anchored fragmented split penalty fired on singleton-only split layout despite valid anchor; text penalty fired on little-endian ASCII/UTF16-like chunks; family size 10 raised clone penalty
positive = target value matches, f08 nonzero, f08 not float-like, f18 nonzero, f18 not float-like, f20 nonzero, f20 not float-like, f68 nonzero, f68 not float-like, f70 nonzero, f70 not float-like, f78 nonzero, f78 not float-like, f58 nonzero, f58 not float-like, front metadata present, tail reference block present
negative = none

--- Candidate #89 ---
value_addr = 0x2E00A0AA638
base_addr  = 0x2E00A0AA610
f08 = 0x3A710141
f18 = 0x01F8E59C
f20 = 0xF4E51001
f28 = 0x42C80000 (100.0)
f58 = 0x45740228
f68 = 0x2801FFB6
f70 = 0x00410120
f78 = 0x00204004
rank_position = 89
base_score = 40
prescore_score = 40
final_score = 24
total adjustment = -16
score = 24
hard_pass = true
flags = target_match, strong_front_block, strong_tail_block, object_like, anchored_fragmented_split_like, text_block_like, template_clone_family
score_breakdown = +10 target_match; +2 f08_nonzero; +2 f08_not_floatlike; +2 f18_nonzero; +2 f18_not_floatlike; +2 f20_nonzero; +2 f20_not_floatlike; +2 f68_nonzero; +2 f68_not_floatlike; +2 f70_nonzero; +2 f70_not_floatlike; +2 f78_nonzero; +2 f78_not_floatlike; +3 f58_nonzero; +2 f58_not_floatlike; +1 legacy_pointer_balanced_compat; -3 anchored_fragmented_split_penalty; -3 text_block_penalty; -10 clone_penalty
code_blob_score = 0
code_blob_penalty = 0
scalar_block_score = 2
scalar_block_penalty = 0
text_block_score = 6
text_block_penalty = 3
template_family_id = cls:XAXDXPD|layout:front_tail_split|fptr:1|tptr:1|align:2|preg:2|dom:1|fns:0|tns:0|scalar:0|text:low|blob:0|mirror:0
clone_family_id = layout:front_tail_split|fptr:1|tptr:1|align:2|preg:2|dom:1|fns:0|tns:0|scalar:0|text:low|blob:0|mirror:0
template_family_size = 10
clone_penalty = 10
mirrored_penalty = 0
pointer_reward = 0
strong_structure_bonus = 0
sparse_anchor_tail_penalty = 0
anchored_fragmented_split_penalty = 3
one_sided_anchorless_split_penalty = 0
anchorless_partial_split_penalty = 0
isolated_split_penalty = 0
pointer_alignment_count = 2
pointer_region_count = 2
pointer_fields = f18, f70
pointer_cluster_count = 3
front_cluster_count = 1
tail_cluster_count = 2
front_non_singleton_cluster_count = 0
tail_non_singleton_cluster_count = 0
dominant_cluster_size = 1
cluster_layout = front_tail_split
has_valid_anchor = true
dominant_cluster_covers_majority = false
isolated_split_like = false
tie_break_vector = final=24|family=10|pointer=0|isolated=0|blob=0|scalar=0|text=3|clone=10|mirror=0|neg=0|addr=0x2E00A0AA638
rank_reason = anchored fragmented split penalty fired on singleton-only split layout despite valid anchor; text penalty fired on little-endian ASCII/UTF16-like chunks; family size 10 raised clone penalty
positive = target value matches, f08 nonzero, f08 not float-like, f18 nonzero, f18 not float-like, f20 nonzero, f20 not float-like, f68 nonzero, f68 not float-like, f70 nonzero, f70 not float-like, f78 nonzero, f78 not float-like, f58 nonzero, f58 not float-like, front metadata present, tail reference block present
negative = none

--- Candidate #90 ---
value_addr = 0x16CC0299A2C8
base_addr  = 0x16CC0299A2A0
f08 = 0x02410C20
f18 = 0x21955720
f20 = 0x56219557
f28 = 0x42C80000 (100.0)
f58 = 0x53200553
f68 = 0x7402410C
f70 = 0x02389366
f78 = 0x0C200002
rank_position = 90
base_score = 40
prescore_score = 40
final_score = 24
total adjustment = -16
score = 24
hard_pass = true
flags = target_match, strong_front_block, strong_tail_block, object_like, anchored_fragmented_split_like, text_block_like, template_clone_family
score_breakdown = +10 target_match; +2 f08_nonzero; +2 f08_not_floatlike; +2 f18_nonzero; +2 f18_not_floatlike; +2 f20_nonzero; +2 f20_not_floatlike; +2 f68_nonzero; +2 f68_not_floatlike; +2 f70_nonzero; +2 f70_not_floatlike; +2 f78_nonzero; +2 f78_not_floatlike; +3 f58_nonzero; +2 f58_not_floatlike; +1 legacy_pointer_balanced_compat; -3 anchored_fragmented_split_penalty; -3 text_block_penalty; -10 clone_penalty
code_blob_score = 0
code_blob_penalty = 0
scalar_block_score = 0
scalar_block_penalty = 0
text_block_score = 9
text_block_penalty = 3
template_family_id = cls:ADXXPXX|layout:front_tail_split|fptr:1|tptr:1|align:2|preg:2|dom:1|fns:0|tns:0|scalar:0|text:low|blob:0|mirror:0
clone_family_id = layout:front_tail_split|fptr:1|tptr:1|align:2|preg:2|dom:1|fns:0|tns:0|scalar:0|text:low|blob:0|mirror:0
template_family_size = 10
clone_penalty = 10
mirrored_penalty = 0
pointer_reward = 0
strong_structure_bonus = 0
sparse_anchor_tail_penalty = 0
anchored_fragmented_split_penalty = 3
one_sided_anchorless_split_penalty = 0
anchorless_partial_split_penalty = 0
isolated_split_penalty = 0
pointer_alignment_count = 2
pointer_region_count = 2
pointer_fields = f08, f68
pointer_cluster_count = 3
front_cluster_count = 2
tail_cluster_count = 1
front_non_singleton_cluster_count = 0
tail_non_singleton_cluster_count = 0
dominant_cluster_size = 1
cluster_layout = front_tail_split
has_valid_anchor = true
dominant_cluster_covers_majority = false
isolated_split_like = false
tie_break_vector = final=24|family=10|pointer=0|isolated=0|blob=0|scalar=0|text=3|clone=10|mirror=0|neg=0|addr=0x16CC0299A2C8
rank_reason = anchored fragmented split penalty fired on singleton-only split layout despite valid anchor; text penalty fired on little-endian ASCII/UTF16-like chunks; family size 10 raised clone penalty
positive = target value matches, f08 nonzero, f08 not float-like, f18 nonzero, f18 not float-like, f20 nonzero, f20 not float-like, f68 nonzero, f68 not float-like, f70 nonzero, f70 not float-like, f78 nonzero, f78 not float-like, f58 nonzero, f58 not float-like, front metadata present, tail reference block present
negative = none

--- Candidate #91 ---
value_addr = 0x16CC030C3FDC
base_addr  = 0x16CC030C3FB4
f08 = 0x20040238
f18 = 0x200B0F07
f20 = 0x219242C8
f28 = 0x42C80000 (100.0)
f58 = 0x216A0841
f68 = 0x00000043
f70 = 0x20062040
f78 = 0x20000238
rank_position = 91
base_score = 40
prescore_score = 40
final_score = 24
total adjustment = -16
score = 24
hard_pass = true
flags = target_match, strong_front_block, strong_tail_block, object_like, anchored_fragmented_split_like, text_block_like, template_clone_family
score_breakdown = +10 target_match; +2 f08_nonzero; +2 f08_not_floatlike; +2 f18_nonzero; +2 f18_not_floatlike; +2 f20_nonzero; +2 f20_not_floatlike; +2 f68_nonzero; +2 f68_not_floatlike; +2 f70_nonzero; +2 f70_not_floatlike; +2 f78_nonzero; +2 f78_not_floatlike; +3 f58_nonzero; +2 f58_not_floatlike; +1 legacy_pointer_balanced_compat; -3 anchored_fragmented_split_penalty; -3 text_block_penalty; -10 clone_penalty
code_blob_score = 0
code_blob_penalty = 0
scalar_block_score = 0
scalar_block_penalty = 0
text_block_score = 6
text_block_penalty = 3
template_family_id = cls:AXDXSPD|layout:front_tail_split|fptr:1|tptr:1|align:2|preg:2|dom:1|fns:0|tns:0|scalar:0|text:low|blob:0|mirror:0
clone_family_id = layout:front_tail_split|fptr:1|tptr:1|align:2|preg:2|dom:1|fns:0|tns:0|scalar:0|text:low|blob:0|mirror:0
template_family_size = 10
clone_penalty = 10
mirrored_penalty = 0
pointer_reward = 0
strong_structure_bonus = 0
sparse_anchor_tail_penalty = 0
anchored_fragmented_split_penalty = 3
one_sided_anchorless_split_penalty = 0
anchorless_partial_split_penalty = 0
isolated_split_penalty = 0
pointer_alignment_count = 2
pointer_region_count = 2
pointer_fields = f08, f70
pointer_cluster_count = 4
front_cluster_count = 2
tail_cluster_count = 2
front_non_singleton_cluster_count = 0
tail_non_singleton_cluster_count = 0
dominant_cluster_size = 1
cluster_layout = front_tail_split
has_valid_anchor = true
dominant_cluster_covers_majority = false
isolated_split_like = false
tie_break_vector = final=24|family=10|pointer=0|isolated=0|blob=0|scalar=0|text=3|clone=10|mirror=0|neg=0|addr=0x16CC030C3FDC
rank_reason = anchored fragmented split penalty fired on singleton-only split layout despite valid anchor; text penalty fired on little-endian ASCII/UTF16-like chunks; family size 10 raised clone penalty
positive = target value matches, f08 nonzero, f08 not float-like, f18 nonzero, f18 not float-like, f20 nonzero, f20 not float-like, f68 nonzero, f68 not float-like, f70 nonzero, f70 not float-like, f78 nonzero, f78 not float-like, f58 nonzero, f58 not float-like, front metadata present, tail reference block present
negative = none

--- Candidate #92 ---
value_addr = 0x16CC034AA638
base_addr  = 0x16CC034AA610
f08 = 0x3A710141
f18 = 0x01F8E59C
f20 = 0xF4E51001
f28 = 0x42C80000 (100.0)
f58 = 0x45740228
f68 = 0x2801FFB6
f70 = 0x00410120
f78 = 0x00204004
rank_position = 92
base_score = 40
prescore_score = 40
final_score = 24
total adjustment = -16
score = 24
hard_pass = true
flags = target_match, strong_front_block, strong_tail_block, object_like, anchored_fragmented_split_like, text_block_like, template_clone_family
score_breakdown = +10 target_match; +2 f08_nonzero; +2 f08_not_floatlike; +2 f18_nonzero; +2 f18_not_floatlike; +2 f20_nonzero; +2 f20_not_floatlike; +2 f68_nonzero; +2 f68_not_floatlike; +2 f70_nonzero; +2 f70_not_floatlike; +2 f78_nonzero; +2 f78_not_floatlike; +3 f58_nonzero; +2 f58_not_floatlike; +1 legacy_pointer_balanced_compat; -3 anchored_fragmented_split_penalty; -3 text_block_penalty; -10 clone_penalty
code_blob_score = 0
code_blob_penalty = 0
scalar_block_score = 2
scalar_block_penalty = 0
text_block_score = 6
text_block_penalty = 3
template_family_id = cls:XAXDXPD|layout:front_tail_split|fptr:1|tptr:1|align:2|preg:2|dom:1|fns:0|tns:0|scalar:0|text:low|blob:0|mirror:0
clone_family_id = layout:front_tail_split|fptr:1|tptr:1|align:2|preg:2|dom:1|fns:0|tns:0|scalar:0|text:low|blob:0|mirror:0
template_family_size = 10
clone_penalty = 10
mirrored_penalty = 0
pointer_reward = 0
strong_structure_bonus = 0
sparse_anchor_tail_penalty = 0
anchored_fragmented_split_penalty = 3
one_sided_anchorless_split_penalty = 0
anchorless_partial_split_penalty = 0
isolated_split_penalty = 0
pointer_alignment_count = 2
pointer_region_count = 2
pointer_fields = f18, f70
pointer_cluster_count = 3
front_cluster_count = 1
tail_cluster_count = 2
front_non_singleton_cluster_count = 0
tail_non_singleton_cluster_count = 0
dominant_cluster_size = 1
cluster_layout = front_tail_split
has_valid_anchor = true
dominant_cluster_covers_majority = false
isolated_split_like = false
tie_break_vector = final=24|family=10|pointer=0|isolated=0|blob=0|scalar=0|text=3|clone=10|mirror=0|neg=0|addr=0x16CC034AA638
rank_reason = anchored fragmented split penalty fired on singleton-only split layout despite valid anchor; text penalty fired on little-endian ASCII/UTF16-like chunks; family size 10 raised clone penalty
positive = target value matches, f08 nonzero, f08 not float-like, f18 nonzero, f18 not float-like, f20 nonzero, f20 not float-like, f68 nonzero, f68 not float-like, f70 nonzero, f70 not float-like, f78 nonzero, f78 not float-like, f58 nonzero, f58 not float-like, front metadata present, tail reference block present
negative = none

--- Candidate #93 ---
value_addr = 0x2E0096A58E8
base_addr  = 0x2E0096A58C0
f08 = 0x201A2160
f18 = 0x00004301
f20 = 0x019A2035
f28 = 0x42C80000 (100.0)
f58 = 0x21751F41
f68 = 0xEF207D04
f70 = 0xE8200B01
f78 = 0x01DF2001
rank_position = 93
base_score = 40
prescore_score = 40
final_score = 23
total adjustment = -17
score = 23
hard_pass = true
flags = target_match, strong_front_block, strong_tail_block, object_like, anchorless_partial_split_like, isolated_split_like, text_block_like, template_clone_family
score_breakdown = +10 target_match; +2 f08_nonzero; +2 f08_not_floatlike; +2 f18_nonzero; +2 f18_not_floatlike; +2 f20_nonzero; +2 f20_not_floatlike; +2 f68_nonzero; +2 f68_not_floatlike; +2 f70_nonzero; +2 f70_not_floatlike; +2 f78_nonzero; +2 f78_not_floatlike; +3 f58_nonzero; +2 f58_not_floatlike; +1 legacy_pointer_balanced_compat; -2 anchorless_partial_split_penalty; -2 isolated_split_penalty(no_anchor_no_non_singleton_split_support); -3 text_block_penalty; -10 clone_penalty
code_blob_score = 0
code_blob_penalty = 0
scalar_block_score = 0
scalar_block_penalty = 0
text_block_score = 6
text_block_penalty = 3
template_family_id = cls:PXXXPXX|layout:front_tail_split|fptr:1|tptr:1|align:2|preg:2|dom:1|fns:0|tns:0|scalar:0|text:low|blob:0|mirror:0
clone_family_id = layout:front_tail_split|fptr:1|tptr:1|align:2|preg:2|dom:1|fns:0|tns:0|scalar:0|text:low|blob:0|mirror:0
template_family_size = 10
clone_penalty = 10
mirrored_penalty = 0
pointer_reward = 0
strong_structure_bonus = 0
sparse_anchor_tail_penalty = 0
anchored_fragmented_split_penalty = 0
one_sided_anchorless_split_penalty = 0
anchorless_partial_split_penalty = 2
isolated_split_penalty = 2
pointer_alignment_count = 2
pointer_region_count = 2
pointer_fields = f08, f68
pointer_cluster_count = 2
front_cluster_count = 1
tail_cluster_count = 1
front_non_singleton_cluster_count = 0
tail_non_singleton_cluster_count = 0
dominant_cluster_size = 1
cluster_layout = front_tail_split
has_valid_anchor = false
dominant_cluster_covers_majority = false
isolated_split_like = true
tie_break_vector = final=23|family=10|pointer=0|isolated=2|blob=0|scalar=0|text=3|clone=10|mirror=0|neg=0|addr=0x2E0096A58E8
rank_reason = anchorless partial split penalty fired on one-sided split layout without valid anchor; isolated split penalty fired on fragmentary split layout with no valid anchor and no non-singleton split support; text penalty fired on little-endian ASCII/UTF16-like chunks; family size 10 raised clone penalty
positive = target value matches, f08 nonzero, f08 not float-like, f18 nonzero, f18 not float-like, f20 nonzero, f20 not float-like, f68 nonzero, f68 not float-like, f70 nonzero, f70 not float-like, f78 nonzero, f78 not float-like, f58 nonzero, f58 not float-like, front metadata present, tail reference block present
negative = none

--- Candidate #94 ---
value_addr = 0x16CC02AA58E8
base_addr  = 0x16CC02AA58C0
f08 = 0x201A2160
f18 = 0x00004301
f20 = 0x019A2035
f28 = 0x42C80000 (100.0)
f58 = 0x21751F41
f68 = 0xEF207D04
f70 = 0xE8200B01
f78 = 0x01DF2001
rank_position = 94
base_score = 40
prescore_score = 40
final_score = 23
total adjustment = -17
score = 23
hard_pass = true
flags = target_match, strong_front_block, strong_tail_block, object_like, anchorless_partial_split_like, isolated_split_like, text_block_like, template_clone_family
score_breakdown = +10 target_match; +2 f08_nonzero; +2 f08_not_floatlike; +2 f18_nonzero; +2 f18_not_floatlike; +2 f20_nonzero; +2 f20_not_floatlike; +2 f68_nonzero; +2 f68_not_floatlike; +2 f70_nonzero; +2 f70_not_floatlike; +2 f78_nonzero; +2 f78_not_floatlike; +3 f58_nonzero; +2 f58_not_floatlike; +1 legacy_pointer_balanced_compat; -2 anchorless_partial_split_penalty; -2 isolated_split_penalty(no_anchor_no_non_singleton_split_support); -3 text_block_penalty; -10 clone_penalty
code_blob_score = 0
code_blob_penalty = 0
scalar_block_score = 0
scalar_block_penalty = 0
text_block_score = 6
text_block_penalty = 3
template_family_id = cls:PXXXPXX|layout:front_tail_split|fptr:1|tptr:1|align:2|preg:2|dom:1|fns:0|tns:0|scalar:0|text:low|blob:0|mirror:0
clone_family_id = layout:front_tail_split|fptr:1|tptr:1|align:2|preg:2|dom:1|fns:0|tns:0|scalar:0|text:low|blob:0|mirror:0
template_family_size = 10
clone_penalty = 10
mirrored_penalty = 0
pointer_reward = 0
strong_structure_bonus = 0
sparse_anchor_tail_penalty = 0
anchored_fragmented_split_penalty = 0
one_sided_anchorless_split_penalty = 0
anchorless_partial_split_penalty = 2
isolated_split_penalty = 2
pointer_alignment_count = 2
pointer_region_count = 2
pointer_fields = f08, f68
pointer_cluster_count = 2
front_cluster_count = 1
tail_cluster_count = 1
front_non_singleton_cluster_count = 0
tail_non_singleton_cluster_count = 0
dominant_cluster_size = 1
cluster_layout = front_tail_split
has_valid_anchor = false
dominant_cluster_covers_majority = false
isolated_split_like = true
tie_break_vector = final=23|family=10|pointer=0|isolated=2|blob=0|scalar=0|text=3|clone=10|mirror=0|neg=0|addr=0x16CC02AA58E8
rank_reason = anchorless partial split penalty fired on one-sided split layout without valid anchor; isolated split penalty fired on fragmentary split layout with no valid anchor and no non-singleton split support; text penalty fired on little-endian ASCII/UTF16-like chunks; family size 10 raised clone penalty
positive = target value matches, f08 nonzero, f08 not float-like, f18 nonzero, f18 not float-like, f20 nonzero, f20 not float-like, f68 nonzero, f68 not float-like, f70 nonzero, f70 not float-like, f78 nonzero, f78 not float-like, f58 nonzero, f58 not float-like, front metadata present, tail reference block present
negative = none

--- Candidate #95 ---
value_addr = 0x2E40295244C
base_addr  = 0x2E402952424
f08 = 0x3E000004
f18 = 0xBF3504F4
f20 = 0x80000000
f28 = 0x42C80000 (100.0)
f58 = 0x3D79DB23
f68 = 0x3F000001
f70 = 0x3F000000
f78 = 0x3D79DB31
rank_position = 95
base_score = 40
prescore_score = 40
final_score = 21
total adjustment = -19
score = 21
hard_pass = true
flags = target_match, strong_front_block, strong_tail_block, object_like, anchored_fragmented_split_like, scalar_block_like, text_block_like, template_clone_family
score_breakdown = +10 target_match; +2 f08_nonzero; +2 f08_not_floatlike; +2 f18_nonzero; +2 f18_not_floatlike; +2 f20_nonzero; +2 f20_not_floatlike; +2 f68_nonzero; +2 f68_not_floatlike; +2 f70_nonzero; +2 f70_not_floatlike; +2 f78_nonzero; +2 f78_not_floatlike; +3 f58_nonzero; +2 f58_not_floatlike; +1 legacy_pointer_balanced_compat; -3 anchored_fragmented_split_penalty; -3 scalar_block_penalty; -3 text_block_penalty; -10 clone_penalty
code_blob_score = 0
code_blob_penalty = 0
scalar_block_score = 6
scalar_block_penalty = 3
text_block_score = 8
text_block_penalty = 3
template_family_id = cls:PDAXXPX|layout:front_tail_split|fptr:2|tptr:1|align:3+|preg:3+|dom:1|fns:0|tns:0|scalar:low|text:low|blob:0|mirror:0
clone_family_id = layout:front_tail_split|fptr:2|tptr:1|align:3+|preg:3+|dom:1|fns:0|tns:0|scalar:low|text:low|blob:0|mirror:0
template_family_size = 6
clone_penalty = 10
mirrored_penalty = 0
pointer_reward = 0
strong_structure_bonus = 0
sparse_anchor_tail_penalty = 0
anchored_fragmented_split_penalty = 3
one_sided_anchorless_split_penalty = 0
anchorless_partial_split_penalty = 0
isolated_split_penalty = 0
pointer_alignment_count = 3
pointer_region_count = 3
pointer_fields = f08, f20, f70
pointer_cluster_count = 4
front_cluster_count = 3
tail_cluster_count = 1
front_non_singleton_cluster_count = 0
tail_non_singleton_cluster_count = 0
dominant_cluster_size = 1
cluster_layout = front_tail_split
has_valid_anchor = true
dominant_cluster_covers_majority = false
isolated_split_like = false
tie_break_vector = final=21|family=6|pointer=0|isolated=0|blob=0|scalar=3|text=3|clone=10|mirror=0|neg=0|addr=0x2E40295244C
rank_reason = anchored fragmented split penalty fired on singleton-only split layout despite valid anchor; scalar penalty fired on float-like/scalar template; text penalty fired on little-endian ASCII/UTF16-like chunks; family size 6 raised clone penalty
positive = target value matches, f08 nonzero, f08 not float-like, f18 nonzero, f18 not float-like, f20 nonzero, f20 not float-like, f68 nonzero, f68 not float-like, f70 nonzero, f70 not float-like, f78 nonzero, f78 not float-like, f58 nonzero, f58 not float-like, front metadata present, tail reference block present
negative = none

--- Candidate #96 ---
value_addr = 0x2E406570BEC
base_addr  = 0x2E406570BC4
f08 = 0x3E000000
f18 = 0xBF3504F4
f20 = 0x80000000
f28 = 0x42C80000 (100.0)
f58 = 0x3D79DB23
f68 = 0x3F000001
f70 = 0x3F000000
f78 = 0x3D79DB31
rank_position = 96
base_score = 40
prescore_score = 40
final_score = 21
total adjustment = -19
score = 21
hard_pass = true
flags = target_match, strong_front_block, strong_tail_block, object_like, anchored_fragmented_split_like, scalar_block_like, text_block_like, template_clone_family
score_breakdown = +10 target_match; +2 f08_nonzero; +2 f08_not_floatlike; +2 f18_nonzero; +2 f18_not_floatlike; +2 f20_nonzero; +2 f20_not_floatlike; +2 f68_nonzero; +2 f68_not_floatlike; +2 f70_nonzero; +2 f70_not_floatlike; +2 f78_nonzero; +2 f78_not_floatlike; +3 f58_nonzero; +2 f58_not_floatlike; +1 legacy_pointer_balanced_compat; -3 anchored_fragmented_split_penalty; -3 scalar_block_penalty; -3 text_block_penalty; -10 clone_penalty
code_blob_score = 0
code_blob_penalty = 0
scalar_block_score = 6
scalar_block_penalty = 3
text_block_score = 8
text_block_penalty = 3
template_family_id = cls:PDAXXPX|layout:front_tail_split|fptr:2|tptr:1|align:3+|preg:3+|dom:1|fns:0|tns:0|scalar:low|text:low|blob:0|mirror:0
clone_family_id = layout:front_tail_split|fptr:2|tptr:1|align:3+|preg:3+|dom:1|fns:0|tns:0|scalar:low|text:low|blob:0|mirror:0
template_family_size = 6
clone_penalty = 10
mirrored_penalty = 0
pointer_reward = 0
strong_structure_bonus = 0
sparse_anchor_tail_penalty = 0
anchored_fragmented_split_penalty = 3
one_sided_anchorless_split_penalty = 0
anchorless_partial_split_penalty = 0
isolated_split_penalty = 0
pointer_alignment_count = 3
pointer_region_count = 3
pointer_fields = f08, f20, f70
pointer_cluster_count = 4
front_cluster_count = 3
tail_cluster_count = 1
front_non_singleton_cluster_count = 0
tail_non_singleton_cluster_count = 0
dominant_cluster_size = 1
cluster_layout = front_tail_split
has_valid_anchor = true
dominant_cluster_covers_majority = false
isolated_split_like = false
tie_break_vector = final=21|family=6|pointer=0|isolated=0|blob=0|scalar=3|text=3|clone=10|mirror=0|neg=0|addr=0x2E406570BEC
rank_reason = anchored fragmented split penalty fired on singleton-only split layout despite valid anchor; scalar penalty fired on float-like/scalar template; text penalty fired on little-endian ASCII/UTF16-like chunks; family size 6 raised clone penalty
positive = target value matches, f08 nonzero, f08 not float-like, f18 nonzero, f18 not float-like, f20 nonzero, f20 not float-like, f68 nonzero, f68 not float-like, f70 nonzero, f70 not float-like, f78 nonzero, f78 not float-like, f58 nonzero, f58 not float-like, front metadata present, tail reference block present
negative = none

--- Candidate #97 ---
value_addr = 0x2E4065BCBCC
base_addr  = 0x2E4065BCBA4
f08 = 0x3E000004
f18 = 0xBF3504F4
f20 = 0x80000000
f28 = 0x42C80000 (100.0)
f58 = 0x3D79DB23
f68 = 0x3F000001
f70 = 0x3F000000
f78 = 0x3D79DB31
rank_position = 97
base_score = 40
prescore_score = 40
final_score = 21
total adjustment = -19
score = 21
hard_pass = true
flags = target_match, strong_front_block, strong_tail_block, object_like, anchored_fragmented_split_like, scalar_block_like, text_block_like, template_clone_family
score_breakdown = +10 target_match; +2 f08_nonzero; +2 f08_not_floatlike; +2 f18_nonzero; +2 f18_not_floatlike; +2 f20_nonzero; +2 f20_not_floatlike; +2 f68_nonzero; +2 f68_not_floatlike; +2 f70_nonzero; +2 f70_not_floatlike; +2 f78_nonzero; +2 f78_not_floatlike; +3 f58_nonzero; +2 f58_not_floatlike; +1 legacy_pointer_balanced_compat; -3 anchored_fragmented_split_penalty; -3 scalar_block_penalty; -3 text_block_penalty; -10 clone_penalty
code_blob_score = 0
code_blob_penalty = 0
scalar_block_score = 6
scalar_block_penalty = 3
text_block_score = 8
text_block_penalty = 3
template_family_id = cls:PDAXXPX|layout:front_tail_split|fptr:2|tptr:1|align:3+|preg:3+|dom:1|fns:0|tns:0|scalar:low|text:low|blob:0|mirror:0
clone_family_id = layout:front_tail_split|fptr:2|tptr:1|align:3+|preg:3+|dom:1|fns:0|tns:0|scalar:low|text:low|blob:0|mirror:0
template_family_size = 6
clone_penalty = 10
mirrored_penalty = 0
pointer_reward = 0
strong_structure_bonus = 0
sparse_anchor_tail_penalty = 0
anchored_fragmented_split_penalty = 3
one_sided_anchorless_split_penalty = 0
anchorless_partial_split_penalty = 0
isolated_split_penalty = 0
pointer_alignment_count = 3
pointer_region_count = 3
pointer_fields = f08, f20, f70
pointer_cluster_count = 4
front_cluster_count = 3
tail_cluster_count = 1
front_non_singleton_cluster_count = 0
tail_non_singleton_cluster_count = 0
dominant_cluster_size = 1
cluster_layout = front_tail_split
has_valid_anchor = true
dominant_cluster_covers_majority = false
isolated_split_like = false
tie_break_vector = final=21|family=6|pointer=0|isolated=0|blob=0|scalar=3|text=3|clone=10|mirror=0|neg=0|addr=0x2E4065BCBCC
rank_reason = anchored fragmented split penalty fired on singleton-only split layout despite valid anchor; scalar penalty fired on float-like/scalar template; text penalty fired on little-endian ASCII/UTF16-like chunks; family size 6 raised clone penalty
positive = target value matches, f08 nonzero, f08 not float-like, f18 nonzero, f18 not float-like, f20 nonzero, f20 not float-like, f68 nonzero, f68 not float-like, f70 nonzero, f70 not float-like, f78 nonzero, f78 not float-like, f58 nonzero, f58 not float-like, front metadata present, tail reference block present
negative = none

--- Candidate #98 ---
value_addr = 0x2E4065C091C
base_addr  = 0x2E4065C08F4
f08 = 0x3E000004
f18 = 0xBF3504F4
f20 = 0x80000000
f28 = 0x42C80000 (100.0)
f58 = 0x3D79DB23
f68 = 0x3F000001
f70 = 0x3F000000
f78 = 0x3D79DB31
rank_position = 98
base_score = 40
prescore_score = 40
final_score = 21
total adjustment = -19
score = 21
hard_pass = true
flags = target_match, strong_front_block, strong_tail_block, object_like, anchored_fragmented_split_like, scalar_block_like, text_block_like, template_clone_family
score_breakdown = +10 target_match; +2 f08_nonzero; +2 f08_not_floatlike; +2 f18_nonzero; +2 f18_not_floatlike; +2 f20_nonzero; +2 f20_not_floatlike; +2 f68_nonzero; +2 f68_not_floatlike; +2 f70_nonzero; +2 f70_not_floatlike; +2 f78_nonzero; +2 f78_not_floatlike; +3 f58_nonzero; +2 f58_not_floatlike; +1 legacy_pointer_balanced_compat; -3 anchored_fragmented_split_penalty; -3 scalar_block_penalty; -3 text_block_penalty; -10 clone_penalty
code_blob_score = 0
code_blob_penalty = 0
scalar_block_score = 6
scalar_block_penalty = 3
text_block_score = 8
text_block_penalty = 3
template_family_id = cls:PDAXXPX|layout:front_tail_split|fptr:2|tptr:1|align:3+|preg:3+|dom:1|fns:0|tns:0|scalar:low|text:low|blob:0|mirror:0
clone_family_id = layout:front_tail_split|fptr:2|tptr:1|align:3+|preg:3+|dom:1|fns:0|tns:0|scalar:low|text:low|blob:0|mirror:0
template_family_size = 6
clone_penalty = 10
mirrored_penalty = 0
pointer_reward = 0
strong_structure_bonus = 0
sparse_anchor_tail_penalty = 0
anchored_fragmented_split_penalty = 3
one_sided_anchorless_split_penalty = 0
anchorless_partial_split_penalty = 0
isolated_split_penalty = 0
pointer_alignment_count = 3
pointer_region_count = 3
pointer_fields = f08, f20, f70
pointer_cluster_count = 4
front_cluster_count = 3
tail_cluster_count = 1
front_non_singleton_cluster_count = 0
tail_non_singleton_cluster_count = 0
dominant_cluster_size = 1
cluster_layout = front_tail_split
has_valid_anchor = true
dominant_cluster_covers_majority = false
isolated_split_like = false
tie_break_vector = final=21|family=6|pointer=0|isolated=0|blob=0|scalar=3|text=3|clone=10|mirror=0|neg=0|addr=0x2E4065C091C
rank_reason = anchored fragmented split penalty fired on singleton-only split layout despite valid anchor; scalar penalty fired on float-like/scalar template; text penalty fired on little-endian ASCII/UTF16-like chunks; family size 6 raised clone penalty
positive = target value matches, f08 nonzero, f08 not float-like, f18 nonzero, f18 not float-like, f20 nonzero, f20 not float-like, f68 nonzero, f68 not float-like, f70 nonzero, f70 not float-like, f78 nonzero, f78 not float-like, f58 nonzero, f58 not float-like, front metadata present, tail reference block present
negative = none

--- Candidate #99 ---
value_addr = 0x2E4068DCBC4
base_addr  = 0x2E4068DCB9C
f08 = 0x3E000004
f18 = 0xBF3504F4
f20 = 0x80000000
f28 = 0x42C80000 (100.0)
f58 = 0x3D79DB23
f68 = 0x3F000001
f70 = 0x3F000000
f78 = 0x3D79DB31
rank_position = 99
base_score = 40
prescore_score = 40
final_score = 21
total adjustment = -19
score = 21
hard_pass = true
flags = target_match, strong_front_block, strong_tail_block, object_like, anchored_fragmented_split_like, scalar_block_like, text_block_like, template_clone_family
score_breakdown = +10 target_match; +2 f08_nonzero; +2 f08_not_floatlike; +2 f18_nonzero; +2 f18_not_floatlike; +2 f20_nonzero; +2 f20_not_floatlike; +2 f68_nonzero; +2 f68_not_floatlike; +2 f70_nonzero; +2 f70_not_floatlike; +2 f78_nonzero; +2 f78_not_floatlike; +3 f58_nonzero; +2 f58_not_floatlike; +1 legacy_pointer_balanced_compat; -3 anchored_fragmented_split_penalty; -3 scalar_block_penalty; -3 text_block_penalty; -10 clone_penalty
code_blob_score = 0
code_blob_penalty = 0
scalar_block_score = 6
scalar_block_penalty = 3
text_block_score = 8
text_block_penalty = 3
template_family_id = cls:PDAXXPX|layout:front_tail_split|fptr:2|tptr:1|align:3+|preg:3+|dom:1|fns:0|tns:0|scalar:low|text:low|blob:0|mirror:0
clone_family_id = layout:front_tail_split|fptr:2|tptr:1|align:3+|preg:3+|dom:1|fns:0|tns:0|scalar:low|text:low|blob:0|mirror:0
template_family_size = 6
clone_penalty = 10
mirrored_penalty = 0
pointer_reward = 0
strong_structure_bonus = 0
sparse_anchor_tail_penalty = 0
anchored_fragmented_split_penalty = 3
one_sided_anchorless_split_penalty = 0
anchorless_partial_split_penalty = 0
isolated_split_penalty = 0
pointer_alignment_count = 3
pointer_region_count = 3
pointer_fields = f08, f20, f70
pointer_cluster_count = 4
front_cluster_count = 3
tail_cluster_count = 1
front_non_singleton_cluster_count = 0
tail_non_singleton_cluster_count = 0
dominant_cluster_size = 1
cluster_layout = front_tail_split
has_valid_anchor = true
dominant_cluster_covers_majority = false
isolated_split_like = false
tie_break_vector = final=21|family=6|pointer=0|isolated=0|blob=0|scalar=3|text=3|clone=10|mirror=0|neg=0|addr=0x2E4068DCBC4
rank_reason = anchored fragmented split penalty fired on singleton-only split layout despite valid anchor; scalar penalty fired on float-like/scalar template; text penalty fired on little-endian ASCII/UTF16-like chunks; family size 6 raised clone penalty
positive = target value matches, f08 nonzero, f08 not float-like, f18 nonzero, f18 not float-like, f20 nonzero, f20 not float-like, f68 nonzero, f68 not float-like, f70 nonzero, f70 not float-like, f78 nonzero, f78 not float-like, f58 nonzero, f58 not float-like, front metadata present, tail reference block present
negative = none

--- Candidate #100 ---
value_addr = 0x2E40697E34C
base_addr  = 0x2E40697E324
f08 = 0x3E000000
f18 = 0xBF3504F4
f20 = 0x80000000
f28 = 0x42C80000 (100.0)
f58 = 0x3D79DB23
f68 = 0x3F000001
f70 = 0x3F000000
f78 = 0x3D79DB31
rank_position = 100
base_score = 40
prescore_score = 40
final_score = 21
total adjustment = -19
score = 21
hard_pass = true
flags = target_match, strong_front_block, strong_tail_block, object_like, anchored_fragmented_split_like, scalar_block_like, text_block_like, template_clone_family
score_breakdown = +10 target_match; +2 f08_nonzero; +2 f08_not_floatlike; +2 f18_nonzero; +2 f18_not_floatlike; +2 f20_nonzero; +2 f20_not_floatlike; +2 f68_nonzero; +2 f68_not_floatlike; +2 f70_nonzero; +2 f70_not_floatlike; +2 f78_nonzero; +2 f78_not_floatlike; +3 f58_nonzero; +2 f58_not_floatlike; +1 legacy_pointer_balanced_compat; -3 anchored_fragmented_split_penalty; -3 scalar_block_penalty; -3 text_block_penalty; -10 clone_penalty
code_blob_score = 0
code_blob_penalty = 0
scalar_block_score = 6
scalar_block_penalty = 3
text_block_score = 8
text_block_penalty = 3
template_family_id = cls:PDAXXPX|layout:front_tail_split|fptr:2|tptr:1|align:3+|preg:3+|dom:1|fns:0|tns:0|scalar:low|text:low|blob:0|mirror:0
clone_family_id = layout:front_tail_split|fptr:2|tptr:1|align:3+|preg:3+|dom:1|fns:0|tns:0|scalar:low|text:low|blob:0|mirror:0
template_family_size = 6
clone_penalty = 10
mirrored_penalty = 0
pointer_reward = 0
strong_structure_bonus = 0
sparse_anchor_tail_penalty = 0
anchored_fragmented_split_penalty = 3
one_sided_anchorless_split_penalty = 0
anchorless_partial_split_penalty = 0
isolated_split_penalty = 0
pointer_alignment_count = 3
pointer_region_count = 3
pointer_fields = f08, f20, f70
pointer_cluster_count = 4
front_cluster_count = 3
tail_cluster_count = 1
front_non_singleton_cluster_count = 0
tail_non_singleton_cluster_count = 0
dominant_cluster_size = 1
cluster_layout = front_tail_split
has_valid_anchor = true
dominant_cluster_covers_majority = false
isolated_split_like = false
tie_break_vector = final=21|family=6|pointer=0|isolated=0|blob=0|scalar=3|text=3|clone=10|mirror=0|neg=0|addr=0x2E40697E34C
rank_reason = anchored fragmented split penalty fired on singleton-only split layout despite valid anchor; scalar penalty fired on float-like/scalar template; text penalty fired on little-endian ASCII/UTF16-like chunks; family size 6 raised clone penalty
positive = target value matches, f08 nonzero, f08 not float-like, f18 nonzero, f18 not float-like, f20 nonzero, f20 not float-like, f68 nonzero, f68 not float-like, f70 nonzero, f70 not float-like, f78 nonzero, f78 not float-like, f58 nonzero, f58 not float-like, front metadata present, tail reference block present
negative = none
 
